{"name":"eac70d85-7959-4d58-8ec3-37fb97a0dbc7","id":"/providers/Microsoft.Flow/flows/eac70d85-7959-4d58-8ec3-37fb97a0dbc7","type":"Microsoft.Flow/flows","properties":{"apiId":"/providers/Microsoft.PowerApps/apis/shared_logicflows","displayName":"DocUploadFromLibrary","definition":{"metadata":{"workflowEntityId":null,"processAdvisorMetadata":null,"flowclientsuspensionreason":"None","flowclientsuspensiontime":null,"creator":{"id":"a572f24c-7b8d-49dd-9f0d-33618642f786","type":"User","tenantId":"db1e96a8-a3da-442a-930b-235cac24cd5c"},"provisioningMethod":"FromDefinition","failureAlertSubscription":true,"clientLastModifiedTime":"2021-05-06T14:23:59.7178613Z"},"$schema":"https://schema.management.azure.com/providers/Microsoft.Logic/schemas/2016-06-01/workflowdefinition.json#","contentVersion":"1.0.0.0","parameters":{"$connections":{"defaultValue":{},"type":"Object"},"$authentication":{"defaultValue":{},"type":"SecureObject"}},"triggers":{"When_a_file_is_created_(properties_only)":{"recurrence":{"frequency":"Minute","interval":5},"splitOn":"@triggerOutputs()?['body/value']","type":"OpenApiConnection","inputs":{"host":{"apiId":"/providers/Microsoft.PowerApps/apis/shared_sharepointonline","connectionName":"shared_sharepointonline","operationId":"GetOnNewFileItems"},"parameters":{"dataset":"https://eu001-sp.shell.com/sites/AAFAA2124/PowerAutomate","table":"bd4ef0ad-d6eb-48c8-8c42-0aa8e0c0ac4d"},"authentication":"@parameters('$authentication')"},"conditions":[]}},"actions":{"Initialize_variable-varLink":{"runAfter":{"Condition_2":["Succeeded"]},"type":"InitializeVariable","inputs":{"variables":[{"name":"varLink","type":"string","value":"<a href=\"https://apps.powerapps.com/play/c1dde932-dcc7-4a59-b876-327b2de9a24e?tenantId=db1e96a8-a3da-442a-930b-235cac24cd5c?DocName=@{triggerOutputs()?['body/{FilenameWithExtension}']}&DocID=@{triggerOutputs()?['body/ID']}\">Click Here</a>"}]}},"Condition":{"actions":{"Send_an_email_(V2)":{"runAfter":{},"type":"OpenApiConnection","inputs":{"host":{"apiId":"/providers/Microsoft.PowerApps/apis/shared_office365","connectionName":"shared_office365","operationId":"SendEmailV2"},"parameters":{"emailMessage/To":"@triggerOutputs()?['body/Author/Email']","emailMessage/Subject":"@{outputs('Get_file_properties')?['body/{FilenameWithExtension}']}- Request Approvals","emailMessage/Body":"<p>Hi @{triggerOutputs()?['body/Author/DisplayName']},<br>\n<br>\nPlease &nbsp;@{variables('varLink')} , If you wish to send approval requests.<br>\n<br>\nPlease @{variables('varDocLink')}, If you wish to view the document.<br>\n<br>\nThanks,<br>\nShare Team.</p>"},"authentication":"@parameters('$authentication')"}}},"runAfter":{"Initialize_variable":["Succeeded"]},"expression":{"equals":["@empty(outputs('Get_items')?['body/value'])","@true"]},"type":"If"},"Initialize_variable":{"runAfter":{"Initialize_variable-varLink":["Succeeded"]},"type":"InitializeVariable","inputs":{"variables":[{"name":"varDocLink","type":"string","value":"<a href=\"@{triggerOutputs()?['body/{Link}']}\">Click Here</a>"}]}},"Condition_2":{"actions":{"Get_file_properties":{"runAfter":{},"type":"OpenApiConnection","inputs":{"host":{"apiId":"/providers/Microsoft.PowerApps/apis/shared_sharepointonline","connectionName":"shared_sharepointonline","operationId":"GetFileItem"},"parameters":{"dataset":"https://eu001-sp.shell.com/sites/AAFAA2124/PowerAutomate","table":"bd4ef0ad-d6eb-48c8-8c42-0aa8e0c0ac4d","id":"@triggerOutputs()?['body/ID']"},"authentication":"@parameters('$authentication')"}},"Get_file_metadata":{"runAfter":{"Get_file_properties":["Succeeded"]},"type":"OpenApiConnection","inputs":{"host":{"apiId":"/providers/Microsoft.PowerApps/apis/shared_sharepointonline","connectionName":"shared_sharepointonline","operationId":"GetFileMetadata"},"parameters":{"dataset":"https://eu001-sp.shell.com/sites/AAFAA2124/PowerAutomate","id":"@outputs('Get_file_properties')?['body/{Identifier}']"},"authentication":"@parameters('$authentication')"}},"Get_items":{"runAfter":{"Get_file_metadata":["Succeeded"]},"type":"OpenApiConnection","inputs":{"host":{"apiId":"/providers/Microsoft.PowerApps/apis/shared_sharepointonline","connectionName":"shared_sharepointonline","operationId":"GetItems"},"parameters":{"dataset":"https://eu001-sp.shell.com/sites/AAFAA2124/PowerAutomate","table":"6f3d5c01-32f0-402a-94a0-f9e9af30c6d1","$filter":"Title eq '@{triggerOutputs()?['body/ID']}' and IsfromPA eq 'Yes'","$top":1},"authentication":"@parameters('$authentication')"}}},"runAfter":{},"else":{"actions":{"Terminate":{"runAfter":{},"type":"Terminate","inputs":{"runStatus":"Cancelled"}}}},"expression":{"equals":["@triggerOutputs()?['body/{IsFolder}']","@false"]},"type":"If"}},"outputs":{}},"connectionReferences":{"shared_office365":{"connectionName":"558304f78a054d77a37bbd11413d09c6","source":"Embedded","id":"/providers/Microsoft.PowerApps/apis/shared_office365","tier":"NotSpecified"},"shared_sharepointonline":{"connectionName":"d4a8e8f5efc840b9b71a6e70b56b1013","source":"Embedded","id":"/providers/Microsoft.PowerApps/apis/shared_sharepointonline","tier":"NotSpecified"}},"flowFailureAlertSubscribed":false}}