{"name":"44d403ec-461a-4d2d-8b5a-dc08f6a263a8","id":"/providers/Microsoft.Flow/flows/44d403ec-461a-4d2d-8b5a-dc08f6a263a8","type":"Microsoft.Flow/flows","properties":{"apiId":"/providers/Microsoft.PowerApps/apis/shared_logicflows","displayName":"OOTB_CollectFeedback_List_CreateItemTrigger","definition":{"metadata":{"workflowEntityId":null,"processAdvisorMetadata":null,"flowclientsuspensionreason":"None","flowclientsuspensiontime":null,"creator":{"id":"cbf6b318-835e-4eaa-94a8-878a92e80997","type":"User","tenantId":"c7ba1ffa-0912-4ec7-be94-7cfcb8a19dd6"},"provisioningMethod":"FromDefinition","failureAlertSubscription":true,"clientLastModifiedTime":"2021-05-30T12:11:50.5480494Z"},"$schema":"https://schema.management.azure.com/providers/Microsoft.Logic/schemas/2016-06-01/workflowdefinition.json#","contentVersion":"1.0.0.0","parameters":{"$connections":{"defaultValue":{},"type":"Object"},"$authentication":{"defaultValue":{},"type":"SecureObject"},"sharepoint.site":{"defaultValue":"","type":"String"},"sharepoint.list":{"defaultValue":"","type":"String"}},"triggers":{"When_an_item_is_created":{"recurrence":{"frequency":"Minute","interval":1},"metadata":{"flowSystemMetadata":{"swaggerOperationId":"GetOnNewItems"}},"type":"ApiConnection","inputs":{"host":{"connection":{"name":"@parameters('$connections')['shared_sharepointonline']['connectionId']"},"api":{"runtimeUrl":"https://europe-002.azure-apim.net/apim/sharepointonline"}},"method":"get","path":"/datasets/@{encodeURIComponent(encodeURIComponent('https://ronvanderhamdevelopment.sharepoint.com/sites/TestMdsSite'))}/tables/@{encodeURIComponent(encodeURIComponent('65fbbe8e-0b70-40d8-a36e-85003175957a'))}/onnewitems","authentication":"@parameters('$authentication')"}}},"actions":{"Initialize_approval_done_variable":{"runAfter":{"Condition_check_End_flow_on_edit":["Succeeded"]},"type":"InitializeVariable","inputs":{"variables":[{"name":"approvalDone","type":"boolean","value":"@false"}]}},"Initialize_approvers_list_variable":{"runAfter":{"Initialize_approvers_temp_list_variable":["Succeeded"]},"type":"InitializeVariable","inputs":{"variables":[{"name":"approverslist","type":"array"}]}},"Initialize_approvers_temp_list_variable":{"runAfter":{"Initialize_approval_done_variable":["Succeeded"]},"type":"InitializeVariable","inputs":{"variables":[{"name":"approversListtemp","type":"string"}]}},"Condition_serial_or_parallel":{"actions":{"Create_HTML_table_2":{"runAfter":{"Do_until_2":["Succeeded"]},"type":"Table","inputs":{"from":"@variables('Mail response')","format":"HTML"}},"Compose_2":{"runAfter":{"Create_HTML_table_2":["Succeeded"]},"type":"Compose","inputs":"<style>\ntable {\n  width: 100%;\n  background-color: #FFFFFF;\n  border-collapse: collapse;\n  border-width: 2px;\n  border-color: #7EA8F8;\n  border-style: solid;\n  color: #000000;\n  text-align: left;\n}\n\ntable td, table th {\n  border-width: 2px;\n  border-color: #7EA8F8;\n  border-style: solid;\n  padding: 5px;\n}\n\ntable thead {\n  background-color: #DEDEDE;\n}\n</style>\n@{body('Create_HTML_table_2')}"},"Condition_CC_or_not":{"actions":{"Send_an_email_(V2)_11":{"runAfter":{},"metadata":{"flowSystemMetadata":{"swaggerOperationId":"SendEmailV2"}},"type":"ApiConnection","inputs":{"host":{"connection":{"name":"@parameters('$connections')['shared_office365']['connectionId']"},"api":{"runtimeUrl":"https://europe-002.azure-apim.net/apim/office365"}},"method":"post","body":{"To":"@variables('Requester mail')","Subject":"Approval Completed","Body":"<p>Your request for '@{body('Get_item')['Title']}' has been completed.<br>\n<br>\nApproval details below:<br>\n<br>\n@{outputs('Compose_2')}</p>","Cc":"@variables('cc')"},"path":"/v2/Mail","authentication":"@parameters('$authentication')"}}},"runAfter":{"Compose_2":["Succeeded"]},"else":{"actions":{"Send_an_email_(V2)_10":{"runAfter":{},"metadata":{"flowSystemMetadata":{"swaggerOperationId":"SendEmailV2"}},"type":"ApiConnection","inputs":{"host":{"connection":{"name":"@parameters('$connections')['shared_office365']['connectionId']"},"api":{"runtimeUrl":"https://europe-002.azure-apim.net/apim/office365"}},"method":"post","body":{"To":"@variables('Requester mail')","Subject":"Approval Completed","Body":"<p>Your request for '@{body('Get_item')['Title']}' has been completed.<br>\n<br>\nApproval details below:<br>\n<br>\n@{outputs('Compose_2')}</p>"},"path":"/v2/Mail","authentication":"@parameters('$authentication')"}}}},"expression":{"not":{"equals":["@variables('cc')",""]}},"type":"If"},"Do_until_2":{"actions":{"Set_respond_to_approval_link":{"runAfter":{"_Remainder_condition":["Succeeded"]},"type":"SetVariable","inputs":{"name":"approvalRespondLink","value":"@body('Create_an_approval')?['respondLink']"}},"Wait_for_an_approval":{"runAfter":{"Set_respond_to_approval_link":["Succeeded"]},"metadata":{"flowSystemMetadata":{"swaggerOperationId":"WaitForAnApproval"}},"type":"ApiConnectionWebhook","inputs":{"host":{"connection":{"name":"@parameters('$connections')['shared_approvals']['connectionId']"},"api":{"runtimeUrl":"https://europe-002.azure-apim.net/apim/approvals"}},"body":{"notificationUrl":"@{listCallbackUrl()}"},"path":"/approvals/@{encodeURIComponent(body('Create_an_approval')?['name'])}/subscriptions","authentication":"@parameters('$authentication')"}},"Get_all_responses_in_array":{"runAfter":{"_Remainder_condition_2":["Succeeded"]},"type":"Select","inputs":{"from":"@body('Wait_for_an_approval')?['responses']","select":{"Approver Name":"@item()?['responder']?['displayName']","Response":"@item()?['approverResponse']","Approver Mail":"@item()?['responder']?['email']","Comments":"@if(empty(item()?['comments']), 'No comments', item()['comments'])"}}},"Apply_to_each_12":{"foreach":"@body('Get_all_responses_in_array')","actions":{"Switch":{"runAfter":{},"cases":{"Case":{"case":"Send Feed back","actions":{"Compose_3":{"runAfter":{"Increment_variable":["Succeeded"]},"type":"Compose","inputs":{"Approver":"@{items('Apply_to_each_12')?['Approver Name']}","Comments":"@{items('Apply_to_each_12')?['Comments']}","Response":"@{items('Apply_to_each_12')?['Response']}"}},"Increment_variable":{"runAfter":{},"type":"IncrementVariable","inputs":{"name":"count","value":1}},"Append_to_array_variable_2":{"runAfter":{"Compose_3":["Succeeded"]},"type":"AppendToArrayVariable","inputs":{"name":"Mail response","value":"@outputs('Compose_3')"}}}},"Case_2":{"case":"Request for change","actions":{"Post_an_Adaptive_Card_to_a_Teams_user_and_wait_for_a_response":{"runAfter":{},"metadata":{"flowSystemMetadata":{"swaggerOperationId":"SubscribeUserFlowContinuation"}},"type":"ApiConnectionWebhook","inputs":{"host":{"connection":{"name":"@parameters('$connections')['shared_teams']['connectionId']"},"api":{"runtimeUrl":"https://europe-002.azure-apim.net/apim/teams"}},"body":{"notificationUrl":"@{listCallbackUrl()}","body":{"recipient":{"to":"@{items('Apply_to_each_12')?['Approver Mail']}"},"messageBody":"{\n    \"$schema\": \"http://adaptivecards.io/schemas/adaptive-card.json\",\n    \"type\": \"AdaptiveCard\",\n    \"version\": \"1.0\",\n    \"body\": [\n        {\n            \"type\": \"ColumnSet\",\n            \"columns\": [\n                {\n                    \"type\": \"Column\",\n                    \"width\": 2,\n                    \"items\": [\n                        {\n                            \"type\": \"TextBlock\",\n                            \"text\": \"Please fill below details for request change\",\n                            \"weight\": \"Bolder\",\n                            \"size\": \"Medium\"\n                        },\n                        {\n                            \"type\": \"TextBlock\",\n                            \"text\": \"Request Change From\",\n                            \"wrap\": true\n                        },\n                        {\n                            \"type\": \"Input.Text\",\n                            \"id\": \"changeUserMail\",\n                            \"placeholder\": \"Enter mail address\",\n                             \"style\": \"email\"  \n                        },\n                        {\n                            \"type\": \"TextBlock\",\n                            \"text\": \"New Request\",\n                            \"wrap\": true\n                        },\n                        {\n                            \"type\": \"Input.Text\",\n                            \"id\": \"New Request\",\n                            \"placeholder\": \"Enter the request\",\n                             \"isMultiline\": true\n                        },\n                       {\n                            \"type\": \"TextBlock\",\n                            \"text\": \"New Duration\",\n                            \"wrap\": true\n                        },\n                        {\n                            \"type\": \"Input.Number\",\n                            \"id\": \"New Duration\",\n                            \"placeholder\": \"Enter the Duration\"\n                        },\n                            {\n                            \"type\": \"TextBlock\",\n                            \"text\": \"Duration Units\",\n                            \"wrap\": true\n                        },\n                       {\n\t\t\t\"type\": \"Input.ChoiceSet\",\n\t\t\t\"id\": \"Duration time\",\n\t\t\t\"style\": \"compact\",\n\t\t\t\"isMultiSelect\": false,\n\t\t\t\"value\": \"1\",\n\t\t\t\"choices\": [\n\t\t\t\t{\n\t\t\t\t\t\"title\": \"Day\",\n\t\t\t\t\t\"value\": \"1\"\n\t\t\t\t}\n\t\t\t]\n\t\t       }\n                    ]\n                }\n            ]\n        }\n    ],\n    \"actions\": [\n        {\n            \"type\": \"Action.Submit\",\n            \"title\": \"Submit\"\n        }\n    ]\n}","updateMessage":"Response successfully Submitted","shouldUpdateCard":true}},"path":"/flowbot/actions/flowcontinuation/recipienttypes/user/$subscriptions","authentication":"@parameters('$authentication')"}},"Condition_3":{"actions":{"Start_and_wait_for_an_approval":{"runAfter":{},"metadata":{"flowSystemMetadata":{"swaggerOperationId":"StartAndWaitForAnApproval"}},"type":"ApiConnectionWebhook","inputs":{"host":{"connection":{"name":"@parameters('$connections')['shared_approvals']['connectionId']"},"api":{"runtimeUrl":"https://europe-002.azure-apim.net/apim/approvals"}},"body":{"notificationUrl":"@{listCallbackUrl()}","responseOptions":["Send Response"],"title":"Requested for change ","assignedTo":"@{variables('Requester mail')};","details":"Requested for changes in  by @{items('Apply_to_each_12')?['Approver Mail']}\nDue by @{addDays(utcNow(), int(body('Post_an_Adaptive_Card_to_a_Teams_user_and_wait_for_a_response')?['data']?['new Duration']), 'yyyy-MM-dd')}\n\nBelow are comments:\n@{body('Post_an_Adaptive_Card_to_a_Teams_user_and_wait_for_a_response')?['data']?['new Request']}","enableNotifications":true,"enableReassignment":true},"path":"/types/@{encodeURIComponent('CustomResponse')}/subscriptions","authentication":"@parameters('$authentication')"}},"Condition_6":{"actions":{"Select_3":{"runAfter":{},"type":"Select","inputs":{"from":"@body('Start_and_wait_for_an_approval')?['responses']","select":{"Requestor":"@item()?['responder']?['displayName']","Comments":"@if(empty(item()?['comments']), 'No comments', item()['comments'])","Response":"@item()?['approverResponse']"}}},"Apply_to_each_4":{"foreach":"@body('Select_3')","actions":{"Append_to_array_variable_4":{"runAfter":{},"type":"AppendToArrayVariable","inputs":{"name":"Mail response","value":"@items('Apply_to_each_4')"}}},"runAfter":{"Select_3":["Succeeded"]},"type":"Foreach"}},"runAfter":{"Start_and_wait_for_an_approval":["Succeeded"]},"expression":{"equals":["@body('Start_and_wait_for_an_approval')?['outcome']","Send Response"]},"type":"If"}},"runAfter":{"Post_an_Adaptive_Card_to_a_Teams_user_and_wait_for_a_response":["Succeeded"]},"else":{"actions":{"Start_and_wait_for_an_approval_4":{"runAfter":{},"metadata":{"flowSystemMetadata":{"swaggerOperationId":"StartAndWaitForAnApproval"}},"type":"ApiConnectionWebhook","inputs":{"host":{"connection":{"name":"@parameters('$connections')['shared_approvals']['connectionId']"},"api":{"runtimeUrl":"https://europe-002.azure-apim.net/apim/approvals"}},"body":{"notificationUrl":"@{listCallbackUrl()}","responseOptions":["Send Response"],"title":"Requested for change ","assignedTo":"@{body('Post_an_Adaptive_Card_to_a_Teams_user_and_wait_for_a_response')?['data']?['changeUserMail']};","details":"Requested for changes in  by @{items('Apply_to_each_12')?['Approver Mail']}\nDue by @{addDays(utcNow(), int(body('Post_an_Adaptive_Card_to_a_Teams_user_and_wait_for_a_response')?['data']?['new Duration']), 'yyyy-MM-dd')}\n\nBelow are comments:\n@{body('Post_an_Adaptive_Card_to_a_Teams_user_and_wait_for_a_response')?['data']?['new Request']}","enableNotifications":true,"enableReassignment":true},"path":"/types/@{encodeURIComponent('CustomResponse')}/subscriptions","authentication":"@parameters('$authentication')"}},"Condition_17":{"actions":{"Select_2":{"runAfter":{},"type":"Select","inputs":{"from":"@body('Start_and_wait_for_an_approval_4')?['responses']","select":{"Requestor":"@item()?['responder']?['displayName']","Comments":"@if(empty(item()?['comments']), 'No comments', item()['comments'])","Response":"@item()?['approverResponse']"}}},"Apply_to_each_3":{"foreach":"@body('Select_2')","actions":{"Append_to_array_variable_11":{"runAfter":{},"type":"AppendToArrayVariable","inputs":{"name":"Mail response","value":"@items('Apply_to_each_3')"}}},"runAfter":{"Select_2":["Succeeded"]},"type":"Foreach"}},"runAfter":{"Start_and_wait_for_an_approval_4":["Succeeded"]},"expression":{"equals":["@body('Start_and_wait_for_an_approval_4')?['outcome']","Send Response"]},"type":"If"}}},"expression":{"equals":["@body('Post_an_Adaptive_Card_to_a_Teams_user_and_wait_for_a_response')?['data']?['changeUserMail']",""]},"type":"If"},"Append_to_string_variable_3":{"runAfter":{"Condition_3":["Succeeded"]},"type":"AppendToStringVariable","inputs":{"name":"approversListtemp","value":"@{items('Apply_to_each_12')?['Approver Mail']};"}},"Append_to_array_variable_13":{"runAfter":{"Append_to_string_variable_3":["Succeeded"]},"type":"AppendToArrayVariable","inputs":{"name":"approverslist","value":"@items('Apply_to_each_12')?['Approver Mail']"}}}},"Case_3":{"case":"Reasign","actions":{"Post_an_Adaptive_Card_to_a_Teams_user_and_wait_for_a_response_4":{"runAfter":{},"metadata":{"flowSystemMetadata":{"swaggerOperationId":"SubscribeUserFlowContinuation"}},"type":"ApiConnectionWebhook","inputs":{"host":{"connection":{"name":"@parameters('$connections')['shared_teams']['connectionId']"},"api":{"runtimeUrl":"https://europe-002.azure-apim.net/apim/teams"}},"body":{"notificationUrl":"@{listCallbackUrl()}","body":{"recipient":{"to":"@{items('Apply_to_each_12')?['Approver Mail']}"},"messageBody":"{\n    \"$schema\": \"http://adaptivecards.io/schemas/adaptive-card.json\",\n    \"type\": \"AdaptiveCard\",\n    \"version\": \"1.0\",\n    \"body\": [\n        {\n            \"type\": \"ColumnSet\",\n            \"columns\": [\n                {\n                    \"type\": \"Column\",\n                    \"width\": 2,\n                    \"items\": [\n                        {\n                            \"type\": \"TextBlock\",\n                            \"text\": \"Please fill below details for Reassign\",\n                            \"weight\": \"Bolder\",\n                            \"size\": \"Medium\"\n                        },\n                        {\n                            \"type\": \"TextBlock\",\n                            \"text\": \"Reassign user Mail\",\n                            \"wrap\": true\n                        },\n                        {\n                            \"type\": \"Input.Text\",\n                            \"id\": \"changeUserMail\",\n                            \"placeholder\": \"Enter mail address\",\n                             \"style\": \"email\"  \n                        },\n                        {\n                            \"type\": \"TextBlock\",\n                            \"text\": \"New Request\",\n                            \"wrap\": true\n                        },\n                        {\n                            \"type\": \"Input.Text\",\n                            \"id\": \"New Request\",\n                            \"placeholder\": \"Enter the request\",\n                             \"isMultiline\": true\n                        },\n                       {\n                            \"type\": \"TextBlock\",\n                            \"text\": \"New Duration\",\n                            \"wrap\": true\n                        },\n                        {\n                            \"type\": \"Input.Number\",\n                            \"id\": \"New Duration\",\n                            \"placeholder\": \"Enter the Duration\"\n                        },\n                            {\n                            \"type\": \"TextBlock\",\n                            \"text\": \"Duration Units\",\n                            \"wrap\": true\n                        },\n                       {\n\t\t\t\"type\": \"Input.ChoiceSet\",\n\t\t\t\"id\": \"Duration time\",\n\t\t\t\"style\": \"compact\",\n\t\t\t\"isMultiSelect\": false,\n\t\t\t\"value\": \"1\",\n\t\t\t\"choices\": [\n\t\t\t\t{\n\t\t\t\t\t\"title\": \"Day\",\n\t\t\t\t\t\"value\": \"1\"\n\t\t\t\t}\n\t\t\t]\n\t\t       }\n                    ]\n                }\n            ]\n        }\n    ],\n    \"actions\": [\n        {\n            \"type\": \"Action.Submit\",\n            \"title\": \"Submit\"\n        }\n    ]\n}","updateMessage":"Success","shouldUpdateCard":true}},"path":"/flowbot/actions/flowcontinuation/recipienttypes/user/$subscriptions","authentication":"@parameters('$authentication')"}},"Condition_21":{"actions":{},"runAfter":{"Post_an_Adaptive_Card_to_a_Teams_user_and_wait_for_a_response_4":["Succeeded"]},"else":{"actions":{"Append_to_string_variable_4":{"runAfter":{},"type":"AppendToStringVariable","inputs":{"name":"approversListtemp","value":"@{body('Post_an_Adaptive_Card_to_a_Teams_user_and_wait_for_a_response_4')?['data']?['changeUserMail']};"}},"Append_to_array_variable_14":{"runAfter":{"Append_to_string_variable_4":["Succeeded"]},"type":"AppendToArrayVariable","inputs":{"name":"approverslist","value":"@body('Post_an_Adaptive_Card_to_a_Teams_user_and_wait_for_a_response_4')?['data']?['changeUserMail']"}}}},"expression":{"equals":["@body('Post_an_Adaptive_Card_to_a_Teams_user_and_wait_for_a_response_4')?['data']?['changeUserMail']",""]},"type":"If"}}}},"default":{"actions":{}},"expression":"@items('Apply_to_each_12')?['Response']","type":"Switch"}},"runAfter":{"Set_Approver_Array_variable_to_empty":["Succeeded"]},"type":"Foreach"},"Set_Approver_variable_to_empty":{"runAfter":{"Get_all_responses_in_array":["Succeeded"]},"type":"SetVariable","inputs":{"name":"approversListtemp","value":"@{null}"}},"Condition_16":{"actions":{"set_ApprovalDone_to_true":{"runAfter":{},"type":"SetVariable","inputs":{"name":"approvalDone","value":"@true"}}},"runAfter":{"Apply_to_each_12":["Succeeded"]},"expression":{"equals":["@length(body('Get_all_responses_in_array'))","@variables('count')"]},"type":"If"},"Set_variable_15":{"runAfter":{},"type":"SetVariable","inputs":{"name":"count","value":0}},"Create_an_approval":{"runAfter":{"Set_variable_15":["Succeeded"]},"metadata":{"flowSystemMetadata":{"swaggerOperationId":"CreateAnApproval"}},"type":"ApiConnection","inputs":{"host":{"connection":{"name":"@parameters('$connections')['shared_approvals']['connectionId']"},"api":{"runtimeUrl":"https://europe-002.azure-apim.net/apim/approvals"}},"method":"post","body":{"responseOptions":["Send Feed back","Request for change","Reasign"],"title":"Please providr feedback : '@{body('Get_item')['Title']}'","assignedTo":"@variables('approversListtemp')","details":"The item '@{body('Get_item')['Title']}' is submitted for feed back by  due by @{variables('Duedate')}.\n\nPlease review, and then approve or reject the request.","itemLink":"@body('Get_item')?['{Link}']","enableNotifications":true,"enableReassignment":true},"path":"/types/@{encodeURIComponent('CustomResponseAwaitAll')}","authentication":"@parameters('$authentication')"}},"_Remainder_condition":{"actions":{"Apply_to_each_15":{"foreach":"@variables('approverslist')","actions":{"Create_item_3":{"runAfter":{},"metadata":{"flowSystemMetadata":{"swaggerOperationId":"PostItem"}},"type":"ApiConnection","inputs":{"host":{"connection":{"name":"@parameters('$connections')['shared_sharepointonline']['connectionId']"},"api":{"runtimeUrl":"https://europe-002.azure-apim.net/apim/sharepointonline"}},"method":"post","body":{"Title":"@body('Get_item')['Title']","ItemLink":"@body('Get_item')?['{Link}']","Approver":"@{items('Apply_to_each_15')}","RequestedBy":"@variables('Requester mail')","DueDate":"@variables('Duedate')","Status":{"Value":"InProgress"},"ApprovalLink":"@body('Create_an_approval')?['respondLink']"},"path":"/datasets/@{encodeURIComponent(encodeURIComponent('https://ronvanderhamdevelopment.sharepoint.com/sites/TestGlobalMds'))}/tables/@{encodeURIComponent(encodeURIComponent('fd5ab1ca-9a45-4a93-b39f-0e6d53748165'))}/items","authentication":"@parameters('$authentication')"}},"Append_to_array_variable_12":{"runAfter":{"Create_item_3":["Succeeded"]},"type":"AppendToArrayVariable","inputs":{"name":"Task list Id","value":"@body('Create_item_3')?['ID']"}}},"runAfter":{},"type":"Foreach"}},"runAfter":{"Create_an_approval":["Succeeded"]},"expression":{"not":{"equals":["@variables('Duedate')","None"]}},"type":"If"},"_Remainder_condition_2":{"actions":{"Apply_to_each_16":{"foreach":"@variables('approverslist')","actions":{"Compose_4":{"runAfter":{},"type":"Compose","inputs":"@variables('Task list Id')[variables('Index no')]"},"Update_item_3":{"runAfter":{"Compose_4":["Succeeded"]},"metadata":{"flowSystemMetadata":{"swaggerOperationId":"PatchItem"}},"type":"ApiConnection","inputs":{"host":{"connection":{"name":"@parameters('$connections')['shared_sharepointonline']['connectionId']"},"api":{"runtimeUrl":"https://europe-002.azure-apim.net/apim/sharepointonline"}},"method":"patch","body":{"Title":"@body('Get_item')['Title']","Status":{"Value":"Completed"}},"path":"/datasets/@{encodeURIComponent(encodeURIComponent('https://ronvanderhamdevelopment.sharepoint.com/sites/TestGlobalMds'))}/tables/@{encodeURIComponent(encodeURIComponent('fd5ab1ca-9a45-4a93-b39f-0e6d53748165'))}/items/@{encodeURIComponent(outputs('Compose_4'))}","authentication":"@parameters('$authentication')"}},"Increment_variable_3":{"runAfter":{"Update_item_3":["Succeeded"]},"type":"IncrementVariable","inputs":{"name":"Index no","value":1}}},"runAfter":{},"type":"Foreach"}},"runAfter":{"Wait_for_an_approval":["Succeeded"]},"expression":{"not":{"equals":["@variables('Duedate')","None"]}},"type":"If"},"Set_Approver_Array_variable_to_empty":{"runAfter":{"Set_Approver_variable_to_empty":["Succeeded"]},"type":"SetVariable","inputs":{"name":"approverslist","value":[]}}},"runAfter":{},"expression":"@equals(variables('approvalDone'), true)","limit":{"count":60,"timeout":"PT720H"},"type":"Until"}},"runAfter":{"Condition_Due_Date":["Succeeded"]},"else":{"actions":{"Create_HTML_table":{"runAfter":{"Do_until":["Succeeded"]},"type":"Table","inputs":{"from":"@variables('Mail response')","format":"HTML"}},"Compose":{"runAfter":{"Create_HTML_table":["Succeeded"]},"type":"Compose","inputs":"<style>\ntable {\n  width: 100%;\n  background-color: #FFFFFF;\n  border-collapse: collapse;\n  border-width: 2px;\n  border-color: #7EA8F8;\n  border-style: solid;\n  color: #000000;\n  text-align: left;\n}\n\ntable td, table th {\n  border-width: 2px;\n  border-color: #7EA8F8;\n  border-style: solid;\n  padding: 5px;\n}\n\ntable thead {\n  background-color: #DEDEDE;\n}\n</style>\n@{body('Create_HTML_table')}"},"Do_until":{"actions":{"Set_approval_done_variable_2":{"runAfter":{},"type":"SetVariable","inputs":{"name":"approvalDone","value":"@false"}},"Condition_Checking_due_date":{"actions":{"Condition_27":{"actions":{"Day_condition_2":{"actions":{"Set_variable_11":{"runAfter":{},"type":"SetVariable","inputs":{"name":"Duedate","value":"@{addDays(utcNow(), variables('Duration per task'), 'yyyy-MM-dd')}"}}},"runAfter":{},"else":{"actions":{"Set_variable_12":{"runAfter":{},"type":"SetVariable","inputs":{"name":"Duedate","value":"@variables('tempdue')"}}}},"expression":{"less":["@addDays(utcNow(), variables('Duration per task'), 'yyyy-MM-dd')","@variables('tempdue')"]},"type":"If"}},"runAfter":{},"expression":{"not":{"equals":["@variables('Duration per task')",0]}},"type":"If"}},"runAfter":{"Do_until_3":["Succeeded"]},"else":{"actions":{"Condition_13":{"actions":{"Set_variable_4":{"runAfter":{},"type":"SetVariable","inputs":{"name":"Duedate","value":"@{addDays(utcNow(), variables('Duration per task'), 'yyyy-MM-dd')}"}}},"runAfter":{},"else":{"actions":{"Set_variable_3":{"runAfter":{},"type":"SetVariable","inputs":{"name":"Duedate","value":"None"}}}},"expression":{"not":{"equals":["@variables('Duration per task')",0]}},"type":"If"}}},"expression":{"not":{"equals":["@variables('tempdue')",""]}},"type":"If"},"Condition_check_last_value_of_array":{"actions":{"Set_variable_13":{"runAfter":{},"type":"SetVariable","inputs":{"name":"check","value":"@true"}}},"runAfter":{"Condition_Checking_due_date":["Succeeded"]},"expression":{"equals":["@variables('approverslist')[variables('Array index no')]","@last(variables('approverslist'))"]},"type":"If"},"Increment_variable_2":{"runAfter":{"Condition_check_last_value_of_array":["Succeeded"]},"type":"IncrementVariable","inputs":{"name":"Array index no","value":1}},"Do_until_3":{"actions":{"Create_an_approval_3":{"runAfter":{},"metadata":{"flowSystemMetadata":{"swaggerOperationId":"CreateAnApproval"}},"type":"ApiConnection","inputs":{"host":{"connection":{"name":"@parameters('$connections')['shared_approvals']['connectionId']"},"api":{"runtimeUrl":"https://europe-002.azure-apim.net/apim/approvals"}},"method":"post","body":{"responseOptions":["Send Feed back","Request for change","Reasign"],"title":"Please provdie feed back : '@{body('Get_item')['Title']}'","assignedTo":"@{variables('Assignedto')};","details":"The item '' is submitted for feedback by   due by @{variables('Duedate')}.\n\nPlease review","itemLink":"@body('Get_item')?['{Link}']","enableNotifications":true,"enableReassignment":true},"path":"/types/@{encodeURIComponent('CustomResponse')}","authentication":"@parameters('$authentication')"}},"Set_variable_9":{"runAfter":{"Condition_Remainder":["Succeeded"]},"type":"SetVariable","inputs":{"name":"approvalRespondLink","value":"@body('Create_an_approval_3')?['respondLink']"}},"Wait_for_an_approval_3":{"runAfter":{"Set_variable_9":["Succeeded"]},"metadata":{"flowSystemMetadata":{"swaggerOperationId":"WaitForAnApproval"}},"type":"ApiConnectionWebhook","inputs":{"host":{"connection":{"name":"@parameters('$connections')['shared_approvals']['connectionId']"},"api":{"runtimeUrl":"https://europe-002.azure-apim.net/apim/approvals"}},"body":{"notificationUrl":"@{listCallbackUrl()}"},"path":"/approvals/@{encodeURIComponent(body('Create_an_approval_3')?['name'])}/subscriptions","authentication":"@parameters('$authentication')"}},"Switch_outcome_results":{"runAfter":{"Condition_Remainder_2":["Succeeded"]},"cases":{"Case":{"case":"Send Feed back","actions":{"Set_variable_10":{"runAfter":{},"type":"SetVariable","inputs":{"name":"approvalDone","value":"@true"}},"Select":{"runAfter":{"Set_variable_10":["Succeeded"]},"type":"Select","inputs":{"from":"@body('Wait_for_an_approval_3')?['responses']","select":{"Approver":"@item()?['responder']?['displayName']","Comments":"@if(empty(item()?['comments']), 'No comments', item()['comments'])","Response":"@item()?['approverResponse']"}}},"Apply_to_each_5":{"foreach":"@body('Select')","actions":{"Append_to_array_variable_3":{"runAfter":{},"type":"AppendToArrayVariable","inputs":{"name":"Mail response","value":"@item()"}}},"runAfter":{"Select":["Succeeded"]},"type":"Foreach"}}},"Case_2":{"case":"Request for change","actions":{"Post_an_Adaptive_Card_to_a_Teams_user_and_wait_for_a_response_2":{"runAfter":{},"metadata":{"flowSystemMetadata":{"swaggerOperationId":"SubscribeUserFlowContinuation"}},"type":"ApiConnectionWebhook","inputs":{"host":{"connection":{"name":"@parameters('$connections')['shared_teams']['connectionId']"},"api":{"runtimeUrl":"https://europe-002.azure-apim.net/apim/teams"}},"body":{"notificationUrl":"@{listCallbackUrl()}","body":{"recipient":{"to":"@{variables('Assignedto')};"},"messageBody":"{\n    \"$schema\": \"http://adaptivecards.io/schemas/adaptive-card.json\",\n    \"type\": \"AdaptiveCard\",\n    \"version\": \"1.0\",\n    \"body\": [\n        {\n            \"type\": \"ColumnSet\",\n            \"columns\": [\n                {\n                    \"type\": \"Column\",\n                    \"width\": 2,\n                    \"items\": [\n                        {\n                            \"type\": \"TextBlock\",\n                            \"text\": \"Please fill below details for request change\",\n                            \"weight\": \"Bolder\",\n                            \"size\": \"Medium\"\n                        },\n                        {\n                            \"type\": \"TextBlock\",\n                            \"text\": \"Request Change From\",\n                            \"wrap\": true\n                        },\n                        {\n                            \"type\": \"Input.Text\",\n                            \"id\": \"changeUserMail\",\n                            \"placeholder\": \"Enter mail address\",\n                             \"style\": \"email\"  \n                        },\n                        {\n                            \"type\": \"TextBlock\",\n                            \"text\": \"New Request\",\n                            \"wrap\": true\n                        },\n                        {\n                            \"type\": \"Input.Text\",\n                            \"id\": \"New Request\",\n                            \"placeholder\": \"Enter the request\",\n                             \"isMultiline\": true\n                        },\n                       {\n                            \"type\": \"TextBlock\",\n                            \"text\": \"New Duration\",\n                            \"wrap\": true\n                        },\n                        {\n                            \"type\": \"Input.Number\",\n                            \"id\": \"New Duration\",\n                            \"placeholder\": \"Enter the Duration\"\n                        },\n                            {\n                            \"type\": \"TextBlock\",\n                            \"text\": \"Duration Units\",\n                            \"wrap\": true\n                        },\n                       {\n\t\t\t\"type\": \"Input.ChoiceSet\",\n\t\t\t\"id\": \"Duration time\",\n\t\t\t\"style\": \"compact\",\n\t\t\t\"isMultiSelect\": false,\n\t\t\t\"value\": \"1\",\n\t\t\t\"choices\": [\n\t\t\t\t{\n\t\t\t\t\t\"title\": \"Day\",\n\t\t\t\t\t\"value\": \"1\"\n\t\t\t\t}\n\t\t\t]\n\t\t       }\n                    ]\n                }\n            ]\n        }\n    ],\n    \"actions\": [\n        {\n            \"type\": \"Action.Submit\",\n            \"title\": \"Submit\"\n        }\n    ]\n}","updateMessage":"Successfully sumbitted","shouldUpdateCard":true}},"path":"/flowbot/actions/flowcontinuation/recipienttypes/user/$subscriptions","authentication":"@parameters('$authentication')"}},"Condition_9":{"actions":{"Select_4":{"runAfter":{},"type":"Select","inputs":{"from":"@body('Wait_for_an_approval_3')?['responses']","select":{"Approver":"@item()?['responder']?['displayName']","Comments":"@body('Post_an_Adaptive_Card_to_a_Teams_user_and_wait_for_a_response_2')?['data']?['new Request']","Response":"@item()?['approverResponse']","Requestor":"@variables('Requester mail')"}}},"Apply_to_each_7":{"foreach":"@body('Select_4')","actions":{"Append_to_array_variable_6":{"runAfter":{},"type":"AppendToArrayVariable","inputs":{"name":"Mail response","value":"@items('Apply_to_each_7')"}}},"runAfter":{"Select_4":["Succeeded"]},"type":"Foreach"},"Start_and_wait_for_an_approval_2":{"runAfter":{"Apply_to_each_7":["Succeeded"]},"metadata":{"flowSystemMetadata":{"swaggerOperationId":"StartAndWaitForAnApproval"}},"type":"ApiConnectionWebhook","inputs":{"host":{"connection":{"name":"@parameters('$connections')['shared_approvals']['connectionId']"},"api":{"runtimeUrl":"https://europe-002.azure-apim.net/apim/approvals"}},"body":{"notificationUrl":"@{listCallbackUrl()}","responseOptions":["Send Response"],"title":"Requested for Change ","assignedTo":"@{variables('Requester mail')};","details":"Requested for changes in  by @{variables('Assignedto')}\ndue by @{addDays(utcNow(), int(body('Post_an_Adaptive_Card_to_a_Teams_user_and_wait_for_a_response_2')?['data']?['new Duration']), 'yyyy-MM-dd')}\n\nComments:\n@{body('Post_an_Adaptive_Card_to_a_Teams_user_and_wait_for_a_response_2')?['data']?['new Request']}","enableNotifications":true,"enableReassignment":true},"path":"/types/@{encodeURIComponent('CustomResponse')}/subscriptions","authentication":"@parameters('$authentication')"}},"Condition_14":{"actions":{"Select_5":{"runAfter":{},"type":"Select","inputs":{"from":"@body('Start_and_wait_for_an_approval_2')?['responses']","select":{"Comments":"@if(empty(item()?['comments']), 'No comments', item()['comments'])","Response":"@item()?['approverResponse']","Requestor":"@item()?['responder']?['displayName']","Approver":"@body('Post_an_Adaptive_Card_to_a_Teams_user_and_wait_for_a_response_2')?['responder']?['displayName']"}}},"Apply_to_each_8":{"foreach":"@body('Select_5')","actions":{"Append_to_array_variable_7":{"runAfter":{},"type":"AppendToArrayVariable","inputs":{"name":"Mail response","value":"@items('Apply_to_each_8')"}}},"runAfter":{"Select_5":["Succeeded"]},"type":"Foreach"}},"runAfter":{"Start_and_wait_for_an_approval_2":["Succeeded"]},"expression":{"equals":["@body('Start_and_wait_for_an_approval_2')?['outcome']","Send Response"]},"type":"If"}},"runAfter":{"Post_an_Adaptive_Card_to_a_Teams_user_and_wait_for_a_response_2":["Succeeded"]},"else":{"actions":{"Select_6":{"runAfter":{},"type":"Select","inputs":{"from":"@body('Wait_for_an_approval_3')?['responses']","select":{"Approver":"@item()?['responder']?['displayName']","Comments":"@body('Post_an_Adaptive_Card_to_a_Teams_user_and_wait_for_a_response_2')?['data']?['new Request']","Response":"@item()?['approverResponse']","Requestor":"@body('Post_an_Adaptive_Card_to_a_Teams_user_and_wait_for_a_response_2')?['data']?['changeUserMail']"}}},"Apply_to_each_9":{"foreach":"@body('Select_6')","actions":{"Append_to_array_variable_8":{"runAfter":{},"type":"AppendToArrayVariable","inputs":{"name":"Mail response","value":"@items('Apply_to_each_9')"}}},"runAfter":{"Select_6":["Succeeded"]},"type":"Foreach"},"Start_and_wait_for_an_approval_3":{"runAfter":{"Apply_to_each_9":["Succeeded"]},"metadata":{"flowSystemMetadata":{"swaggerOperationId":"StartAndWaitForAnApproval"}},"type":"ApiConnectionWebhook","inputs":{"host":{"connection":{"name":"@parameters('$connections')['shared_approvals']['connectionId']"},"api":{"runtimeUrl":"https://europe-002.azure-apim.net/apim/approvals"}},"body":{"notificationUrl":"@{listCallbackUrl()}","responseOptions":["Send Response"],"title":"Requested for Change ","assignedTo":"@{body('Post_an_Adaptive_Card_to_a_Teams_user_and_wait_for_a_response_2')?['data']?['changeUserMail']};","details":"Requested for changes in  by @{variables('Assignedto')}\nDue by @{addDays(utcNow(), int(body('Post_an_Adaptive_Card_to_a_Teams_user_and_wait_for_a_response_2')?['data']?['new Duration']), 'yyyy-MM-dd')}\n\nBelow are comnents\n@{body('Post_an_Adaptive_Card_to_a_Teams_user_and_wait_for_a_response_2')?['data']?['new Request']}","enableNotifications":true,"enableReassignment":true},"path":"/types/@{encodeURIComponent('CustomResponse')}/subscriptions","authentication":"@parameters('$authentication')"}},"Condition_15":{"actions":{"Select_7":{"runAfter":{},"type":"Select","inputs":{"from":"@body('Start_and_wait_for_an_approval_3')?['responses']","select":{"Comments":"@if(empty(item()?['comments']), 'No comments', item()['comments'])","Response":"@item()?['approverResponse']","Requestor":"@item()?['responder']?['displayName']","Approver":"@body('Post_an_Adaptive_Card_to_a_Teams_user_and_wait_for_a_response_2')?['responder']?['displayName']"}}},"Apply_to_each_10":{"foreach":"@body('Select_7')","actions":{"Append_to_array_variable_9":{"runAfter":{},"type":"AppendToArrayVariable","inputs":{"name":"Mail response","value":"@items('Apply_to_each_10')"}}},"runAfter":{"Select_7":["Succeeded"]},"type":"Foreach"}},"runAfter":{"Start_and_wait_for_an_approval_3":["Succeeded"]},"expression":{"equals":["@body('Start_and_wait_for_an_approval_3')?['outcome']","Send Response"]},"type":"If"}}},"expression":{"equals":["@body('Post_an_Adaptive_Card_to_a_Teams_user_and_wait_for_a_response_2')?['data']?['changeUserMail']",""]},"type":"If"}}},"Case_3":{"case":"Reasign","actions":{"Post_an_Adaptive_Card_to_a_Teams_user_and_wait_for_a_response_3":{"runAfter":{},"metadata":{"flowSystemMetadata":{"swaggerOperationId":"SubscribeUserFlowContinuation"}},"type":"ApiConnectionWebhook","inputs":{"host":{"connection":{"name":"@parameters('$connections')['shared_teams']['connectionId']"},"api":{"runtimeUrl":"https://europe-002.azure-apim.net/apim/teams"}},"body":{"notificationUrl":"@{listCallbackUrl()}","body":{"recipient":{"to":"@{variables('Assignedto')};"},"messageBody":"{\n    \"$schema\": \"http://adaptivecards.io/schemas/adaptive-card.json\",\n    \"type\": \"AdaptiveCard\",\n    \"version\": \"1.0\",\n    \"body\": [\n        {\n            \"type\": \"ColumnSet\",\n            \"columns\": [\n                {\n                    \"type\": \"Column\",\n                    \"width\": 2,\n                    \"items\": [\n                        {\n                            \"type\": \"TextBlock\",\n                            \"text\": \"Please fill below details for reassign\",\n                            \"weight\": \"Bolder\",\n                            \"size\": \"Medium\"\n                        },\n                        {\n                            \"type\": \"TextBlock\",\n                            \"text\": \"Reassign To\",\n                            \"wrap\": true\n                        },\n                        {\n                            \"type\": \"Input.Text\",\n                            \"id\": \"changeUserMail\",\n                            \"placeholder\": \"Enter mail address\",\n                             \"style\": \"email\",\n                              \"isRequired\":true\n                        },\n                        {\n                            \"type\": \"TextBlock\",\n                            \"text\": \"New Request\",\n                            \"wrap\": true\n                        },\n                        {\n                            \"type\": \"Input.Text\",\n                            \"id\": \"New Request\",\n                            \"placeholder\": \"Enter the request\",\n                             \"isMultiline\": true\n                        },\n                       {\n                            \"type\": \"TextBlock\",\n                            \"text\": \"New Duration\",\n                            \"wrap\": true\n                        },\n                        {\n                            \"type\": \"Input.Number\",\n                            \"id\": \"New Duration\",\n                            \"placeholder\": \"Enter the Duration\"\n                        },\n                            {\n                            \"type\": \"TextBlock\",\n                            \"text\": \"Duration Units\",\n                            \"wrap\": true\n                        },\n                       {\n\t\t\t\"type\": \"Input.ChoiceSet\",\n\t\t\t\"id\": \"Duration time\",\n\t\t\t\"style\": \"compact\",\n\t\t\t\"isMultiSelect\": false,\n\t\t\t\"value\": \"1\",\n\t\t\t\"choices\": [\n\t\t\t\t{\n\t\t\t\t\t\"title\": \"Day\",\n\t\t\t\t\t\"value\": \"1\"\n\t\t\t\t}\n\t\t\t]\n\t\t       }\n                    ]\n                }\n            ]\n        }\n    ],\n    \"actions\": [\n        {\n            \"type\": \"Action.Submit\",\n            \"title\": \"Submit\"\n        }\n    ]\n}","updateMessage":"Successfully Submitted","shouldUpdateCard":true}},"path":"/flowbot/actions/flowcontinuation/recipienttypes/user/$subscriptions","authentication":"@parameters('$authentication')"}},"Select_8":{"runAfter":{"Post_an_Adaptive_Card_to_a_Teams_user_and_wait_for_a_response_3":["Succeeded"]},"type":"Select","inputs":{"from":"@body('Wait_for_an_approval_3')?['responses']","select":{"Reassigned to":"@body('Post_an_Adaptive_Card_to_a_Teams_user_and_wait_for_a_response_3')?['data']?['changeUserMail']","Response":"@item()?['approverResponse']","Requestor":"@variables('Requester mail')"}}},"Apply_to_each_11":{"foreach":"@body('Select_8')","actions":{"Append_to_array_variable_10":{"runAfter":{},"type":"AppendToArrayVariable","inputs":{"name":"Mail response","value":"@items('Apply_to_each_11')"}}},"runAfter":{"Select_8":["Succeeded"]},"type":"Foreach"},"Set_variable":{"runAfter":{"Apply_to_each_11":["Succeeded"]},"type":"SetVariable","inputs":{"name":"Assignedto","value":"@{body('Post_an_Adaptive_Card_to_a_Teams_user_and_wait_for_a_response_3')?['data']?['changeUserMail']}"}}}}},"default":{"actions":{}},"expression":"@body('Wait_for_an_approval_3')?['outcome']","type":"Switch"},"Condition_Remainder":{"actions":{"Create_item_2":{"runAfter":{},"metadata":{"flowSystemMetadata":{"swaggerOperationId":"PostItem"}},"type":"ApiConnection","inputs":{"host":{"connection":{"name":"@parameters('$connections')['shared_sharepointonline']['connectionId']"},"api":{"runtimeUrl":"https://europe-002.azure-apim.net/apim/sharepointonline"}},"method":"post","body":{"Title":"@body('Get_item')['Title']","ItemLink":"@body('Get_item')?['{Link}']","Approver":"@variables('Assignedto')","RequestedBy":"@variables('Requester mail')","DueDate":"@variables('Duedate')","Status":{"Value":"InProgress"},"ApprovalLink":"@body('Create_an_approval_3')?['respondLink']"},"path":"/datasets/@{encodeURIComponent(encodeURIComponent('https://ronvanderhamdevelopment.sharepoint.com/sites/TestGlobalMds'))}/tables/@{encodeURIComponent(encodeURIComponent('fd5ab1ca-9a45-4a93-b39f-0e6d53748165'))}/items","authentication":"@parameters('$authentication')"}}},"runAfter":{"Create_an_approval_3":["Succeeded"]},"expression":{"not":{"equals":["@variables('Duedate')","None"]}},"type":"If"},"Condition_Remainder_2":{"actions":{"Update_item":{"runAfter":{},"metadata":{"flowSystemMetadata":{"swaggerOperationId":"PatchItem"}},"type":"ApiConnection","inputs":{"host":{"connection":{"name":"@parameters('$connections')['shared_sharepointonline']['connectionId']"},"api":{"runtimeUrl":"https://europe-002.azure-apim.net/apim/sharepointonline"}},"method":"patch","body":{"Title":"@body('Get_item')['Title']","Status":{"Value":"Completed"}},"path":"/datasets/@{encodeURIComponent(encodeURIComponent('https://ronvanderhamdevelopment.sharepoint.com/sites/TestGlobalMds'))}/tables/@{encodeURIComponent(encodeURIComponent('fd5ab1ca-9a45-4a93-b39f-0e6d53748165'))}/items/@{encodeURIComponent(body('Create_item_2')?['ID'])}","authentication":"@parameters('$authentication')"}}},"runAfter":{"Wait_for_an_approval_3":["Succeeded"]},"expression":{"not":{"equals":["@variables('Duedate')","None"]}},"type":"If"}},"runAfter":{"Set_Assigned_to_variable":["Succeeded"]},"expression":"@equals(variables('approvalDone'), true)","limit":{"count":60,"timeout":"PT720H"},"type":"Until"},"Set_Assigned_to_variable":{"runAfter":{"Set_approval_done_variable_2":["Succeeded"]},"type":"SetVariable","inputs":{"name":"Assignedto","value":"@{variables('approverslist')[variables('Array index no')]}"}}},"runAfter":{},"expression":"@equals(variables('check'), true)","limit":{"count":60,"timeout":"PT720H"},"type":"Until"},"Condition_check_CC_or_not":{"actions":{"Send_an_email_(V2)_8":{"runAfter":{},"metadata":{"flowSystemMetadata":{"swaggerOperationId":"SendEmailV2"}},"type":"ApiConnection","inputs":{"host":{"connection":{"name":"@parameters('$connections')['shared_office365']['connectionId']"},"api":{"runtimeUrl":"https://europe-002.azure-apim.net/apim/office365"}},"method":"post","body":{"To":"@variables('Requester mail')","Subject":"Approval Completed","Body":"<p>Your request for '@{body('Get_item')['Title']}' has been completed.<br>\n<br>\nApproval details below:<br>\n<br>\n@{outputs('Compose')}</p>","Cc":"@variables('cc')"},"path":"/v2/Mail","authentication":"@parameters('$authentication')"}}},"runAfter":{"Compose":["Succeeded"]},"else":{"actions":{"Send_an_email_(V2)_9":{"runAfter":{},"metadata":{"flowSystemMetadata":{"swaggerOperationId":"SendEmailV2"}},"type":"ApiConnection","inputs":{"host":{"connection":{"name":"@parameters('$connections')['shared_office365']['connectionId']"},"api":{"runtimeUrl":"https://europe-002.azure-apim.net/apim/office365"}},"method":"post","body":{"To":"@variables('Requester mail')","Subject":"Approval Completed","Body":"<p>Your request for '@{body('Get_item')['Title']}' has been completed.<br>\n<br>\nApproval details below:<br>\n<br>\n@{outputs('Compose')}</p>"},"path":"/v2/Mail","authentication":"@parameters('$authentication')"}}}},"expression":{"not":{"equals":["@variables('cc')",""]}},"type":"If"}}},"expression":{"equals":["@variables('order')","All at once (Parellel)"]},"type":"If"},"Condition_Due_Date":{"actions":{"Condition_5":{"actions":{"Set_variable_6":{"runAfter":{},"type":"SetVariable","inputs":{"name":"Duedate","value":"@{addDays(utcNow(), variables('Duration per task'), 'yyyy-MM-dd')}"}}},"runAfter":{},"else":{"actions":{"Set_variable_7":{"runAfter":{},"type":"SetVariable","inputs":{"name":"Duedate","value":"None"}}}},"expression":{"not":{"equals":["@variables('Duration per task')",0]}},"type":"If"}},"runAfter":{"Initialize_count_variable_for_checking_all_response_as_send_feed_back":["Succeeded"]},"else":{"actions":{"Condition_4":{"actions":{"Day_condition":{"actions":{"Set_variable_2":{"runAfter":{},"type":"SetVariable","inputs":{"name":"Duedate","value":"@{addDays(utcNow(),variables('Duration per task'),'yyyy-MM-dd')}"}}},"runAfter":{},"else":{"actions":{"Set_variable_5":{"runAfter":{},"type":"SetVariable","inputs":{"name":"Duedate","value":"@variables('tempdue')"}}}},"expression":{"less":["@addDays(utcNow(),variables('Duration per task'),'yyyy-MM-dd')","@variables('Duedate')"]},"type":"If"}},"runAfter":{},"expression":{"not":{"equals":["@variables('Duration per task')",0]}},"type":"If"}}},"expression":{"equals":["@variables('Duedate')",""]},"type":"If"},"Initialize_approval_respond_link_variable":{"runAfter":{"Condition_Check_Assignee_is_user_or_group":["Succeeded"]},"type":"InitializeVariable","inputs":{"variables":[{"name":"approvalRespondLink","type":"string"}]}},"Initialize_Mail_response_for_serial":{"runAfter":{"Initialize_approval_respond_link_variable":["Succeeded"]},"type":"InitializeVariable","inputs":{"variables":[{"name":"Mail response","type":"array"}]}},"Initialize_Task_list_array_variable":{"runAfter":{"Initialize_Mail_response_for_serial":["Succeeded"]},"type":"InitializeVariable","inputs":{"variables":[{"name":"Task list Id","type":"array"}]}},"Initialize_variable":{"runAfter":{"Initialize_Task_list_array_variable":["Succeeded"]},"type":"InitializeVariable","inputs":{"variables":[{"name":"Index no","type":"integer","value":0}]}},"Initialize_Array_index_for_serial_in_do_until_variable_":{"runAfter":{"Initialize_variable":["Succeeded"]},"type":"InitializeVariable","inputs":{"variables":[{"name":"Array index no","type":"integer","value":0}]}},"Initialize_check_variable__for_do_until_loop_in_serial":{"runAfter":{"Initialize_Array_index_for_serial_in_do_until_variable_":["Succeeded"]},"type":"InitializeVariable","inputs":{"variables":[{"name":"check","type":"boolean","value":"@false"}]}},"Initialize_temp_due_dat_variable_":{"runAfter":{"Initialize_check_variable__for_do_until_loop_in_serial":["Succeeded"]},"type":"InitializeVariable","inputs":{"variables":[{"name":"tempdue","type":"string","value":"@variables('Duedate')"}]}},"Condition_check_End_flow_on_edit":{"actions":{"Update_item_2":{"runAfter":{},"metadata":{"flowSystemMetadata":{"swaggerOperationId":"PatchItem"}},"type":"ApiConnection","inputs":{"host":{"connection":{"name":"@parameters('$connections')['shared_sharepointonline']['connectionId']"},"api":{"runtimeUrl":"https://europe-002.azure-apim.net/apim/sharepointonline"}},"method":"patch","body":{"Title":"@body('Get_item')['Title']","Environment_x0020_ID":"@{workflow()?['tags']['environmentName']}","Flow_x0020_ID":"@{workflow()?['name']}","Instance_x0020_ID":"@{workflow()?['run']['name']}","CancelFlow":false},"path":"/datasets/@{encodeURIComponent(encodeURIComponent('https://ronvanderhamdevelopment.sharepoint.com/sites/TestMdsSite'))}/tables/@{encodeURIComponent(encodeURIComponent('65fbbe8e-0b70-40d8-a36e-85003175957a'))}/items/@{encodeURIComponent(body('Get_item')?['ID'])}","authentication":"@parameters('$authentication')"}}},"runAfter":{"Initialize_sharepoint_group_variable_if_applicable":["Succeeded"]},"expression":{"equals":["@variables('End flow on edit')","@true"]},"type":"If"},"Condition_Check_Assignee_is_user_or_group":{"actions":{"Condition_check_O365_or_SP_group":{"actions":{"Send_an_HTTP_request_to_SharePoint":{"runAfter":{},"metadata":{"flowSystemMetadata":{"swaggerOperationId":"HttpRequest"}},"type":"ApiConnection","inputs":{"host":{"connection":{"name":"@parameters('$connections')['shared_sharepointonline_1']['connectionId']"},"api":{"runtimeUrl":"https://europe-002.azure-apim.net/apim/sharepointonline"}},"method":"post","body":{"method":"GET","uri":"_api/web/sitegroups/getbyname('@{variables('sharepoint group')}')/users","headers":{"Accept":"application/json;odata=verbose"}},"path":"/datasets/@{encodeURIComponent(encodeURIComponent('https://ronvanderhamdevelopment.sharepoint.com/sites/TestMdsSite'))}/httprequest","authentication":"@parameters('$authentication')"}},"Apply_to_each_6":{"foreach":"@body('Send_an_HTTP_request_to_SharePoint')['d']['results']","actions":{"Condition_8":{"actions":{"Append_to_string_variable_2":{"runAfter":{},"type":"AppendToStringVariable","inputs":{"name":"approversListtemp","value":"@{items('Apply_to_each_6')?['Email']};"}},"Append_to_array_variable_5":{"runAfter":{"Append_to_string_variable_2":["Succeeded"]},"type":"AppendToArrayVariable","inputs":{"name":"approverslist","value":"@items('Apply_to_each_6')?['Email']"}}},"runAfter":{},"expression":{"and":[{"equals":["@items('Apply_to_each_6')?['PrincipalType']",1]},{"not":{"equals":["@items('Apply_to_each_6')?['Email']",""]}}]},"type":"If"}},"runAfter":{"Send_an_HTTP_request_to_SharePoint":["Succeeded"]},"type":"Foreach"}},"runAfter":{},"else":{"actions":{"getgroupDetails":{"runAfter":{},"metadata":{"flowSystemMetadata":{"swaggerOperationId":"getgroupDetails"}},"type":"ApiConnection","inputs":{"host":{"connection":{"name":"@parameters('$connections')['shared_testgroupmember-5f94d32d166053e5df-5f77ca1c62a90586bd']['connectionId']"},"api":{"runtimeUrl":"https://europe-002.azure-apim.net/apim/testgroupmember-5f94d32d166053e5df-5f77ca1c62a90586bd"}},"method":"get","path":"/v1.0/groups","queries":{"$filter":"mail eq '@{variables('Assignee members')}'"},"authentication":"@parameters('$authentication')"}},"Parse_JSON":{"runAfter":{"getgroupDetails":["Succeeded"]},"type":"ParseJson","inputs":{"content":"@body('getgroupDetails')","schema":{"type":"object","properties":{"@@odata.context":{"type":"string"},"value":{"type":"array","items":{"type":"object","properties":{"id":{"type":"string"},"displayName":{"type":"string"},"mail":{"type":"string"}},"required":["id","displayName","mail"]}}}}}},"Apply_to_each":{"foreach":"@body('Parse_JSON')?['value']","actions":{"getgroupmembers":{"runAfter":{},"metadata":{"flowSystemMetadata":{"swaggerOperationId":"getgroupmembers"}},"type":"ApiConnection","inputs":{"host":{"connection":{"name":"@parameters('$connections')['shared_testgroupmember-5f94d32d166053e5df-5f77ca1c62a90586bd']['connectionId']"},"api":{"runtimeUrl":"https://europe-002.azure-apim.net/apim/testgroupmember-5f94d32d166053e5df-5f77ca1c62a90586bd"}},"method":"get","path":"/v1.0/groups/@{encodeURIComponent(items('Apply_to_each')?['id'])}/members","authentication":"@parameters('$authentication')"}},"Parse_JSON_2":{"runAfter":{"getgroupmembers":["Succeeded"]},"type":"ParseJson","inputs":{"content":"@body('getgroupmembers')","schema":{"type":"object","properties":{"@@odata.context":{"type":"string"},"value":{"type":"array","items":{"type":"object","properties":{"@@odata.type":{"type":"string"},"id":{"type":"string"},"displayName":{"type":"string"},"mail":{"type":"string"}},"required":["@@odata.type","id","displayName","mail"]}}}}}},"Apply_to_each_2":{"foreach":"@body('Parse_JSON_2')?['value']","actions":{"Append_to_array_variable":{"runAfter":{},"type":"AppendToArrayVariable","inputs":{"name":"approverslist","value":"@items('Apply_to_each_2')?['mail']"}},"Append_to_string_variable":{"runAfter":{"Set_variable_18":["Succeeded"]},"type":"AppendToStringVariable","inputs":{"name":"approversListtemp","value":"@concat(concat(variables('Approver parel temp'),';'),variables('Approver parel temp1'))"}},"Set_variable_17":{"runAfter":{"Append_to_array_variable":["Succeeded"]},"type":"SetVariable","inputs":{"name":"Approver parel temp","value":"@items('Apply_to_each_2')?['mail']"}},"Set_variable_18":{"runAfter":{"Set_variable_17":["Succeeded"]},"type":"SetVariable","inputs":{"name":"Approver parel temp1","value":"@variables('approversListtemp')"}}},"runAfter":{"Parse_JSON_2":["Succeeded"]},"type":"Foreach"}},"runAfter":{"Parse_JSON":["Succeeded"]},"type":"Foreach"}}},"expression":{"not":{"equals":["@variables('sharepoint group')",""]}},"type":"If"}},"runAfter":{"Initialize_variable_4":["Succeeded"]},"else":{"actions":{"Set_variable_8":{"runAfter":{},"type":"SetVariable","inputs":{"name":"approversListtemp","value":"@variables('Assignee members')"}},"Set_variable_14":{"runAfter":{"Set_variable_8":["Succeeded"]},"type":"SetVariable","inputs":{"name":"approverslist","value":"@split(variables('approversListtemp'),';')"}}}},"expression":{"equals":["@variables('assign group')","@true"]},"type":"If"},"Initialize_variable_3":{"runAfter":{"Initialize_approvers_list_variable":["Succeeded"]},"type":"InitializeVariable","inputs":{"variables":[{"name":"Approver parel temp","type":"string"}]}},"Initialize_variable_4":{"runAfter":{"Initialize_variable_3":["Succeeded"]},"type":"InitializeVariable","inputs":{"variables":[{"name":"Approver parel temp1","type":"string"}]}},"Initialize_Requester_mail_variable_":{"runAfter":{"Get_item":["Succeeded"]},"type":"InitializeVariable","inputs":{"variables":[{"name":"Requester mail","type":"string","value":"@body('Get_item')?['Author']?['Email']"}]}},"Initialize_variable_Assignedto":{"runAfter":{"Initialize_temp_due_dat_variable_":["Succeeded"]},"type":"InitializeVariable","inputs":{"variables":[{"name":"Assignedto","type":"string"}]}},"Initialize_count_variable_for_checking_all_response_as_send_feed_back":{"runAfter":{"Initialize_variable_Assignedto":["Succeeded"]},"type":"InitializeVariable","inputs":{"variables":[{"name":"count","type":"integer","value":0}]}},"Initialize_item_id_variable":{"runAfter":{},"type":"InitializeVariable","inputs":{"variables":[{"name":"item id","type":"integer"}]}},"Apply_to_each_14":{"foreach":"@triggerBody()?['value']","actions":{"Set_variable_16":{"runAfter":{},"type":"SetVariable","inputs":{"name":"item id","value":"@items('Apply_to_each_14')?['ID']"}}},"runAfter":{"Initialize_item_id_variable":["Succeeded"]},"type":"Foreach"},"Initialize_CC_variable":{"runAfter":{"Initialize_Requester_mail_variable_":["Succeeded"]},"type":"InitializeVariable","inputs":{"variables":[{"name":"cc","type":"string"}]}},"Initialize_due_date_in_format_only_(yyyy-MM-dd)":{"runAfter":{"Initialize_CC_variable":["Succeeded"]},"type":"InitializeVariable","inputs":{"variables":[{"name":"Duedate","type":"string","value":"2021-06-01"}]}},"Initialize_Duration_per_task_variable":{"runAfter":{"Initialize_due_date_in_format_only_(yyyy-MM-dd)":["Succeeded"]},"type":"InitializeVariable","inputs":{"variables":[{"name":"Duration per task","type":"integer","value":2}]}},"Initialize_End_flow_on_edit_variable_":{"runAfter":{"Initialize_Duration_per_task_variable":["Succeeded"]},"type":"InitializeVariable","inputs":{"variables":[{"name":"End flow on edit","type":"boolean","value":"@true"}]}},"Initialize_order_variable_All_at_once_(Parellel)_or_One_at_a_time_(Serial)":{"runAfter":{"Initialize_End_flow_on_edit_variable_":["Succeeded"]},"type":"InitializeVariable","inputs":{"variables":[{"name":"order","type":"string","value":"All at once (Parellel)"}]}},"Initialize_assign_group_variable":{"runAfter":{"Initialize_order_variable_All_at_once_(Parellel)_or_One_at_a_time_(Serial)":["Succeeded"]},"type":"InitializeVariable","inputs":{"variables":[{"name":"assign group","type":"boolean","value":"@true"}]}},"Initialize_Assignee_variable_separeated_by_;_not_to_mention_;_at_last_":{"runAfter":{"Initialize_assign_group_variable":["Succeeded"]},"type":"InitializeVariable","inputs":{"variables":[{"name":"Assignee members","type":"string","value":"butters@ronvanderhamdevelopment.onmicrosoft.com;stan@ronvanderhamdevelopment.onmicrosoft.com"}]}},"Initialize_sharepoint_group_variable_if_applicable":{"runAfter":{"Initialize_Assignee_variable_separeated_by_;_not_to_mention_;_at_last_":["Succeeded"]},"type":"InitializeVariable","inputs":{"variables":[{"name":"sharepoint group","type":"string","value":"TestMdsSite Owners"}]}},"Get_item":{"runAfter":{"Apply_to_each_14":["Succeeded"]},"metadata":{"flowSystemMetadata":{"swaggerOperationId":"GetItem"}},"type":"ApiConnection","inputs":{"host":{"connection":{"name":"@parameters('$connections')['shared_sharepointonline']['connectionId']"},"api":{"runtimeUrl":"https://europe-002.azure-apim.net/apim/sharepointonline"}},"method":"get","path":"/datasets/@{encodeURIComponent(encodeURIComponent('https://ronvanderhamdevelopment.sharepoint.com/sites/TestMdsSite'))}/tables/@{encodeURIComponent(encodeURIComponent('65fbbe8e-0b70-40d8-a36e-85003175957a'))}/items/@{encodeURIComponent(variables('item id'))}","authentication":"@parameters('$authentication')"}}},"description":"Request approval (first to respond) for a selected item in a SharePoint list, along with approval reminder options."},"connectionReferences":{"shared_office365":{"connectionName":"shared-office365-1291e008-6065-4415-b008-7225-cf47f4d8","source":"Embedded","id":"/providers/Microsoft.PowerApps/apis/shared_office365","tier":"NotSpecified"},"shared_approvals":{"connectionName":"shared-approvals-612f7c58-6327-4e75-96d3-7be6-bb71214e","source":"Embedded","id":"/providers/Microsoft.PowerApps/apis/shared_approvals","tier":"NotSpecified"},"shared_teams":{"connectionName":"shared-teams-f50835bc-9100-4dcf-88b8-2c8b6f8f6ce0","source":"Embedded","id":"/providers/Microsoft.PowerApps/apis/shared_teams","tier":"NotSpecified"},"shared_sharepointonline":{"connectionName":"07d288303cee4e01a7c71fc5c78b6d27","source":"Embedded","id":"/providers/Microsoft.PowerApps/apis/shared_sharepointonline","tier":"NotSpecified"},"shared_sharepointonline_1":{"connectionName":"152e4079f7864a4fba3e14407c73fed1","source":"Embedded","id":"/providers/Microsoft.PowerApps/apis/shared_sharepointonline","tier":"NotSpecified"},"shared_testgroupmember-5f94d32d166053e5df-5f77ca1c62a90586bd":{"connectionName":"59819199-6dd8-448e-a77e-3f44-7b219e77","source":"Embedded","id":"/providers/Microsoft.PowerApps/apis/shared_testgroupmember-5f94d32d166053e5df-5f77ca1c62a90586bd","tier":"NotSpecified"}},"flowFailureAlertSubscribed":false}}