{"name":"8c07b923-16f2-4328-b7ae-8587305ac00d","id":"/providers/Microsoft.Flow/flows/8c07b923-16f2-4328-b7ae-8587305ac00d","type":"Microsoft.Flow/flows","properties":{"apiId":"/providers/Microsoft.PowerApps/apis/shared_logicflows","displayName":"Document Upload Flow","definition":{"metadata":{"workflowEntityId":null,"processAdvisorMetadata":null,"flowclientsuspensionreason":"None","flowclientsuspensiontime":null,"creator":{"id":"a572f24c-7b8d-49dd-9f0d-33618642f786","type":"User","tenantId":"db1e96a8-a3da-442a-930b-235cac24cd5c"},"provisioningMethod":"FromDefinition","failureAlertSubscription":true,"clientLastModifiedTime":"2021-05-05T07:11:34.9981342Z"},"$schema":"https://schema.management.azure.com/providers/Microsoft.Logic/schemas/2016-06-01/workflowdefinition.json#","contentVersion":"1.0.0.0","parameters":{"$connections":{"defaultValue":{},"type":"Object"},"$authentication":{"defaultValue":{},"type":"SecureObject"}},"triggers":{"manual":{"type":"Request","kind":"PowerApp","inputs":{"schema":{"type":"object","properties":{"Initializevariable_Value":{"type":"any"}},"required":["Initializevariable_Value"]}}}},"actions":{"Initialize_variable-varUploadFiles":{"runAfter":{},"type":"InitializeVariable","inputs":{"variables":[{"name":"varUploadFiles","type":"string","value":"@{triggerBody()['Initializevariable_Value']}"}]}},"Compose-Json":{"runAfter":{"Initialize_variable-varUploadFiles":["Succeeded"]},"type":"Compose","inputs":"@json(variables('varUploadFiles'))"},"Parse_JSON":{"runAfter":{"Compose-Json":["Succeeded"]},"type":"ParseJson","inputs":{"content":"@outputs('Compose-Json')","schema":{"type":"object","properties":{"DataStream":{"type":"string"},"Title":{"type":"string"}}}}},"Create_file":{"runAfter":{"Parse_JSON":["Succeeded"]},"type":"OpenApiConnection","inputs":{"host":{"apiId":"/providers/Microsoft.PowerApps/apis/shared_sharepointonline","connectionName":"shared_sharepointonline","operationId":"CreateFile"},"parameters":{"dataset":"https://eu001-sp.shell.com/sites/AAFAA2124/PowerAutomate","folderPath":"/VZ","name":"@body('Parse_JSON')?['Title']","body":"@dataUriToBinary(body('Parse_JSON')?['DataStream'])"},"authentication":{"value":"@json(decodeBase64(triggerOutputs().headers['X-MS-APIM-Tokens']))['$ConnectionKey']","type":"Raw"}},"runtimeConfiguration":{"contentTransfer":{"transferMode":"Chunked"}}},"Respond_to_a_PowerApp_or_flow":{"runAfter":{"Get_file_properties":["Succeeded"]},"type":"Response","kind":"PowerApp","inputs":{"statusCode":200,"body":{"docurl":"@outputs('Get_file_properties')?['body/{Link}']","docid":"@{outputs('Get_file_properties')?['body/ID']}","etag":"@outputs('Create_file')?['body/ETag']"},"schema":{"type":"object","properties":{"docurl":{"title":"docUrl","x-ms-dynamically-added":true,"type":"string"},"docid":{"title":"docID","x-ms-dynamically-added":true,"type":"string"},"etag":{"title":"Etag","x-ms-dynamically-added":true,"type":"string"}}}}},"Get_file_properties":{"runAfter":{"Create_file":["Succeeded"]},"type":"OpenApiConnection","inputs":{"host":{"apiId":"/providers/Microsoft.PowerApps/apis/shared_sharepointonline","connectionName":"shared_sharepointonline","operationId":"GetFileItem"},"parameters":{"dataset":"https://eu001-sp.shell.com/sites/AAFAA2124/PowerAutomate","table":"bd4ef0ad-d6eb-48c8-8c42-0aa8e0c0ac4d","id":"@outputs('Create_file')?['body/ItemId']"},"authentication":{"value":"@json(decodeBase64(triggerOutputs().headers['X-MS-APIM-Tokens']))['$ConnectionKey']","type":"Raw"}}}}},"connectionReferences":{"shared_sharepointonline":{"connectionName":"d4a8e8f5efc840b9b71a6e70b56b1013","source":"Invoker","id":"/providers/Microsoft.PowerApps/apis/shared_sharepointonline","tier":"NotSpecified"}},"flowFailureAlertSubscribed":false}}