{"name":"90d18588-18a7-4a43-8288-f5a6fc177106","id":"/providers/Microsoft.Flow/flows/90d18588-18a7-4a43-8288-f5a6fc177106","type":"Microsoft.Flow/flows","properties":{"apiId":"/providers/Microsoft.PowerApps/apis/shared_logicflows","displayName":"Submit Flow","definition":{"metadata":{"workflowEntityId":null,"processAdvisorMetadata":null,"flowclientsuspensionreason":"None","flowclientsuspensiontime":null,"creator":{"id":"96a99893-c1e8-4e6c-9802-ea754b7d4c93","type":"User","tenantId":"db1e96a8-a3da-442a-930b-235cac24cd5c"},"provisioningMethod":"FromDefinition","failureAlertSubscription":true,"clientLastModifiedTime":"2021-10-13T13:08:45.9931473Z"},"$schema":"https://schema.management.azure.com/providers/Microsoft.Logic/schemas/2016-06-01/workflowdefinition.json#","contentVersion":"1.0.0.0","parameters":{"$connections":{"defaultValue":{},"type":"Object"},"$authentication":{"defaultValue":{},"type":"SecureObject"}},"triggers":{"When_an_item_is_created_or_modified":{"recurrence":{"frequency":"Minute","interval":5},"splitOn":"@triggerOutputs()?['body/value']","type":"OpenApiConnection","inputs":{"host":{"apiId":"/providers/Microsoft.PowerApps/apis/shared_sharepointonline","connectionName":"shared_sharepointonline","operationId":"GetOnUpdatedItems"},"parameters":{"dataset":"https://eu023-sp.shell.com/sites/SPOAA1436","table":"2cbe6f86-a81f-4451-937a-645c060342dd"},"authentication":"@parameters('$authentication')"},"conditions":[{"expression":"@and(equals(triggerBody()?['FormStatus'],'Draft'),equals(triggerBody()?['valueupdated'],'yes'))"}]}},"actions":{"try_Scope":{"actions":{"Condition":{"actions":{"Get_user_profile_(V2)":{"runAfter":{},"type":"OpenApiConnection","inputs":{"host":{"apiId":"/providers/Microsoft.PowerApps/apis/shared_office365users","connectionName":"shared_office365users","operationId":"UserProfile_V2"},"parameters":{"id":"@triggerOutputs()?['body/EmailId']"},"authentication":"@parameters('$authentication')"}},"Send_an_email_(V2)":{"runAfter":{"Get_user_profile_(V2)":["Succeeded"]},"type":"OpenApiConnection","inputs":{"host":{"apiId":"/providers/Microsoft.PowerApps/apis/shared_office365","connectionName":"shared_office365","operationId":"SendEmailV2"},"parameters":{"emailMessage/To":"@outputs('Get_user_profile_(V2)')?['body/mail']","emailMessage/Subject":"Site Access Draft Request - @{triggerOutputs()?['body/ID']}","emailMessage/Body":"<p>Hello @{outputs('Get_user_profile_(V2)')?['body/displayName']},<br>\n<br>\nBelow is a copy of your draft site access request form<br>\nPick up where you left off by clicking <a href=\"https://eu023-sp.shell.com/sites/SPOAA1436/SitePages/New-Request.aspx?MyID=@{triggerOutputs()?['body/ID']}\">here</a><br>\n<br>\nNote that this saved form will expire within 30 days and will be automatically deleted.<br>\n<br>\nThanks,<br>\nSite Access Team</p>"},"authentication":"@parameters('$authentication')"}},"Send_an_HTTP_request_to_SharePoint":{"runAfter":{"Send_an_email_(V2)":["Succeeded"]},"type":"OpenApiConnection","inputs":{"host":{"apiId":"/providers/Microsoft.PowerApps/apis/shared_sharepointonline","connectionName":"shared_sharepointonline","operationId":"HttpRequest"},"parameters":{"dataset":"https://eu023-sp.shell.com/sites/SPOAA1436","parameters/method":"POST","parameters/uri":"_vti_bin/client.svc/ProcessQuery","parameters/headers":{"Content-Type":"text/xml;charset=\"UTF-8\"","X-Requested-With":"XMLHTTPRequest","Accept":"*/*"},"parameters/body":"<Request xmlns=\"http://schemas.microsoft.com/sharepoint/clientquery/2009\" SchemaVersion=\"15.0.0.0\" LibraryVersion=\"16.0.0.0\" ApplicationName=\"Javascript Library\">\n    <Actions>\n          <Method Name=\"SetFieldValue\" Id=\"6\" ObjectPathId=\"3\">\n            <Parameters>\n                <Parameter Type=\"String\">valueupdated</Parameter>\n                <Parameter Type=\"String\">no</Parameter>\n            </Parameters>\n        </Method>\n        <Method Name=\"SystemUpdate\" Id=\"5\" ObjectPathId=\"3\" />\n    </Actions>\n    <ObjectPaths>\n        <Property Id=\"1\" ParentId=\"0\" Name=\"Web\" />\n        <Method Id=\"2\" ParentId=\"1\" Name=\"GetList\">\n            <Parameters>\n                <Parameter Type=\"String\">/sites/SPOAA1436/Site Access Request Form</Parameter>\n            </Parameters>\n        </Method>\n        <Method Id=\"3\" ParentId=\"2\" Name=\"GetItemById\">\n            <Parameters>\n                <Parameter Type=\"Number\">@{triggerOutputs()?['body/ID']}</Parameter>\n            </Parameters>\n        </Method>\n        <StaticProperty Id=\"0\" TypeId=\"{3747adcd-a3c3-41b9-bfab-4a64dd2f1e0a}\" Name=\"Current\" />\n    </ObjectPaths>\n</Request>"},"authentication":"@parameters('$authentication')"}}},"runAfter":{},"expression":{"and":[{"equals":["@triggerOutputs()?['body/EmployeeContractororonbehalfoffa']","Requestor"]},{"not":{"equals":["@triggerOutputs()?['body/CovidClick']","Yes"]}}]},"type":"If"}},"runAfter":{"Initialize_error_variable":["Succeeded"]},"type":"Scope"},"Initialize_error_variable":{"runAfter":{},"type":"InitializeVariable","inputs":{"variables":[{"name":"Error","type":"boolean","value":"@false"}]}},"Catch_Scope":{"actions":{"Set_variable":{"runAfter":{},"type":"SetVariable","inputs":{"name":"Error","value":"@true"}}},"runAfter":{"try_Scope":["Failed","Skipped","TimedOut"]},"type":"Scope"},"Finally_Scope":{"actions":{"Condition_2":{"actions":{"Send_an_email_(V2)_to_Admin":{"runAfter":{},"type":"OpenApiConnection","inputs":{"host":{"apiId":"/providers/Microsoft.PowerApps/apis/shared_office365","connectionName":"shared_office365","operationId":"SendEmailV2"},"parameters":{"emailMessage/To":"D.Mariappan@shell.com","emailMessage/Subject":"Error in Flow","emailMessage/Body":"<p>Item @{triggerOutputs()?['body/ID']} submitted is error</p>"},"authentication":"@parameters('$authentication')"}}},"runAfter":{},"expression":{"equals":["@variables('Error')","@true"]},"type":"If"}},"runAfter":{"Catch_Scope":["Succeeded","Skipped","Failed","TimedOut"]},"type":"Scope"}}},"connectionReferences":{"shared_office365users":{"connectionName":"shared-office365user-933bff19-c44a-4dce-87f8-13f3-3e1b151f","source":"Embedded","id":"/providers/Microsoft.PowerApps/apis/shared_office365users","tier":"NotSpecified"},"shared_office365":{"connectionName":"shared-office365-92a25451-60e4-41bd-bbbe-31b2-b9e9a0d3","source":"Embedded","id":"/providers/Microsoft.PowerApps/apis/shared_office365","tier":"NotSpecified"},"shared_sharepointonline":{"connectionName":"shared-sharepointonl-0a693f0a-e486-498e-9fc8-a2b4-bc23bce4","source":"Embedded","id":"/providers/Microsoft.PowerApps/apis/shared_sharepointonline","tier":"NotSpecified"}},"flowFailureAlertSubscribed":false}}