{"name":"a8ef935d-aa45-4b35-9d75-9a00809f3ab4","id":"/providers/Microsoft.Flow/flows/a8ef935d-aa45-4b35-9d75-9a00809f3ab4","type":"Microsoft.Flow/flows","properties":{"apiId":"/providers/Microsoft.PowerApps/apis/shared_logicflows","displayName":"OOTB Collect Signature WF File Modification MS","definition":{"metadata":{"workflowEntityId":null,"processAdvisorMetadata":null,"flowclientsuspensionreason":"None","flowclientsuspensiontime":null,"creator":{"id":"ef6141d8-c383-44f3-8423-48319afca82c","type":"User","tenantId":"db1e96a8-a3da-442a-930b-235cac24cd5c"},"provisioningMethod":"FromDefinition","failureAlertSubscription":true,"clientLastModifiedTime":"2021-06-11T11:07:08.6718677Z"},"$schema":"https://schema.management.azure.com/providers/Microsoft.Logic/schemas/2016-06-01/workflowdefinition.json#","contentVersion":"1.0.0.0","parameters":{"$connections":{"defaultValue":{},"type":"Object"},"$authentication":{"defaultValue":{},"type":"SecureObject"}},"triggers":{"When_an_item_or_a_file_is_modified":{"recurrence":{"frequency":"Minute","interval":5},"splitOn":"@triggerOutputs()?['body/value']","type":"OpenApiConnection","inputs":{"host":{"apiId":"/providers/Microsoft.PowerApps/apis/shared_sharepointonline","connectionName":"shared_sharepointonline","operationId":"GetOnChangedItems"},"parameters":{"dataset":"https://eu023-sp.shell.com/sites/SPOAA0990","table":"da5d36ce-fdea-44df-b2c3-44c8ffc7044f"},"authentication":"@parameters('$authentication')"}}},"actions":{"Initialize_variable_to_Check_":{"runAfter":{"Initialize_variable_for_CC_User":["Succeeded"]},"type":"InitializeVariable","inputs":{"variables":[{"name":"Check","type":"boolean","value":"@false"}]},"description":"To initialize to Check"},"Initialize_variable_for_Index":{"runAfter":{"Initialize_variable_to_Check_":["Succeeded"]},"type":"InitializeVariable","inputs":{"variables":[{"name":"Index","type":"integer","value":0}]},"description":"To initialize for Index"},"Initialize_variable_for_Temporary_Approver":{"runAfter":{"Initialize_variable_for_Index":["Succeeded"]},"type":"InitializeVariable","inputs":{"variables":[{"name":"TempApprover","type":"string"}]},"description":"To initialize for Temporary Approver"},"Initialize_variable_for_Approver_Done_Status":{"runAfter":{"Initialize_variable_for_Temporary_Approver":["Succeeded"]},"type":"InitializeVariable","inputs":{"variables":[{"name":"ApproverDone","type":"boolean","value":"@false"}]},"description":"To initialize for Approver Done Status"},"Initialize_variable_for_Mail_Response":{"runAfter":{"Initialize_variable_for_Approver_Done_Status":["Succeeded"]},"type":"InitializeVariable","inputs":{"variables":[{"name":"MailResponse","type":"array"}]},"description":"To initialize for Mail Response"},"Initialize_variable_for_Count":{"runAfter":{"Initialize_variable_for_Mail_Response":["Succeeded"]},"type":"InitializeVariable","inputs":{"variables":[{"name":"Count","type":"integer","value":0}]},"description":"To initialize for Count"},"Condition_to_check_the_File_Extension":{"actions":{"Compose":{"runAfter":{"Create_HTML_table":["Succeeded"]},"type":"Compose","inputs":"<style>\ntable {\n  width: 100%;\n  background-color: #FFFFFF;\n  border-collapse: collapse;\n  border-width: 2px;\n  border-color: #7EA8F8;\n  border-style: solid;\n  color: #000000;\n  text-align: left;\n}\ntable td, table th {\n  border-width: 2px;\n  border-color: #7EA8F8;\n  border-style: solid;\n  padding: 5px;\n}\ntable thead {\n  background-color: #DEDEDE;\n}\n</style>\n@{body('Create_HTML_table')}","description":"To Compose the output of Create HTML "},"Create_HTML_table":{"runAfter":{"Do_until":["Succeeded"]},"type":"Table","inputs":{"from":"@variables('MailResponse')","format":"HTML"},"description":"To create HTML table from the Mail Response"},"Condition_to_check_CC_User_in_Serial":{"actions":{"Send_an_email_for_Serial_with_CC_User":{"runAfter":{},"type":"OpenApiConnection","inputs":{"host":{"apiId":"/providers/Microsoft.PowerApps/apis/shared_office365","connectionName":"shared_office365","operationId":"SendEmailV2"},"parameters":{"emailMessage/To":"@triggerOutputs()?['body/Editor/Email']","emailMessage/Subject":"Sign has been Completed","emailMessage/Body":"<p>Your assigned task has been Signed.<br>\n<br>\n@{outputs('Compose')}</p>","emailMessage/Cc":"@variables('CC User')"},"authentication":"@parameters('$authentication')"},"description":"To send email with CC User"}},"runAfter":{"Compose":["Succeeded"]},"else":{"actions":{"Send_an_email_for_Serial_without_CC_User":{"runAfter":{},"type":"OpenApiConnection","inputs":{"host":{"apiId":"/providers/Microsoft.PowerApps/apis/shared_office365","connectionName":"shared_office365","operationId":"SendEmailV2"},"parameters":{"emailMessage/To":"@triggerOutputs()?['body/Editor/Email']","emailMessage/Subject":"Sign has been Completed","emailMessage/Body":"<p>Your assigned task has been Signed.<br>\n<br>\n@{outputs('Compose')}</p>"},"authentication":"@parameters('$authentication')"},"description":"To send email without CC User"}}},"expression":{"not":{"equals":["@variables('CC User')",""]}},"type":"If","description":"To check the CC User"},"Condition_to_check_CC_User_in_Serial_":{"actions":{"Send_an_email_for_Serial_with_CC_User_2":{"runAfter":{},"type":"OpenApiConnection","inputs":{"host":{"apiId":"/providers/Microsoft.PowerApps/apis/shared_office365","connectionName":"shared_office365","operationId":"SendEmailV2"},"parameters":{"emailMessage/To":"@triggerOutputs()?['body/Editor/Email']","emailMessage/Subject":"Sign has been Initiated","emailMessage/Body":"<p>Your request for '@{triggerOutputs()?['body/{Name}']}' has been Started.<br>\n<br>\nItem Link : <a href='@{triggerOutputs()?['body/{Link}']}'>here</a><br>\n</p>","emailMessage/Cc":"@variables('CC User')"},"authentication":"@parameters('$authentication')"},"description":"To send email with CC User"}},"runAfter":{},"else":{"actions":{"Send_an_email_for_Serial_without_CC_User_2":{"runAfter":{},"type":"OpenApiConnection","inputs":{"host":{"apiId":"/providers/Microsoft.PowerApps/apis/shared_office365","connectionName":"shared_office365","operationId":"SendEmailV2"},"parameters":{"emailMessage/To":"@triggerOutputs()?['body/Editor/Email']","emailMessage/Subject":"Sign has been Initiated","emailMessage/Body":"<p>Your request for '@{triggerOutputs()?['body/{Name}']}' has been Started.<br>\n<br>\nItem Link : <a href='@{triggerOutputs()?['body/{Link}']}'>here</a><br>\n</p>"},"authentication":"@parameters('$authentication')"},"description":"To send email without CC User"}}},"expression":{"not":{"equals":["@variables('CC User')",""]}},"type":"If","description":"To check the CC User"},"Do_until":{"actions":{"Set_variable":{"runAfter":{},"type":"SetVariable","inputs":{"name":"Approvers","value":"@{variables('Array of stage')[variables('Stage Index no')]?['Assignee members']}"}},"Condition_is_to_check_whether_Serial_or_Parallel_2":{"actions":{"Do_until_for_Serial_Order_2":{"actions":{"Do_until_3":{"actions":{"Condition_4":{"actions":{"Set_variable_10":{"runAfter":{},"type":"SetVariable","inputs":{"name":"ApproverDone","value":"@true"},"description":"To set the \"ApproverDone\" variable to true"},"Select_5":{"runAfter":{"Set_variable_10":["Succeeded"]},"type":"Select","inputs":{"from":"@outputs('Start_and_wait_for_an_approval_for_Serial_2')?['body/responses']","select":{"Approver":"@item()?['responder']?['displayName']","Response":"@item()?['approverResponse']"}},"description":"To set the \"Responses\""},"Apply_to_each_8":{"foreach":"@body('Select_5')","actions":{"Append_to_array_variable_5":{"runAfter":{},"type":"AppendToArrayVariable","inputs":{"name":"MailResponse","value":"@items('Apply_to_each_8')"},"description":"To append \"MailResponse\" variable "}},"runAfter":{"Select_5":["Succeeded"]},"type":"Foreach","description":"To get the output from above \"Select\" step"}},"runAfter":{"Start_and_wait_for_an_approval_for_Serial_2":["Succeeded"]},"else":{"actions":{"Post_an_Adaptive_Card_to_a_Teams_user_and_wait_for_a_response_4":{"runAfter":{},"type":"OpenApiConnectionWebhook","inputs":{"host":{"apiId":"/providers/Microsoft.PowerApps/apis/shared_teams","connectionName":"shared_teams","operationId":"SubscribeUserFlowContinuation"},"parameters":{"UserFlowContinuationSubscriptionRequest/body/recipient/to":"@{variables('TempApprover')};","UserFlowContinuationSubscriptionRequest/body/messageBody":"{\n    \"$schema\": \"http://adaptivecards.io/schemas/adaptive-card.json\",\n    \"type\": \"AdaptiveCard\",\n    \"version\": \"1.0\",\n    \"body\": [\n        {\n            \"type\": \"ColumnSet\",\n            \"columns\": [\n                {\n                    \"type\": \"Column\",\n                    \"width\": 2,\n                    \"items\": [\n                        {\n                            \"type\": \"TextBlock\",\n                            \"text\": \"Please fill below details for Reassign\",\n                            \"weight\": \"Bolder\",\n                            \"size\": \"Medium\"\n                        },\n                        {\n                            \"type\": \"TextBlock\",\n                            \"text\": \"Reassign user Mail\",\n                            \"wrap\": true\n                        },\n                        {\n                            \"type\": \"Input.Text\",\n                            \"id\": \"changeUserMail\",\n                            \"placeholder\": \"Enter mail address\",\n                             \"style\": \"email\"\n                        },\n                        {\n                            \"type\": \"TextBlock\",\n                            \"text\": \"New Request\",\n                            \"wrap\": true\n                        },\n                        {\n                            \"type\": \"Input.Text\",\n                            \"id\": \"New Request\",\n                            \"placeholder\": \"Enter the request\",\n                             \"isMultiline\": true\n                        },\n                       {\n                            \"type\": \"TextBlock\",\n                            \"text\": \"New Duration\",\n                            \"wrap\": true\n                        },\n                        {\n                            \"type\": \"Input.Number\",\n                            \"id\": \"New Duration\",\n                            \"placeholder\": \"Enter the Duration\"\n                        },\n                            {\n                            \"type\": \"TextBlock\",\n                            \"text\": \"Duration Units\",\n                            \"wrap\": true\n                        },\n                       {\n            \"type\": \"Input.ChoiceSet\",\n            \"id\": \"Duration time\",\n            \"style\": \"compact\",\n            \"isMultiSelect\": false,\n            \"value\": \"1\",\n            \"choices\": [\n                {\n                    \"title\": \"Day\",\n                    \"value\": \"1\"\n                }\n            ]\n               }\n                    ]\n                }\n            ]\n        }\n    ],\n    \"actions\": [\n        {\n            \"type\": \"Action.Submit\",\n            \"title\": \"Submit\"\n        }\n    ]\n}","UserFlowContinuationSubscriptionRequest/body/updateMessage":"Success","UserFlowContinuationSubscriptionRequest/body/shouldUpdateCard":true},"authentication":"@parameters('$authentication')"},"description":"To send an Adaptive Card in Teams"},"Set_variable_11":{"runAfter":{"Post_an_Adaptive_Card_to_a_Teams_user_and_wait_for_a_response_4":["Succeeded"]},"type":"SetVariable","inputs":{"name":"TempApprover","value":"@outputs('Post_an_Adaptive_Card_to_a_Teams_user_and_wait_for_a_response_4')?['body/data/changeUserMail']"},"description":"To set the \"TempApprover\" variable to changeUserMail"},"Select_6":{"runAfter":{"Set_variable_11":["Succeeded"]},"type":"Select","inputs":{"from":"@outputs('Start_and_wait_for_an_approval_for_Serial_2')?['body/responses']","select":{"Approver":"@item()?['responder']?['displayName']","Response":"@item()?['approverResponse']"}},"description":"To set the \"Responses\""},"Apply_to_each_9":{"foreach":"@body('Select_6')","actions":{"Append_to_array_variable_6":{"runAfter":{},"type":"AppendToArrayVariable","inputs":{"name":"MailResponse","value":"@items('Apply_to_each_9')"},"description":"To append the \"MailResponse\" variable"}},"runAfter":{"Select_6":["Succeeded"]},"type":"Foreach","description":"To get the output from above \"Select\" step"}}},"expression":{"equals":["@outputs('Start_and_wait_for_an_approval_for_Serial_2')?['body/outcome']","Sign"]},"type":"If","description":"To check whether \"Sign\" or \"Reassign a Task\""},"Start_and_wait_for_an_approval_for_Serial_2":{"runAfter":{},"type":"OpenApiConnectionWebhook","inputs":{"host":{"apiId":"/providers/Microsoft.PowerApps/apis/shared_approvals","connectionName":"shared_approvals","operationId":"StartAndWaitForAnApproval"},"parameters":{"approvalType":"CustomResponse","WebhookApprovalCreationInput/responseOptions":["Sign","Reassign a Task"],"WebhookApprovalCreationInput/title":"@triggerOutputs()?['body/{Name}']","WebhookApprovalCreationInput/assignedTo":"@variables('TempApprover')","WebhookApprovalCreationInput/enableNotifications":true,"WebhookApprovalCreationInput/enableReassignment":true},"authentication":"@parameters('$authentication')"},"description":"To start and wait for an approval for Serial"}},"runAfter":{"Set_variable_to_Temporary_Approver_2":["Succeeded"]},"expression":"@equals(variables('ApproverDone'), true)","limit":{"count":60,"timeout":"PT720H"},"type":"Until","description":"To check \"ApproverDone\" variable to true"},"Set_variable_to_Approver_Done_Status_2":{"runAfter":{},"type":"SetVariable","inputs":{"name":"ApproverDone","value":"@false"},"description":"To set \"ApproverDone\" variable to false"},"Set_variable_to_Temporary_Approver_2":{"runAfter":{"Set_variable_to_Approver_Done_Status_2":["Succeeded"]},"type":"SetVariable","inputs":{"name":"TempApprover","value":"@{variables('ApproversArray')[variables('Index')]}"},"description":"To set \"Temporary Approver\" variable Index"},"Condition_to_check_Last_Index_2":{"actions":{"Set_variable_to_Check_2":{"runAfter":{},"type":"SetVariable","inputs":{"name":"Check","value":"@true"}}},"runAfter":{"Do_until_3":["Succeeded"]},"expression":{"equals":["@variables('ApproversArray')[variables('Index')]","@last(variables('ApproversArray'))"]},"type":"If","description":"To check the Last Index of the variable \"ApproverArray\""},"Increment_variable_of_Index_by":{"runAfter":{"Condition_to_check_Last_Index_2":["Succeeded"]},"type":"IncrementVariable","inputs":{"name":"Index","value":1},"description":"To increment the index value by 1"}},"runAfter":{},"expression":"@equals(variables('Check'), true)","limit":{"count":60,"timeout":"PT720H"},"type":"Until","description":"To check \"Check\" variable to true"}},"runAfter":{"Condition_2":["Succeeded"]},"else":{"actions":{"Do_until_for_Parallel_Order_2":{"actions":{"Start_and_wait_for_an_approval":{"runAfter":{},"type":"OpenApiConnectionWebhook","inputs":{"host":{"apiId":"/providers/Microsoft.PowerApps/apis/shared_approvals","connectionName":"shared_approvals","operationId":"StartAndWaitForAnApproval"},"parameters":{"approvalType":"CustomResponseAwaitAll","WebhookApprovalCreationInput/responseOptions":["Sign","Reassign a Task"],"WebhookApprovalCreationInput/title":"@triggerOutputs()?['body/{Name}']","WebhookApprovalCreationInput/assignedTo":"@{variables('TempApproverParellel')};","WebhookApprovalCreationInput/enableNotifications":true,"WebhookApprovalCreationInput/enableReassignment":true},"authentication":"@parameters('$authentication')"},"description":"To start and wait for an Approval"},"Select_4":{"runAfter":{"Start_and_wait_for_an_approval":["Succeeded"]},"type":"Select","inputs":{"from":"@outputs('Start_and_wait_for_an_approval')?['body/responses']","select":{"Approver":"@item()?['responder']?['displayName']","Response":"@item()?['approverResponse']","Approver Mail":"@item()?['responder']?['email']"}},"description":"To set the \"Responses\""},"Set_variable_2":{"runAfter":{"Select_4":["Succeeded"]},"type":"SetVariable","inputs":{"name":"Approvers","value":"@{null}"},"description":"To set \"Approvers\" variable to Null"},"Apply_to_each_7":{"foreach":"@body('Select_4')","actions":{"Condition_3":{"actions":{"Increment_variable":{"runAfter":{},"type":"IncrementVariable","inputs":{"name":"Count","value":1},"description":"To increment the \"Count\" variable by 1"},"Compose_5":{"runAfter":{"Increment_variable":["Succeeded"]},"type":"Compose","inputs":{"Approver":"@{items('Apply_to_each_7')?['Approver']}","Response":"@{items('Apply_to_each_7')?['Response']}"},"description":"To compose the Response"},"Append_to_array_variable_4":{"runAfter":{"Compose_5":["Succeeded"]},"type":"AppendToArrayVariable","inputs":{"name":"MailResponse","value":"@outputs('Compose_5')"},"description":"To append the \"MailResponse\" value"}},"runAfter":{},"else":{"actions":{"Post_an_Adaptive_Card_to_a_Teams_user_and_wait_for_a_response_3":{"runAfter":{},"type":"OpenApiConnectionWebhook","inputs":{"host":{"apiId":"/providers/Microsoft.PowerApps/apis/shared_teams","connectionName":"shared_teams","operationId":"SubscribeUserFlowContinuation"},"parameters":{"UserFlowContinuationSubscriptionRequest/body/recipient/to":"@items('Apply_to_each_7')?['Approver Mail']","UserFlowContinuationSubscriptionRequest/body/messageBody":"{\n    \"$schema\": \"http://adaptivecards.io/schemas/adaptive-card.json\",\n    \"type\": \"AdaptiveCard\",\n    \"version\": \"1.0\",\n    \"body\": [\n        {\n            \"type\": \"ColumnSet\",\n            \"columns\": [\n                {\n                    \"type\": \"Column\",\n                    \"width\": 2,\n                    \"items\": [\n                        {\n                            \"type\": \"TextBlock\",\n                            \"text\": \"Please fill below details for Reassign\",\n                            \"weight\": \"Bolder\",\n                            \"size\": \"Medium\"\n                        },\n                        {\n                            \"type\": \"TextBlock\",\n                            \"text\": \"Reassign user Mail\",\n                            \"wrap\": true\n                        },\n                        {\n                            \"type\": \"Input.Text\",\n                            \"id\": \"changeUserMail\",\n                            \"placeholder\": \"Enter mail address\",\n                             \"style\": \"email\"\n                        },\n                        {\n                            \"type\": \"TextBlock\",\n                            \"text\": \"New Request\",\n                            \"wrap\": true\n                        },\n                        {\n                            \"type\": \"Input.Text\",\n                            \"id\": \"New Request\",\n                            \"placeholder\": \"Enter the request\",\n                             \"isMultiline\": true\n                        },\n                       {\n                            \"type\": \"TextBlock\",\n                            \"text\": \"New Duration\",\n                            \"wrap\": true\n                        },\n                        {\n                            \"type\": \"Input.Number\",\n                            \"id\": \"New Duration\",\n                            \"placeholder\": \"Enter the Duration\"\n                        },\n                            {\n                            \"type\": \"TextBlock\",\n                            \"text\": \"Duration Units\",\n                            \"wrap\": true\n                        },\n                       {\n            \"type\": \"Input.ChoiceSet\",\n            \"id\": \"Duration time\",\n            \"style\": \"compact\",\n            \"isMultiSelect\": false,\n            \"value\": \"1\",\n            \"choices\": [\n                {\n                    \"title\": \"Day\",\n                    \"value\": \"1\"\n                }\n            ]\n               }\n                    ]\n                }\n            ]\n        }\n    ],\n    \"actions\": [\n        {\n            \"type\": \"Action.Submit\",\n            \"title\": \"Submit\"\n        }\n    ]\n}","UserFlowContinuationSubscriptionRequest/body/updateMessage":"Success","UserFlowContinuationSubscriptionRequest/body/shouldUpdateCard":true},"authentication":"@parameters('$authentication')"},"description":"To create the Adaptive Card in Teams"},"Append_to_string_variable_3":{"runAfter":{"Post_an_Adaptive_Card_to_a_Teams_user_and_wait_for_a_response_3":["Succeeded"]},"type":"AppendToStringVariable","inputs":{"name":"Approvers","value":"@{outputs('Post_an_Adaptive_Card_to_a_Teams_user_and_wait_for_a_response_3')?['body/data/changeUserMail']};"},"description":"To append the \"Approvers\" value to \"changeUserMail\""},"Compose_2":{"runAfter":{"Append_to_string_variable_3":["Succeeded"]},"type":"Compose","inputs":{"Approver":"@{items('Apply_to_each_7')?['Approver']}","Response":"@{items('Apply_to_each_7')?['Response']}"},"description":"To compose the Response"},"Append_to_array_variable_2":{"runAfter":{"Compose_2":["Succeeded"]},"type":"AppendToArrayVariable","inputs":{"name":"MailResponse","value":"@outputs('Compose_2')"}}}},"expression":{"equals":["@items('Apply_to_each_7')?['Response']","Sign"]},"type":"If","description":"To check the \"Response\" is equal to \"Sign\""}},"runAfter":{"Set_variable_2":["Succeeded"]},"type":"Foreach","description":"To get the output from above step"},"Condition":{"actions":{"Set_variable_9":{"runAfter":{},"type":"SetVariable","inputs":{"name":"ApproverDone","value":"@true"},"description":"To set the \"ApproverDone\" variable to true"}},"runAfter":{"Apply_to_each_7":["Succeeded"]},"expression":{"equals":["@length(body('Select_4'))","@variables('Count')"]},"type":"If","description":"To check the length with count \"variable\""},"Set_variable_5":{"runAfter":{"Condition":["Succeeded"]},"type":"SetVariable","inputs":{"name":"Count","value":0},"description":"To set the \"Count\" variable to 0"}},"runAfter":{},"expression":"@equals(variables('ApproverDone'), true)","limit":{"count":60,"timeout":"PT1H"},"type":"Until","description":"To check \"ApproverDone\" variable to true"}}},"expression":{"equals":["@variables('Order')","serial"]},"type":"If","description":"To check the order \"Serial\" or \"Parallel\""},"Set_variable_3":{"runAfter":{"Set_variable":["Succeeded"]},"type":"SetVariable","inputs":{"name":"assign group","value":"@variables('Array of stage')[variables('Stage Index no')]?['assign group']"}},"Set_variable_4":{"runAfter":{"Set_variable_16":["Succeeded"]},"type":"SetVariable","inputs":{"name":"Order","value":"@{variables('Array of stage')[variables('Stage Index no')]?['order']}"}},"Set_variable_6":{"runAfter":{"Set_variable_4":["Succeeded"]},"type":"SetVariable","inputs":{"name":"Check","value":"@false"}},"Set_variable_7":{"runAfter":{"Set_variable_6":["Succeeded"]},"type":"SetVariable","inputs":{"name":"ApproverDone","value":"@false"}},"Condition_2":{"actions":{"Condition_6":{"actions":{},"runAfter":{},"else":{"actions":{"Send_an_HTTP_request_to_SharePoint":{"runAfter":{},"type":"OpenApiConnection","inputs":{"host":{"apiId":"/providers/Microsoft.PowerApps/apis/shared_sharepointonline","connectionName":"shared_sharepointonline","operationId":"HttpRequest"},"parameters":{"dataset":"https://eu023-sp.shell.com/sites/SPOAA0990","parameters/method":"GET","parameters/uri":"_api/web/sitegroups/getbyname('@{variables('sharepoint group')}')/users","parameters/headers":{"Accept":"application/json;odata=verbose"}},"authentication":"@parameters('$authentication')"}},"Apply_to_each":{"foreach":"@body('Send_an_HTTP_request_to_SharePoint')['d']['results']","actions":{"Condition_7":{"actions":{"Append_to_string_variable":{"runAfter":{},"type":"AppendToStringVariable","inputs":{"name":"TempApproverParellel","value":"@{items('Apply_to_each')?['Email']};"}},"Append_to_array_variable":{"runAfter":{"Append_to_string_variable":["Succeeded"]},"type":"AppendToArrayVariable","inputs":{"name":"ApproversArray","value":"@items('Apply_to_each')?['Email']"}}},"runAfter":{},"expression":{"and":[{"equals":["@items('Apply_to_each')?['principalType']",1]},{"not":{"equals":["@items('Apply_to_each')?['Email']",""]}}]},"type":"If"}},"runAfter":{"Send_an_HTTP_request_to_SharePoint":["Succeeded"]},"type":"Foreach"}}},"expression":{"equals":["@variables('sharepoint group')",""]},"type":"If"}},"runAfter":{"Set_variable_7":["Succeeded"]},"else":{"actions":{"Set_variable_8":{"runAfter":{},"type":"SetVariable","inputs":{"name":"ApproversArray","value":"@split(variables('Approvers'),';')"}},"Set_variable_19":{"runAfter":{"Set_variable_8":["Succeeded"]},"type":"SetVariable","inputs":{"name":"TempApproverParellel","value":"@variables('Approvers')"}}}},"expression":{"equals":["@variables('assign group')","@true"]},"type":"If"},"Set_variable_12":{"runAfter":{"Condition_is_to_check_whether_Serial_or_Parallel_2":["Succeeded"]},"type":"SetVariable","inputs":{"name":"Index","value":0}},"Set_variable_13":{"runAfter":{"Set_variable_12":["Succeeded"]},"type":"SetVariable","inputs":{"name":"TempApprover","value":"@{null}"}},"Set_variable_14":{"runAfter":{"Set_variable_13":["Succeeded"]},"type":"SetVariable","inputs":{"name":"Count","value":0}},"Condition_5":{"actions":{"Set_variable_15":{"runAfter":{},"type":"SetVariable","inputs":{"name":"stage","value":"@true"}}},"runAfter":{"Set_variable_20":["Succeeded"]},"expression":{"equals":["@variables('Array of stage')[variables('Stage Index no')]","@last(variables('Array of stage'))"]},"type":"If"},"Increment_variable_2":{"runAfter":{"Condition_5":["Succeeded"]},"type":"IncrementVariable","inputs":{"name":"Stage Index no","value":1}},"Set_variable_16":{"runAfter":{"Set_variable_3":["Succeeded"]},"type":"SetVariable","inputs":{"name":"sharepoint group","value":"@{variables('Array of stage')[variables('Stage Index no')]?['sharepoint group']}"}},"Set_variable_17":{"runAfter":{"Set_variable_14":["Succeeded"]},"type":"SetVariable","inputs":{"name":"ApproversArray","value":[]}},"Set_variable_18":{"runAfter":{"Set_variable_17":["Succeeded"]},"type":"SetVariable","inputs":{"name":"Approvers","value":"@{null}"}},"Set_variable_20":{"runAfter":{"Set_variable_18":["Succeeded"]},"type":"SetVariable","inputs":{"name":"TempApproverParellel","value":"@{null}"}}},"runAfter":{"Condition_to_check_CC_User_in_Serial_":["Succeeded"]},"expression":"@equals(variables('stage'), true)","limit":{"count":60,"timeout":"PT720H"},"type":"Until"}},"runAfter":{"Initialize_variable":["Succeeded"]},"else":{"actions":{"Send_an_email_(V2)":{"runAfter":{},"type":"OpenApiConnection","inputs":{"host":{"apiId":"/providers/Microsoft.PowerApps/apis/shared_office365","connectionName":"shared_office365","operationId":"SendEmailV2"},"parameters":{"emailMessage/To":"@triggerOutputs()?['body/Editor/Email']","emailMessage/Subject":"Invalid File","emailMessage/Body":"<p>@{triggerOutputs()?['body/{Name}']}is invalid file.&nbsp; Kindly add the proper file.</p>"},"authentication":"@parameters('$authentication')"}}}},"expression":{"or":[{"contains":["@triggerOutputs()?['body/{FilenameWithExtension}']",".doc"]},{"contains":["@triggerOutputs()?['body/{FilenameWithExtension}']",".docx"]},{"contains":["@triggerOutputs()?['body/{FilenameWithExtension}']",".xls"]},{"contains":["@triggerOutputs()?['body/{FilenameWithExtension}']",".xlsx"]}]},"type":"If","description":"To check the file extension like \"Word\" or \"Excel\""},"Initialize_variable_for_Split":{"runAfter":{"Initialize_variable_for_\"Serial\"_or_\"Parallel\"":["Succeeded"]},"type":"InitializeVariable","inputs":{"variables":[{"name":"ApproversArray","type":"array"}]},"description":"To  initialize approvers array"},"Initialize_variable_for_Approvers":{"runAfter":{"Initialize_variable_for_Split":["Succeeded"]},"type":"InitializeVariable","inputs":{"variables":[{"name":"Approvers","type":"string"}]},"description":"To initialize approvers string"},"Initialize_variable_for_CC_User":{"runAfter":{"Initialize_variable_for_Approvers":["Succeeded"]},"type":"InitializeVariable","inputs":{"variables":[{"name":"CC User","type":"string"}]},"description":"To initialize the CC Users"},"Initialize_variable_for_Array_of_Stage_":{"runAfter":{},"type":"InitializeVariable","inputs":{"variables":[{"name":"Array of stage","type":"array","value":[{"assign group":"@true","Assignee members":"","sharepoint group":"OOTBUsers","order":"parallel"},{"assign group":"@false","Assignee members":"d.mariappan@shell.com;remya.r.r@shell.com","sharepoint group":"","order":"serial"}]}]}},"Initialize_variable_to_Stage_Check_":{"runAfter":{"Initialize_variable_for_Array_of_Stage_":["Succeeded"]},"type":"InitializeVariable","inputs":{"variables":[{"name":"stage","type":"boolean","value":"@false"}]}},"Initialize_variable_to_Stage_Index_Number":{"runAfter":{"Initialize_variable_to_Stage_Check_":["Succeeded"]},"type":"InitializeVariable","inputs":{"variables":[{"name":"Stage Index no","type":"integer","value":0}]}},"Initialize_variable_to_Assign_Group":{"runAfter":{"Initialize_variable_to_Stage_Index_Number":["Succeeded"]},"type":"InitializeVariable","inputs":{"variables":[{"name":"assign group","type":"boolean"}]}},"Initialize_variable_to_SharePoint_Group":{"runAfter":{"Initialize_variable_to_Assign_Group":["Succeeded"]},"type":"InitializeVariable","inputs":{"variables":[{"name":"sharepoint group","type":"string"}]}},"Initialize_variable_for_\"Serial\"_or_\"Parallel\"":{"runAfter":{"Initialize_variable_to_SharePoint_Group":["Succeeded"]},"type":"InitializeVariable","inputs":{"variables":[{"name":"order","type":"string"}]}},"Initialize_variable":{"runAfter":{"Initialize_variable_for_Count":["Succeeded"]},"type":"InitializeVariable","inputs":{"variables":[{"name":"TempApproverParellel","type":"string"}]}}}},"connectionReferences":{"shared_office365":{"connectionName":"shared-office365-725f3eb2-fd7d-457f-8904-c988-fde59c09","source":"Embedded","id":"/providers/Microsoft.PowerApps/apis/shared_office365","tier":"NotSpecified"},"shared_teams":{"connectionName":"3cf7fdf839e44af39972270721bc24e5","source":"Embedded","id":"/providers/Microsoft.PowerApps/apis/shared_teams","tier":"NotSpecified"},"shared_approvals":{"connectionName":"shared-approvals-31594d1d-6abe-4c2c-b0f6-ed49-308a717d","source":"Embedded","id":"/providers/Microsoft.PowerApps/apis/shared_approvals","tier":"NotSpecified"},"shared_sharepointonline":{"connectionName":"shared-sharepointonl-7040aa77-53a0-455a-853d-ef8e-3183714c","source":"Embedded","id":"/providers/Microsoft.PowerApps/apis/shared_sharepointonline","tier":"NotSpecified"}},"flowFailureAlertSubscribed":false}}