<?xml version="1.0" encoding="utf-8"?>
<WorkflowConfig Version="15.0.0.4455">
  <Template BaseID="{19092D37-762F-444D-B10F-3A6224E6FEA3}" DocLibURL="Workflows" AssociationURL="~layouts/CstWrkflIP.aspx" TaskContentType="0x01080100C9C9515DE4E24001905074F980F93160" Category="List;#ContentType" Name="Credit Assessment Approval 2.0" Description="Credit Assessment Approval 2.0" StartManually="true" Visibility="Public" LastEditMode="TextBased" WFPlatformVersion="3.5" SupportStageDesign="false" Draft="false" XomlHref="Workflows/Credit Assessment Approval 2.0/Credit Assessment Approval 2.0.xoml" XomlVersion="V4.0" RulesHref="Workflows/Credit Assessment Approval 2.0/Credit Assessment Approval 2.0.xoml.rules" RulesVersion="V4.0" />
  <ContentTypes>
    <ContentType Name="Approval _x0028_40_x0029_" ContentTypeID="0x01080100C9C9515DE4E24001905074F980F931600054C5FD42FA1C524A9C0784B48CDFE022" WorkflowForm="Workflows/Credit Assessment Approval 2.0/Approval _x0028_40_x0029_.xsn" WorkflowFormVersion="V0.0" Description="">
      <Fields />
      <WorkflowFormData>
        <dfs:myFields xmlns:xsd="http://www.w3.org/2001/XMLSchema" xmlns:dms="http://schemas.microsoft.com/office/2009/documentManagement/types" xmlns:dfs="http://schemas.microsoft.com/office/infopath/2003/dataFormSolution" xmlns:q="http://schemas.microsoft.com/office/infopath/2009/WSSList/queryFields" xmlns:d="http://schemas.microsoft.com/office/infopath/2009/WSSList/dataFields" xmlns:ma="http://schemas.microsoft.com/office/2009/metadata/properties/metaAttributes" xmlns:pc="http://schemas.microsoft.com/office/infopath/2007/PartnerControls" xmlns:xsi="http://www.w3.org/2001/XMLSchema-instance">
          <dfs:queryFields />
          <dfs:dataFields>
            <d:SharePointListItem_RW>
              <d:Status />
              <d:Author />
              <d:FieldName_ConsolidatedComments />
              <d:DueDate xsi:nil="true" />
              <d:FieldName_Comments />
              <d:FieldName_DelegateTo />
              <d:FieldName_NewDescription />
              <d:FieldName_NewSerialTaskDuration xsi:nil="true" />
              <d:FieldName_NewDurationUnits>Day</d:FieldName_NewDurationUnits>
              <d:FieldName_RequestTo />
              <d:Body />
              <d:Title />
              <d:StartDate />
              <d:AssignedTo />
              <d:PercentComplete xsi:nil="true" />
              <d:Priority>(2) Normal</d:Priority>
              <d:WorkflowLink Description="" />
              <d:OffsiteParticipant />
              <d:OffsiteParticipantReason />
              <d:WorkflowOutcome />
              <d:WorkflowName />
              <d:FormURN />
              <d:FormData />
              <d:EmailBody />
              <d:HasCustomEmailBody xsi:nil="true" />
              <d:SendEmailNotification xsi:nil="true" />
              <d:PendingModTime xsi:nil="true" />
              <d:Completed>false</d:Completed>
              <d:ExtendedProperties />
              <d:ID xsi:nil="true" />
              <d:Modified xsi:nil="true" />
              <d:Created xsi:nil="true" />
              <d:Editor />
            </d:SharePointListItem_RW>
          </dfs:dataFields>
        </dfs:myFields>
      </WorkflowFormData>
    </ContentType>
    <ContentType Name="Approval _x0028_37_x0029_" ContentTypeID="0x01080100C9C9515DE4E24001905074F980F9316000EF4EF49F48D92543BD2117585904D7EE" WorkflowForm="Workflows/Credit Assessment Approval 2.0/Approval _x0028_37_x0029_.xsn" WorkflowFormVersion="V0.0" Description="">
      <Fields />
      <WorkflowFormData>
        <dfs:myFields xmlns:xsd="http://www.w3.org/2001/XMLSchema" xmlns:dms="http://schemas.microsoft.com/office/2009/documentManagement/types" xmlns:dfs="http://schemas.microsoft.com/office/infopath/2003/dataFormSolution" xmlns:q="http://schemas.microsoft.com/office/infopath/2009/WSSList/queryFields" xmlns:d="http://schemas.microsoft.com/office/infopath/2009/WSSList/dataFields" xmlns:ma="http://schemas.microsoft.com/office/2009/metadata/properties/metaAttributes" xmlns:pc="http://schemas.microsoft.com/office/infopath/2007/PartnerControls" xmlns:xsi="http://www.w3.org/2001/XMLSchema-instance">
          <dfs:queryFields />
          <dfs:dataFields>
            <d:SharePointListItem_RW>
              <d:Status />
              <d:Author />
              <d:FieldName_ConsolidatedComments />
              <d:DueDate xsi:nil="true" />
              <d:FieldName_Comments />
              <d:FieldName_DelegateTo />
              <d:FieldName_NewDescription />
              <d:FieldName_NewSerialTaskDuration xsi:nil="true" />
              <d:FieldName_NewDurationUnits>Day</d:FieldName_NewDurationUnits>
              <d:FieldName_RequestTo />
              <d:Body />
              <d:Title />
              <d:StartDate />
              <d:AssignedTo />
              <d:PercentComplete xsi:nil="true" />
              <d:Priority>(2) Normal</d:Priority>
              <d:WorkflowLink Description="" />
              <d:OffsiteParticipant />
              <d:OffsiteParticipantReason />
              <d:WorkflowOutcome />
              <d:WorkflowName />
              <d:FormURN />
              <d:FormData />
              <d:EmailBody />
              <d:HasCustomEmailBody xsi:nil="true" />
              <d:SendEmailNotification xsi:nil="true" />
              <d:PendingModTime xsi:nil="true" />
              <d:Completed>false</d:Completed>
              <d:ExtendedProperties />
              <d:ID xsi:nil="true" />
              <d:Modified xsi:nil="true" />
              <d:Created xsi:nil="true" />
              <d:Editor />
            </d:SharePointListItem_RW>
          </dfs:dataFields>
        </dfs:myFields>
      </WorkflowFormData>
    </ContentType>
    <ContentType Name="Approval _x0028_38_x0029_" ContentTypeID="0x01080100C9C9515DE4E24001905074F980F93160007CE401EC748F1648AB955ACF94528A06" WorkflowForm="Workflows/Credit Assessment Approval 2.0/Approval _x0028_38_x0029_.xsn" WorkflowFormVersion="V0.0" Description="">
      <Fields />
      <WorkflowFormData>
        <dfs:myFields xmlns:xsd="http://www.w3.org/2001/XMLSchema" xmlns:dms="http://schemas.microsoft.com/office/2009/documentManagement/types" xmlns:dfs="http://schemas.microsoft.com/office/infopath/2003/dataFormSolution" xmlns:q="http://schemas.microsoft.com/office/infopath/2009/WSSList/queryFields" xmlns:d="http://schemas.microsoft.com/office/infopath/2009/WSSList/dataFields" xmlns:ma="http://schemas.microsoft.com/office/2009/metadata/properties/metaAttributes" xmlns:pc="http://schemas.microsoft.com/office/infopath/2007/PartnerControls" xmlns:xsi="http://www.w3.org/2001/XMLSchema-instance">
          <dfs:queryFields />
          <dfs:dataFields>
            <d:SharePointListItem_RW>
              <d:Status />
              <d:Author />
              <d:FieldName_ConsolidatedComments />
              <d:DueDate xsi:nil="true" />
              <d:FieldName_Comments />
              <d:FieldName_DelegateTo />
              <d:FieldName_NewDescription />
              <d:FieldName_NewSerialTaskDuration xsi:nil="true" />
              <d:FieldName_NewDurationUnits>Day</d:FieldName_NewDurationUnits>
              <d:FieldName_RequestTo />
              <d:Body />
              <d:Title />
              <d:StartDate />
              <d:AssignedTo />
              <d:PercentComplete xsi:nil="true" />
              <d:Priority>(2) Normal</d:Priority>
              <d:WorkflowLink Description="" />
              <d:OffsiteParticipant />
              <d:OffsiteParticipantReason />
              <d:WorkflowOutcome />
              <d:WorkflowName />
              <d:FormURN />
              <d:FormData />
              <d:EmailBody />
              <d:HasCustomEmailBody xsi:nil="true" />
              <d:SendEmailNotification xsi:nil="true" />
              <d:PendingModTime xsi:nil="true" />
              <d:Completed>false</d:Completed>
              <d:ExtendedProperties />
              <d:ID xsi:nil="true" />
              <d:Modified xsi:nil="true" />
              <d:Created xsi:nil="true" />
              <d:Editor />
            </d:SharePointListItem_RW>
          </dfs:dataFields>
        </dfs:myFields>
      </WorkflowFormData>
    </ContentType>
    <ContentType Name="Approval _x0028_39_x0029_" ContentTypeID="0x01080100C9C9515DE4E24001905074F980F9316000EFFE5986FBA0CB4FBC4D2EF4ADAB396A" WorkflowForm="Workflows/Credit Assessment Approval 2.0/Approval _x0028_39_x0029_.xsn" WorkflowFormVersion="V0.0" Description="">
      <Fields />
      <WorkflowFormData>
        <dfs:myFields xmlns:xsd="http://www.w3.org/2001/XMLSchema" xmlns:dms="http://schemas.microsoft.com/office/2009/documentManagement/types" xmlns:dfs="http://schemas.microsoft.com/office/infopath/2003/dataFormSolution" xmlns:q="http://schemas.microsoft.com/office/infopath/2009/WSSList/queryFields" xmlns:d="http://schemas.microsoft.com/office/infopath/2009/WSSList/dataFields" xmlns:ma="http://schemas.microsoft.com/office/2009/metadata/properties/metaAttributes" xmlns:pc="http://schemas.microsoft.com/office/infopath/2007/PartnerControls" xmlns:xsi="http://www.w3.org/2001/XMLSchema-instance">
          <dfs:queryFields />
          <dfs:dataFields>
            <d:SharePointListItem_RW>
              <d:Status />
              <d:Author />
              <d:FieldName_ConsolidatedComments />
              <d:DueDate xsi:nil="true" />
              <d:FieldName_Comments />
              <d:FieldName_DelegateTo />
              <d:FieldName_NewDescription />
              <d:FieldName_NewSerialTaskDuration xsi:nil="true" />
              <d:FieldName_NewDurationUnits>Day</d:FieldName_NewDurationUnits>
              <d:FieldName_RequestTo />
              <d:Body />
              <d:Title />
              <d:StartDate />
              <d:AssignedTo />
              <d:PercentComplete xsi:nil="true" />
              <d:Priority>(2) Normal</d:Priority>
              <d:WorkflowLink Description="" />
              <d:OffsiteParticipant />
              <d:OffsiteParticipantReason />
              <d:WorkflowOutcome />
              <d:WorkflowName />
              <d:FormURN />
              <d:FormData />
              <d:EmailBody />
              <d:HasCustomEmailBody xsi:nil="true" />
              <d:SendEmailNotification xsi:nil="true" />
              <d:PendingModTime xsi:nil="true" />
              <d:Completed>false</d:Completed>
              <d:ExtendedProperties />
              <d:ID xsi:nil="true" />
              <d:Modified xsi:nil="true" />
              <d:Created xsi:nil="true" />
              <d:Editor />
            </d:SharePointListItem_RW>
          </dfs:dataFields>
        </dfs:myFields>
      </WorkflowFormData>
    </ContentType>
    <ContentType Name="Approval _x0028_36_x0029_" ContentTypeID="0x01080100C9C9515DE4E24001905074F980F9316000C647E385BA6BCD47BA98C7B19CF9E260" WorkflowForm="Workflows/Credit Assessment Approval 2.0/Approval _x0028_36_x0029_.xsn" WorkflowFormVersion="V0.0" Description="">
      <Fields />
      <WorkflowFormData>
        <dfs:myFields xmlns:xsd="http://www.w3.org/2001/XMLSchema" xmlns:dms="http://schemas.microsoft.com/office/2009/documentManagement/types" xmlns:dfs="http://schemas.microsoft.com/office/infopath/2003/dataFormSolution" xmlns:q="http://schemas.microsoft.com/office/infopath/2009/WSSList/queryFields" xmlns:d="http://schemas.microsoft.com/office/infopath/2009/WSSList/dataFields" xmlns:ma="http://schemas.microsoft.com/office/2009/metadata/properties/metaAttributes" xmlns:pc="http://schemas.microsoft.com/office/infopath/2007/PartnerControls" xmlns:xsi="http://www.w3.org/2001/XMLSchema-instance">
          <dfs:queryFields />
          <dfs:dataFields>
            <d:SharePointListItem_RW>
              <d:Status />
              <d:Author />
              <d:FieldName_ConsolidatedComments />
              <d:DueDate xsi:nil="true" />
              <d:FieldName_Comments />
              <d:FieldName_DelegateTo />
              <d:FieldName_NewDescription />
              <d:FieldName_NewSerialTaskDuration xsi:nil="true" />
              <d:FieldName_NewDurationUnits>Day</d:FieldName_NewDurationUnits>
              <d:FieldName_RequestTo />
              <d:Body />
              <d:Title />
              <d:StartDate />
              <d:AssignedTo />
              <d:PercentComplete xsi:nil="true" />
              <d:Priority>(2) Normal</d:Priority>
              <d:WorkflowLink Description="" />
              <d:OffsiteParticipant />
              <d:OffsiteParticipantReason />
              <d:WorkflowOutcome />
              <d:WorkflowName />
              <d:FormURN />
              <d:FormData />
              <d:EmailBody />
              <d:HasCustomEmailBody xsi:nil="true" />
              <d:SendEmailNotification xsi:nil="true" />
              <d:PendingModTime xsi:nil="true" />
              <d:Completed>false</d:Completed>
              <d:ExtendedProperties />
              <d:ID xsi:nil="true" />
              <d:Modified xsi:nil="true" />
              <d:Created xsi:nil="true" />
              <d:Editor />
            </d:SharePointListItem_RW>
          </dfs:dataFields>
        </dfs:myFields>
      </WorkflowFormData>
    </ContentType>
  </ContentTypes>
  <Initiation URL="~layouts/IniWrkflIP.aspx">
    <Fields>
      <Field Name="Comments" FormType="Initiation" MaxLength="255" DisplayName="Comments" Description="" Direction="None" Type="Text" />
      <Field Name="Level4Approver" FormType="Initiation" List="UserInfo" ShowField="Name" Type="User" UserSelectionMode="PeopleOnly" UserSelectionScope="1439" DisplayName="Level 4 Approver" Description="" Direction="None" Required="TRUE" />
      <Field Name="Level3Approver" FormType="Initiation" List="UserInfo" ShowField="Name" Type="User" UserSelectionMode="PeopleOnly" UserSelectionScope="1439" DisplayName="Level 3 Approver" Description="" Direction="None" />
      <Field Name="Level2Approver" FormType="Initiation" List="UserInfo" ShowField="Name" Type="User" UserSelectionMode="PeopleOnly" UserSelectionScope="1439" DisplayName="Level 2 Approver" Description="" Direction="None" />
      <Field Name="Level1Approver" FormType="Initiation" List="UserInfo" ShowField="Name" Type="User" UserSelectionMode="PeopleAndGroups" UserSelectionScope="1439" DisplayName="Level 1 Approver" Description="" Direction="None" />
      <Field Name="Level0Approver" FormType="Initiation" List="UserInfo" ShowField="Name" Type="User" UserSelectionMode="PeopleOnly" UserSelectionScope="1439" DisplayName="Level 0 Approver" Description="" Direction="None" />
    </Fields>
    <Parameters>
      <Parameter Name="Comments" Type="System.String" />
      <Parameter Name="Level4Approver" Type="System.String" />
      <Parameter Name="Level3Approver" Type="System.String" />
      <Parameter Name="Level2Approver" Type="System.String" />
      <Parameter Name="Level1Approver" Type="System.String" />
      <Parameter Name="Level0Approver" Type="System.String" />
    </Parameters>
    <DefaultData>
      <dfs:myFields xmlns:xsd="http://www.w3.org/2001/XMLSchema" xmlns:dms="http://schemas.microsoft.com/office/2009/documentManagement/types" xmlns:dfs="http://schemas.microsoft.com/office/infopath/2003/dataFormSolution" xmlns:q="http://schemas.microsoft.com/office/infopath/2009/WSSList/queryFields" xmlns:d="http://schemas.microsoft.com/office/infopath/2009/WSSList/dataFields" xmlns:ma="http://schemas.microsoft.com/office/2009/metadata/properties/metaAttributes" xmlns:pc="http://schemas.microsoft.com/office/infopath/2007/PartnerControls" xmlns:xsi="http://www.w3.org/2001/XMLSchema-instance">
        <dfs:queryFields />
        <dfs:dataFields>
          <d:SharePointListItem_RW>
            <d:Comments />
            <d:Level4Approver />
            <d:Level3Approver />
            <d:Level2Approver />
            <d:Level1Approver />
            <d:Level0Approver />
          </d:SharePointListItem_RW>
        </dfs:dataFields>
      </dfs:myFields>
    </DefaultData>
  </Initiation>
  <Extended>
    <Fields />
  </Extended>
  <MetaData>
    <ExtendedStatusColumnValues>
      <StatusColumnValue>Canceled</StatusColumnValue>
      <StatusColumnValue>Approved</StatusColumnValue>
      <StatusColumnValue>Rejected</StatusColumnValue>
    </ExtendedStatusColumnValues>
    <Modifications ModificationUrl="~layouts/ModWrkflIP.aspx">
      <Modification TypeId="64aefd44-fd54-48c1-93c0-86f2f7c71be5" NameFormat="Add or update assignees of {0}" FormURN="urn:schemas-microsoft-com:office:infopath:workflow:ReviewRoutingSPD-Modify:1033" />
      <Modification TypeId="8ac90eb6-6c4a-469a-8977-8b8368083380" NameFormat="Update active tasks of {0}" FormURN="urn:schemas-microsoft-com:office:infopath:workflow:ReviewRouting-UpdateTasks:1033" />
      <Modification TypeId="a938eabe-8db1-45b9-87cb-b930728afe10" NameFormat="Cancel all {0} tasks" FormURN="urn:schemas-microsoft-com:office:infopath:workflow:OOB-WrapItUp:1033" />
    </Modifications>
    <Association_FormURN Version="V0.0">Workflows/Credit Assessment Approval 2.0/Credit Assessment Approval 2.0.xsn</Association_FormURN>
    <Instantiation_FormURI Version="V0.0">Workflows/Credit Assessment Approval 2.0/Credit Assessment Approval 2.0.xsn</Instantiation_FormURI>
  </MetaData>
</WorkflowConfig>