{"name":"0bc1a5ad-3552-45cd-8fd5-b4deba761124","id":"/providers/Microsoft.Flow/flows/0bc1a5ad-3552-45cd-8fd5-b4deba761124","type":"Microsoft.Flow/flows","properties":{"apiId":"/providers/Microsoft.PowerApps/apis/shared_logicflows","displayName":"Submit","definition":{"metadata":{"workflowEntityId":null,"processAdvisorMetadata":null,"flowclientsuspensionreason":"None","flowclientsuspensiontime":null,"creator":{"id":"96a99893-c1e8-4e6c-9802-ea754b7d4c93","type":"User","tenantId":"db1e96a8-a3da-442a-930b-235cac24cd5c"},"provisioningMethod":"FromDefinition","failureAlertSubscription":true,"clientLastModifiedTime":"2021-09-21T07:42:09.878216Z"},"$schema":"https://schema.management.azure.com/providers/Microsoft.Logic/schemas/2016-06-01/workflowdefinition.json#","contentVersion":"1.0.0.0","parameters":{"$connections":{"defaultValue":{},"type":"Object"},"$authentication":{"defaultValue":{},"type":"SecureObject"}},"triggers":{"When_an_item_or_a_file_is_modified":{"recurrence":{"frequency":"Minute","interval":5},"splitOn":"@triggerOutputs()?['body/value']","type":"OpenApiConnection","inputs":{"host":{"apiId":"/providers/Microsoft.PowerApps/apis/shared_sharepointonline","connectionName":"shared_sharepointonline","operationId":"GetOnChangedItems"},"parameters":{"dataset":"https://eu023-sp.shell.com/sites/SPOAA1436","table":"2cbe6f86-a81f-4451-937a-645c060342dd"},"authentication":"@parameters('$authentication')"},"conditions":[{"expression":"@equals(triggerBody()?['FormStatus'],'Submit')"}]}},"actions":{"Send_an_email_(V2)":{"runAfter":{},"type":"OpenApiConnection","inputs":{"host":{"apiId":"/providers/Microsoft.PowerApps/apis/shared_office365","connectionName":"shared_office365","operationId":"SendEmailV2"},"parameters":{"emailMessage/To":"@triggerOutputs()?['body/EmailId']","emailMessage/Subject":"Site Access Request - @{triggerOutputs()?['body/ID']}","emailMessage/Body":"<p>Hello @{triggerOutputs()?['body/FirstName']},<br>\n<br>\nBelow is a copy of your site access request form: <br>\n<br>\nPlease Check In by click <a href=\"https://eu023-sp.shell.com/sites/SPOAA1436/SitePages/New-Request.aspx?MyID=@{triggerOutputs()?['body/ID']}\">here</a><br>\n<br>\nThanks,<br>\nSite Access Team<br>\n</p>"},"authentication":"@parameters('$authentication')"}}},"outputs":{}},"connectionReferences":{"shared_office365":{"connectionName":"shared-office365-92a25451-60e4-41bd-bbbe-31b2-b9e9a0d3","source":"Embedded","id":"/providers/Microsoft.PowerApps/apis/shared_office365","tier":"NotSpecified"},"shared_sharepointonline":{"connectionName":"shared-sharepointonl-0a693f0a-e486-498e-9fc8-a2b4-bc23bce4","source":"Embedded","id":"/providers/Microsoft.PowerApps/apis/shared_sharepointonline","tier":"NotSpecified"}},"flowFailureAlertSubscribed":false}}