{"schemaVersion":"1.0","appDefinitionTemplate":{"id":"/providers/Microsoft.PowerApps/apps/","type":"Microsoft.PowerApps/apps","tags":{"primaryDeviceWidth":"640","primaryDeviceHeight":"1136","sienaVersion":"20210510T050526Z-3.21044.25.0","deviceCapabilities":"","supportsPortrait":"true","supportsLandscape":"false","primaryFormFactor":"Phone","publisherVersion":"3.21044.25","minimumRequiredApiVersion":"2.2.0","hasComponent":"false","hasUnlockedComponent":"false","isUnifiedRootApp":"false"},"properties":{"appVersion":"2021-05-10T05:05:26Z","lifeCycleId":"Published","createdByClientVersion":{"major":3,"minor":21044,"build":25,"revision":0,"majorRevision":0,"minorRevision":0},"minClientVersion":{"major":3,"minor":21044,"build":25,"revision":0,"majorRevision":0,"minorRevision":0},"backgroundColor":"rgba(0, 176, 240, 1)","backgroundImageUri":"/7612797530092772233/N48e33292-f01f-45cc-9a1c-f24975085302-logoSmallFile","displayName":"document Approvers","description":"","commitMessage":"","appUris":{"documentUri":{"value":"/7612797530092772233/N07c16e7f-9e64-48b2-ad7b-b01f2df550e3-document.msapp"},"imageUris":[]},"createdTime":"0001-01-01T00:00:00Z","lastModifiedTime":"0001-01-01T00:00:00Z","sharedGroupsCount":0,"sharedUsersCount":0,"icons":{"smallIconUri":"/7612797530092772233/N956427c0-8a3f-4824-bc10-37f38ed8a6ea-small.png","mediumIconUri":"/7612797530092772233/N13f215c3-b6b2-4696-91f4-0171df157ebd-medium.png","largeIconUri":"/7612797530092772233/Nf93b959b-693b-46a4-ae34-6a7bbd30dd48-large.png","wideIconUri":"/7612797530092772233/N7410bcc8-c60b-4ccf-9abd-749ff39d02cb-wide.png"},"connectionReferences":{"ed360cec-bae1-4853-b388-70f4210c0932":{"id":"97205c52-2a3a-4bad-a5f3-3e0d1325ab88","displayName":"Office 365 Users","iconUri":"https://connectoricons-prod.azureedge.net/releases/v1.0.1460/1.0.1460.2389/office365users/icon.png","dataSources":["Office365Users"],"dependencies":[],"dependents":[],"parameterHints":{},"isOnPremiseConnection":false,"bypassConsent":false,"dataSets":{},"apiTier":"Standard","isCustomApiConnection":false,"actions":["SearchUser"]},"d39b1a60-e5d7-40b5-92f3-7c3a1c8dc58a":{"id":"3a1ae1b2-9445-491a-8da8-05a328538ef6","displayName":"SharePoint","iconUri":"https://connectoricons-prod.azureedge.net/releases/v1.0.1465/1.0.1465.2409/sharepointonline/icon.png","dataSources":["V-Z","Srini Custom List","V-Z HistoryList"],"dependencies":[],"dependents":["902e1d30-2834-456c-9824-ee3442c8eea3","af67c43e-7be1-42cd-b3d3-8642d6e89fda"],"parameterHints":{},"isOnPremiseConnection":false,"bypassConsent":false,"dataSets":{"https://eu001-sp.shell.com/sites/AAFAA2124/PowerAutomate/":{"dataSources":{"V-Z":{"tableName":"bd4ef0ad-d6eb-48c8-8c42-0aa8e0c0ac4d"}}}},"apiTier":"Standard","isCustomApiConnection":false},"dab6bfc6-3045-4461-9623-be3bb7487af7":{"id":"3a1ae1b2-9445-491a-8da8-05a328538ef6","displayName":"SharePoint","iconUri":"https://connectoricons-prod.azureedge.net/releases/v1.0.1465/1.0.1465.2409/sharepointonline/icon.png","dataSources":["Srini Custom List","V-Z HistoryList"],"dependencies":[],"dependents":[],"parameterHints":{},"isOnPremiseConnection":false,"bypassConsent":false,"dataSets":{"https://eu001-sp.shell.com/sites/AAFAA2124/PowerAutomate":{"dataSources":{"Srini Custom List":{"tableName":"3fd0c415-a254-4868-a3a4-f88bb8447e07"},"V-Z HistoryList":{"tableName":"6f3d5c01-32f0-402a-94a0-f9e9af30c6d1"}}}},"apiTier":"Standard","isCustomApiConnection":false},"902e1d30-2834-456c-9824-ee3442c8eea3":{"id":"9be7e592-b902-4fdb-8393-487307fc6d85","displayName":"Logic flows","iconUri":"https://connectoricons-prod.azureedge.net/releases/v1.0.1438/1.0.1438.2324/logicflows/icon.png","dataSources":["DocumentUploadFlow"],"dependencies":["d39b1a60-e5d7-40b5-92f3-7c3a1c8dc58a"],"dependents":[],"parameterHints":{"workflowName":{"value":"a6982ebe-afc7-4dbd-97b1-519ce374d30a"},"workflowEntityId":{},"d39b1a60-e5d7-40b5-92f3-7c3a1c8dc58a":{"value":"shared_sharepointonline"}},"isOnPremiseConnection":false,"bypassConsent":false,"dataSets":{},"apiTier":"Standard","isCustomApiConnection":false,"actions":["Run"]},"af67c43e-7be1-42cd-b3d3-8642d6e89fda":{"id":"9be7e592-b902-4fdb-8393-487307fc6d85","displayName":"Logic flows","iconUri":"https://connectoricons-prod.azureedge.net/releases/v1.0.1438/1.0.1438.2324/logicflows/icon.png","dataSources":["ApprovalFlow"],"dependencies":["1b3df6c6-28c9-4f5b-97c5-c01df5c578b1","739dc7a7-8992-4fa1-ace3-ffa42b383250","d39b1a60-e5d7-40b5-92f3-7c3a1c8dc58a"],"dependents":[],"parameterHints":{"workflowName":{"value":"28dbccea-715a-4d1e-835a-7a1b9fd4eaef"},"workflowEntityId":{},"1b3df6c6-28c9-4f5b-97c5-c01df5c578b1":{"value":"shared_approvals"},"739dc7a7-8992-4fa1-ace3-ffa42b383250":{"value":"shared_office365_1"},"d39b1a60-e5d7-40b5-92f3-7c3a1c8dc58a":{"value":"shared_sharepointonline_1"}},"isOnPremiseConnection":false,"bypassConsent":false,"dataSets":{},"apiTier":"Standard","isCustomApiConnection":false,"actions":["Run"]},"1b3df6c6-28c9-4f5b-97c5-c01df5c578b1":{"id":"1d722fcf-cc75-42e3-b606-7400f7182f55","displayName":"Approvals","iconUri":"https://connectoricons-prod.azureedge.net/releases/v1.0.1444/1.0.1444.2346/approvals/icon.png","dataSources":[],"dependencies":[],"dependents":["af67c43e-7be1-42cd-b3d3-8642d6e89fda"],"parameterHints":{},"isOnPremiseConnection":false,"bypassConsent":false,"dataSets":{},"apiTier":"Standard","isCustomApiConnection":false},"739dc7a7-8992-4fa1-ace3-ffa42b383250":{"id":"4aa5c59d-c14c-4b2f-9585-d03b36b7f738","displayName":"Office 365 Outlook","iconUri":"https://connectoricons-prod.azureedge.net/releases/v1.0.1466/1.0.1466.2411/office365/icon.png","dataSources":[],"dependencies":[],"dependents":["af67c43e-7be1-42cd-b3d3-8642d6e89fda"],"parameterHints":{},"isOnPremiseConnection":false,"bypassConsent":false,"dataSets":{},"apiTier":"Standard","isCustomApiConnection":false}},"databaseReferences":{},"almMode":"Environment","performanceOptimizationEnabled":true,"canConsumeAppPass":true,"executionRestrictions":{"isTeamsOnly":false,"dataLossPreventionEvaluationResult":{"status":"Compliant","lastEvaluationDate":"2021-04-28T10:44:37.5609563Z","violationDetails":[]}}},"isAppComponentLibrary":false,"appType":"ClassicCanvasApp","appComponents":[]}}