{"name":"5b523df3-39fe-4f77-82b2-4c3474ebcce1","id":"/providers/Microsoft.Flow/flows/5b523df3-39fe-4f77-82b2-4c3474ebcce1","type":"Microsoft.Flow/flows","properties":{"apiId":"/providers/Microsoft.PowerApps/apis/shared_logicflows","displayName":"Copy of - RemainderFlow","definition":{"metadata":{"workflowEntityId":null,"processAdvisorMetadata":null,"flowclientsuspensionreason":"None","flowclientsuspensiontime":null,"creator":{"id":"cbf6b318-835e-4eaa-94a8-878a92e80997","type":"User","tenantId":"c7ba1ffa-0912-4ec7-be94-7cfcb8a19dd6"},"provisioningMethod":"FromDefinition","failureAlertSubscription":true,"clientLastModifiedTime":"2021-06-21T04:44:50.853895Z"},"$schema":"https://schema.management.azure.com/providers/Microsoft.Logic/schemas/2016-06-01/workflowdefinition.json#","contentVersion":"1.0.0.0","parameters":{"$connections":{"defaultValue":{},"type":"Object"},"$authentication":{"defaultValue":{},"type":"SecureObject"}},"triggers":{"Recurrence":{"recurrence":{"frequency":"Month","interval":1,"startTime":"2021-05-12T04:30:00.000Z"},"type":"Recurrence"}},"actions":{"Send_an_HTTP_request_to_SharePoint":{"runAfter":{"Compose_Today_date_filter":["Succeeded"]},"type":"OpenApiConnection","inputs":{"host":{"apiId":"/providers/Microsoft.PowerApps/apis/shared_sharepointonline","connectionName":"shared_sharepointonline_1","operationId":"HttpRequest"},"parameters":{"dataset":"https://ronvanderhamdevelopment.sharepoint.com/sites/TestMdsSite","parameters/method":"POST","parameters/uri":"/_api/web/lists/GetByTitle('@{variables('Listorlib Name')}')/GetItems","parameters/headers":{"accept":"application/json;odata=verbose","content-type":"application/json;odata=verbose"},"parameters/body":"{\n\"query\":{ \n            \"__metadata\": { \"type\": \"SP.CamlQuery\" },\n            \"ViewXml\": \"@{outputs('Compose_Today_date_filter')}\"\n        } \n}"},"authentication":"@parameters('$authentication')"}},"Initialize_variable_2":{"runAfter":{},"type":"InitializeVariable","inputs":{"variables":[{"name":"Listorlib Name","type":"string","value":"ApprovalMultipleStages"}]}},"Initialize_variable_3":{"runAfter":{"Initialize_variable_2":["Succeeded"]},"type":"InitializeVariable","inputs":{"variables":[{"name":"Jsondata","type":"object"}]}},"Send_an_HTTP_request_to_SharePoint_2":{"runAfter":{"Compose_Tommorrow_date_filter":["Succeeded"]},"type":"OpenApiConnection","inputs":{"host":{"apiId":"/providers/Microsoft.PowerApps/apis/shared_sharepointonline","connectionName":"shared_sharepointonline_1","operationId":"HttpRequest"},"parameters":{"dataset":"https://ronvanderhamdevelopment.sharepoint.com/sites/TestMdsSite","parameters/method":"POST","parameters/uri":"/_api/web/lists/GetByTitle('@{variables('Listorlib Name')}')/GetItems","parameters/headers":{"accept":"application/json;odata=verbose","content-type":"application/json;odata=verbose"},"parameters/body":"{\n\"query\":{ \n            \"__metadata\": { \"type\": \"SP.CamlQuery\" },\n            \"ViewXml\": \"@{outputs('Compose_Tommorrow_date_filter')}\"\n        } \n}"},"authentication":"@parameters('$authentication')"}},"Compose_Today_date_filter":{"runAfter":{"Initialize_variable_3":["Succeeded"]},"type":"Compose","inputs":"<View><Query><Where><And><Contains><FieldRef Name='remainder'/><Value Type='Note'>InProgress</Value></Contains><Contains><FieldRef Name='remainder'/><Value Type='Note'>@{formatDateTime(utcNow(),'yyyy-MM-dd')}</Value></Contains></And></Where></Query></View>"},"Condition_4":{"actions":{"Apply_to_each_5":{"foreach":"@body('Send_an_HTTP_request_to_SharePoint')['d']['results']","actions":{"Set_variable_5":{"runAfter":{},"type":"SetVariable","inputs":{"name":"Jsondata","value":"@json(items('Apply_to_each_5')?['remainder'])"}},"Send_an_email_(V2)_4":{"runAfter":{"Get_file_properties":["Succeeded"]},"type":"OpenApiConnection","inputs":{"host":{"apiId":"/providers/Microsoft.PowerApps/apis/shared_office365","connectionName":"shared_office365","operationId":"SendEmailV2"},"parameters":{"emailMessage/To":"@variables('Jsondata')?['Approver']","emailMessage/Subject":"Remainder: Please Approve @{variables('Jsondata')?['Name']} Due By Today","emailMessage/Body":"<p>An approval assigned to you for '@{variables('Jsondata')?['Name']}' is still pending and due by @{variables('Jsondata')?['DueDate']}.<br>\n<br>\nPlease review the approval <a href=\"@{variables('Jsondata')?['ApprovalLink']}\">here</a> to approve or reject the request.<br>\n<br>\nItem link : <a href=\"@{outputs('Get_file_properties')?['body/{Link}']}\">here</a></p>"},"authentication":"@parameters('$authentication')"}},"Get_file_properties":{"runAfter":{"Set_variable_5":["Succeeded"]},"type":"OpenApiConnection","inputs":{"host":{"apiId":"/providers/Microsoft.PowerApps/apis/shared_sharepointonline","connectionName":"shared_sharepointonline_1","operationId":"GetFileItem"},"parameters":{"dataset":"https://ronvanderhamdevelopment.sharepoint.com/sites/TestMdsSite","table":"2729d972-9120-4214-9eca-50a018f3201f","id":"@items('Apply_to_each_5')?['ID']"},"authentication":"@parameters('$authentication')"}}},"runAfter":{},"type":"Foreach"}},"runAfter":{"Send_an_HTTP_request_to_SharePoint":["Succeeded"]},"expression":{"greater":["@length(body('Send_an_HTTP_request_to_SharePoint')['d']['results'])",0]},"type":"If"},"Compose_Tommorrow_date_filter":{"runAfter":{"Condition_4":["Succeeded"]},"type":"Compose","inputs":"<View><Query><Where><And><Contains><FieldRef Name='remainder'/><Value Type='Note'>InProgress</Value></Contains><Contains><FieldRef Name='remainder'/><Value Type='Note'>@{addDays(utcNow(),1,'yyyy-MM-dd')}</Value></Contains></And></Where></Query></View>"},"Condition_5":{"actions":{"Apply_to_each_4":{"foreach":"@body('Send_an_HTTP_request_to_SharePoint_2')['d']['results']","actions":{"Set_variable_4":{"runAfter":{},"type":"SetVariable","inputs":{"name":"Jsondata","value":"@json(items('Apply_to_each_4')?['remainder'])"}},"Send_an_email_(V2)_5":{"runAfter":{"Get_file_properties_2":["Succeeded"]},"type":"OpenApiConnection","inputs":{"host":{"apiId":"/providers/Microsoft.PowerApps/apis/shared_office365","connectionName":"shared_office365","operationId":"SendEmailV2"},"parameters":{"emailMessage/To":"@variables('Jsondata')?['Approver']","emailMessage/Subject":"Remainder: Please Approve @{variables('Jsondata')?['Name']} Due By Tomorrow","emailMessage/Body":"<p>An approval assigned to you for '@{variables('Jsondata')?['Name']}' is still pending and due by @{variables('Jsondata')?['DueDate']}.<br>\n<br>\nPlease review the approval <a href=\"@{variables('Jsondata')?['ApprovalLink']}\">here</a> to approve or reject the request.<br>\n<br>\nItem link : <a href=\"@{outputs('Get_file_properties_2')?['body/{Link}']}\">here</a></p>"},"authentication":"@parameters('$authentication')"}},"Get_file_properties_2":{"runAfter":{"Set_variable_4":["Succeeded"]},"type":"OpenApiConnection","inputs":{"host":{"apiId":"/providers/Microsoft.PowerApps/apis/shared_sharepointonline","connectionName":"shared_sharepointonline_1","operationId":"GetFileItem"},"parameters":{"dataset":"https://ronvanderhamdevelopment.sharepoint.com/sites/TestMdsSite","table":"2729d972-9120-4214-9eca-50a018f3201f","id":"@items('Apply_to_each_4')?['ID']"},"authentication":"@parameters('$authentication')"}}},"runAfter":{},"type":"Foreach"}},"runAfter":{"Send_an_HTTP_request_to_SharePoint_2":["Succeeded"]},"expression":{"greater":["@length(body('Send_an_HTTP_request_to_SharePoint_2')['d']['results'])",0]},"type":"If"},"Compose_overdue_date_filter":{"runAfter":{"Condition_5":["Succeeded"]},"type":"Compose","inputs":"<View><Query><Where><And><Contains><FieldRef Name='remainder'/><Value Type='Note'>InProgress</Value></Contains><Contains><FieldRef Name='remainder'/><Value Type='Note'>@{addDays(utcNow(), -1, 'yyyy-MM-dd')}</Value></Contains></And></Where></Query></View>"},"Send_an_HTTP_request_to_SharePoint_3":{"runAfter":{"Compose_overdue_date_filter":["Succeeded"]},"type":"OpenApiConnection","inputs":{"host":{"apiId":"/providers/Microsoft.PowerApps/apis/shared_sharepointonline","connectionName":"shared_sharepointonline_1","operationId":"HttpRequest"},"parameters":{"dataset":"https://ronvanderhamdevelopment.sharepoint.com/sites/TestMdsSite","parameters/method":"POST","parameters/uri":"/_api/web/lists/GetByTitle('@{variables('Listorlib Name')}')/GetItems","parameters/headers":{"accept":"application/json;odata=verbose","content-type":"application/json;odata=verbose"},"parameters/body":"{\n\"query\":{ \n            \"__metadata\": { \"type\": \"SP.CamlQuery\" },\n            \"ViewXml\": \"@{outputs('Compose_overdue_date_filter')}\"\n        } \n}"},"authentication":"@parameters('$authentication')"}},"Condition_6":{"actions":{"Apply_to_each_6":{"foreach":"@body('Send_an_HTTP_request_to_SharePoint_3')['d']['results']","actions":{"Set_variable_6":{"runAfter":{},"type":"SetVariable","inputs":{"name":"Jsondata","value":"@json(items('Apply_to_each_6')?['remainder'])"}},"Send_an_email_(V2)_6":{"runAfter":{"Get_file_properties_3":["Succeeded"]},"type":"OpenApiConnection","inputs":{"host":{"apiId":"/providers/Microsoft.PowerApps/apis/shared_office365","connectionName":"shared_office365","operationId":"SendEmailV2"},"parameters":{"emailMessage/To":"@variables('Jsondata')?['Approver']","emailMessage/Subject":"Remainder: Please Approve @{variables('Jsondata')?['Name']} Overdue","emailMessage/Body":"<p>An approval assigned to you for '@{variables('Jsondata')?['Name']}' is still pending and due by @{variables('Jsondata')?['DueDate']}.<br>\n<br>\nPlease review the approval <a href=\"@{variables('Jsondata')?['ApprovalLink']}\">here</a> to approve or reject the request.<br>\n<br>\nItem link : <a href=\"@{outputs('Get_file_properties_3')?['body/{Link}']}\">here</a></p>"},"authentication":"@parameters('$authentication')"}},"Get_file_properties_3":{"runAfter":{"Set_variable_6":["Succeeded"]},"type":"OpenApiConnection","inputs":{"host":{"apiId":"/providers/Microsoft.PowerApps/apis/shared_sharepointonline","connectionName":"shared_sharepointonline_1","operationId":"GetFileItem"},"parameters":{"dataset":"https://ronvanderhamdevelopment.sharepoint.com/sites/TestMdsSite","table":"2729d972-9120-4214-9eca-50a018f3201f","id":"@items('Apply_to_each_6')?['ID']"},"authentication":"@parameters('$authentication')"}}},"runAfter":{},"type":"Foreach"}},"runAfter":{"Send_an_HTTP_request_to_SharePoint_3":["Succeeded"]},"expression":{"greater":["@length(body('Send_an_HTTP_request_to_SharePoint_3')['d']['results'])",0]},"type":"If"}}},"connectionReferences":{"shared_sharepointonline_1":{"connectionName":"07d288303cee4e01a7c71fc5c78b6d27","source":"Embedded","id":"/providers/Microsoft.PowerApps/apis/shared_sharepointonline","tier":"NotSpecified"},"shared_office365":{"connectionName":"shared-office365-1291e008-6065-4415-b008-7225-cf47f4d8","source":"Embedded","id":"/providers/Microsoft.PowerApps/apis/shared_office365","tier":"NotSpecified"}},"flowFailureAlertSubscribed":false}}