{"name":"e2b668e6-af0e-4ceb-8490-69c30d7624fc","id":"/providers/Microsoft.Flow/flows/e2b668e6-af0e-4ceb-8490-69c30d7624fc","type":"Microsoft.Flow/flows","properties":{"apiId":"/providers/Microsoft.PowerApps/apis/shared_logicflows","displayName":"Copy of - OOTB Collect Signature_Library","definition":{"metadata":{"workflowEntityId":null,"processAdvisorMetadata":null,"flowclientsuspensionreason":"None","flowclientsuspensiontime":null,"creator":{"id":"cbf6b318-835e-4eaa-94a8-878a92e80997","type":"User","tenantId":"c7ba1ffa-0912-4ec7-be94-7cfcb8a19dd6"},"provisioningMethod":"FromDefinition","failureAlertSubscription":true,"clientLastModifiedTime":"2021-06-16T09:58:58.8624727Z"},"$schema":"https://schema.management.azure.com/providers/Microsoft.Logic/schemas/2016-06-01/workflowdefinition.json#","contentVersion":"1.0.0.0","parameters":{"$connections":{"defaultValue":{},"type":"Object"},"$authentication":{"defaultValue":{},"type":"SecureObject"}},"triggers":{"When_a_file_is_created_(properties_only)":{"recurrence":{"frequency":"Minute","interval":1},"splitOn":"@triggerOutputs()?['body/value']","type":"OpenApiConnection","inputs":{"host":{"apiId":"/providers/Microsoft.PowerApps/apis/shared_sharepointonline","connectionName":"shared_sharepointonline","operationId":"GetOnNewFileItems"},"parameters":{"dataset":"https://ronvanderhamdevelopment.sharepoint.com/sites/TestMdsSite","table":"071def7c-d910-493c-a899-4d5b8936ae54"},"authentication":"@parameters('$authentication')"}}},"actions":{"Initialize_variable_to_Check_":{"runAfter":{"Initialize_variable_for_CC_User":["Succeeded"]},"type":"InitializeVariable","inputs":{"variables":[{"name":"Check","type":"boolean","value":"@false"}]},"description":"To initialize to Check"},"Initialize_variable_for_Index":{"runAfter":{"Initialize_variable_to_Check_":["Succeeded"]},"type":"InitializeVariable","inputs":{"variables":[{"name":"Index","type":"integer","value":0}]},"description":"To initialize for Index"},"Initialize_variable_for_Temporary_Approver":{"runAfter":{"Initialize_variable_for_Index":["Succeeded"]},"type":"InitializeVariable","inputs":{"variables":[{"name":"TempApprover","type":"string"}]},"description":"To initialize for Temporary Approver"},"Initialize_variable_for_Approver_Done_Status":{"runAfter":{"Initialize_variable_for_Temporary_Approver":["Succeeded"]},"type":"InitializeVariable","inputs":{"variables":[{"name":"ApproverDone","type":"boolean","value":"@false"}]},"description":"To initialize for Approver Done Status"},"Initialize_variable_for_Mail_Response":{"runAfter":{"Initialize_variable_for_Approver_Done_Status":["Succeeded"]},"type":"InitializeVariable","inputs":{"variables":[{"name":"MailResponse","type":"array"}]},"description":"To initialize for Mail Response"},"Initialize_variable_for_Count":{"runAfter":{"Initialize_variable_for_Mail_Response":["Succeeded"]},"type":"InitializeVariable","inputs":{"variables":[{"name":"Count","type":"integer","value":0}]},"description":"To initialize for Count"},"Condition_to_check_the_File_Extension":{"actions":{"Compose":{"runAfter":{"Create_HTML_table":["Succeeded"]},"type":"Compose","inputs":"<style>\ntable {\n  width: 100%;\n  background-color: #FFFFFF;\n  border-collapse: collapse;\n  border-width: 2px;\n  border-color: #7EA8F8;\n  border-style: solid;\n  color: #000000;\n  text-align: left;\n}\ntable td, table th {\n  border-width: 2px;\n  border-color: #7EA8F8;\n  border-style: solid;\n  padding: 5px;\n}\ntable thead {\n  background-color: #DEDEDE;\n}\n</style>\n@{body('Create_HTML_table')}","description":"To Compose the output of Create HTML "},"Create_HTML_table":{"runAfter":{"Do_until":["Succeeded"]},"type":"Table","inputs":{"from":"@variables('MailResponse')","format":"HTML"},"description":"To create HTML table from the Mail Response"},"Condition_to_check_CC_User_in_Serial":{"actions":{"Send_an_email_for_Serial_with_CC_User":{"runAfter":{},"type":"OpenApiConnection","inputs":{"host":{"apiId":"/providers/Microsoft.PowerApps/apis/shared_office365","connectionName":"shared_office365","operationId":"SendEmailV2"},"parameters":{"emailMessage/To":"@triggerOutputs()?['body/Author/Email']","emailMessage/Subject":"Sign has been Completed","emailMessage/Body":"<p>Your assigned task has been Signed.<br>\n<br>\n@{outputs('Compose')}</p>","emailMessage/Cc":"@variables('CC User')"},"authentication":"@parameters('$authentication')"},"description":"To send email with CC User"}},"runAfter":{"Compose":["Succeeded"]},"else":{"actions":{"Send_an_email_for_Serial_without_CC_User":{"runAfter":{},"type":"OpenApiConnection","inputs":{"host":{"apiId":"/providers/Microsoft.PowerApps/apis/shared_office365","connectionName":"shared_office365","operationId":"SendEmailV2"},"parameters":{"emailMessage/To":"@triggerOutputs()?['body/Author/Email']","emailMessage/Subject":"Sign has been Completed","emailMessage/Body":"<p>Your assigned task has been Signed.<br>\n<br>\n@{outputs('Compose')}</p>"},"authentication":"@parameters('$authentication')"},"description":"To send email without CC User"}}},"expression":{"not":{"equals":["@variables('CC User')",""]}},"type":"If","description":"To check the CC User"},"Condition_to_check_CC_User_in_Serial_":{"actions":{"Send_an_email_for_Serial_with_CC_User_2":{"runAfter":{},"type":"OpenApiConnection","inputs":{"host":{"apiId":"/providers/Microsoft.PowerApps/apis/shared_office365","connectionName":"shared_office365","operationId":"SendEmailV2"},"parameters":{"emailMessage/To":"@triggerOutputs()?['body/Author/Email']","emailMessage/Subject":"Sign has been Initiated","emailMessage/Body":"<p>Your request for '@{triggerOutputs()?['body/{Name}']}' has been Started.<br>\n<br>\nItem Link : <a href=\"@{triggerOutputs()?['body/{Link}']}\">here</a><br>\n</p>","emailMessage/Cc":"@variables('CC User')"},"authentication":"@parameters('$authentication')"},"description":"To send email with CC User"}},"runAfter":{},"else":{"actions":{"Send_an_email_for_Serial_without_CC_User_2":{"runAfter":{},"type":"OpenApiConnection","inputs":{"host":{"apiId":"/providers/Microsoft.PowerApps/apis/shared_office365","connectionName":"shared_office365","operationId":"SendEmailV2"},"parameters":{"emailMessage/To":"@triggerOutputs()?['body/Author/DisplayName']","emailMessage/Subject":"Sign has been Initiated","emailMessage/Body":"<p>Your request for '@{triggerOutputs()?['body/{Name}']}' has been Started.<br>\n<br>\nItem Link : <a href=\"@{triggerOutputs()?['body/{Link}']}\">here</a><br>\n</p>"},"authentication":"@parameters('$authentication')"},"description":"To send email without CC User"}}},"expression":{"not":{"equals":["@variables('CC User')",""]}},"type":"If","description":"To check the CC User"},"Do_until":{"actions":{"Set_variable":{"runAfter":{},"type":"SetVariable","inputs":{"name":"Approvers","value":"@{variables('Array of stage')[variables('Stage Index no')]?['Assignee members']}"}},"Condition_is_to_check_whether_Serial_or_Parallel_2":{"actions":{"Do_until_for_Serial_Order_2":{"actions":{"Do_until_3":{"actions":{"Condition_4":{"actions":{"Set_variable_10":{"runAfter":{},"type":"SetVariable","inputs":{"name":"ApproverDone","value":"@true"},"description":"To set the \"ApproverDone\" variable to true"},"Select_5":{"runAfter":{"Set_variable_10":["Succeeded"]},"type":"Select","inputs":{"from":"@outputs('Start_and_wait_for_an_approval_for_Serial_2')?['body/responses']","select":{"Approver":"@item()?['responder']?['displayName']","Response":"@item()?['approverResponse']"}},"description":"To set the \"Responses\""},"Apply_to_each_8":{"foreach":"@body('Select_5')","actions":{"Append_to_array_variable_5":{"runAfter":{},"type":"AppendToArrayVariable","inputs":{"name":"MailResponse","value":"@items('Apply_to_each_8')"},"description":"To append \"MailResponse\" variable "}},"runAfter":{"Select_5":["Succeeded"]},"type":"Foreach","description":"To get the output from above \"Select\" step"}},"runAfter":{"Start_and_wait_for_an_approval_for_Serial_2":["Succeeded"]},"else":{"actions":{"Post_an_Adaptive_Card_to_a_Teams_user_and_wait_for_a_response_4":{"runAfter":{},"type":"OpenApiConnectionWebhook","inputs":{"host":{"apiId":"/providers/Microsoft.PowerApps/apis/shared_teams","connectionName":"shared_teams","operationId":"SubscribeUserFlowContinuation"},"parameters":{"UserFlowContinuationSubscriptionRequest/body/recipient/to":"@{variables('TempApprover')};","UserFlowContinuationSubscriptionRequest/body/messageBody":"{\n    \"$schema\": \"http://adaptivecards.io/schemas/adaptive-card.json\",\n    \"type\": \"AdaptiveCard\",\n    \"version\": \"1.0\",\n    \"body\": [\n        {\n            \"type\": \"ColumnSet\",\n            \"columns\": [\n                {\n                    \"type\": \"Column\",\n                    \"width\": 2,\n                    \"items\": [\n                        {\n                            \"type\": \"TextBlock\",\n                            \"text\": \"Please fill below details for Reassign\",\n                            \"weight\": \"Bolder\",\n                            \"size\": \"Medium\"\n                        },\n                        {\n                            \"type\": \"TextBlock\",\n                            \"text\": \"Reassign user Mail\",\n                            \"wrap\": true\n                        },\n                        {\n                            \"type\": \"Input.Text\",\n                            \"id\": \"changeUserMail\",\n                            \"placeholder\": \"Enter mail address\",\n                             \"style\": \"email\"\n                        },\n                        {\n                            \"type\": \"TextBlock\",\n                            \"text\": \"New Request\",\n                            \"wrap\": true\n                        },\n                        {\n                            \"type\": \"Input.Text\",\n                            \"id\": \"New Request\",\n                            \"placeholder\": \"Enter the request\",\n                             \"isMultiline\": true\n                        },\n                       {\n                            \"type\": \"TextBlock\",\n                            \"text\": \"New Duration\",\n                            \"wrap\": true\n                        },\n                        {\n                            \"type\": \"Input.Number\",\n                            \"id\": \"New Duration\",\n                            \"placeholder\": \"Enter the Duration\"\n                        },\n                            {\n                            \"type\": \"TextBlock\",\n                            \"text\": \"Duration Units\",\n                            \"wrap\": true\n                        },\n                       {\n            \"type\": \"Input.ChoiceSet\",\n            \"id\": \"Duration time\",\n            \"style\": \"compact\",\n            \"isMultiSelect\": false,\n            \"value\": \"1\",\n            \"choices\": [\n                {\n                    \"title\": \"Day\",\n                    \"value\": \"1\"\n                }\n            ]\n               }\n                    ]\n                }\n            ]\n        }\n    ],\n    \"actions\": [\n        {\n            \"type\": \"Action.Submit\",\n            \"title\": \"Submit\"\n        }\n    ]\n}","UserFlowContinuationSubscriptionRequest/body/updateMessage":"Success","UserFlowContinuationSubscriptionRequest/body/shouldUpdateCard":true},"authentication":"@parameters('$authentication')"},"description":"To send an Adaptive Card in Teams"},"Set_variable_11":{"runAfter":{"Post_an_Adaptive_Card_to_a_Teams_user_and_wait_for_a_response_4":["Succeeded"]},"type":"SetVariable","inputs":{"name":"TempApprover","value":"@outputs('Post_an_Adaptive_Card_to_a_Teams_user_and_wait_for_a_response_4')?['body/data/changeUserMail']"},"description":"To set the \"TempApprover\" variable to changeUserMail"},"Select_6":{"runAfter":{"Set_variable_11":["Succeeded"]},"type":"Select","inputs":{"from":"@outputs('Start_and_wait_for_an_approval_for_Serial_2')?['body/responses']","select":{"Approver":"@item()?['responder']?['displayName']","Response":"@item()?['approverResponse']"}},"description":"To set the \"Responses\""},"Apply_to_each_9":{"foreach":"@body('Select_6')","actions":{"Append_to_array_variable_6":{"runAfter":{},"type":"AppendToArrayVariable","inputs":{"name":"MailResponse","value":"@items('Apply_to_each_9')"},"description":"To append the \"MailResponse\" variable"}},"runAfter":{"Select_6":["Succeeded"]},"type":"Foreach","description":"To get the output from above \"Select\" step"}}},"expression":{"equals":["@outputs('Start_and_wait_for_an_approval_for_Serial_2')?['body/outcome']","Sign"]},"type":"If","description":"To check whether \"Sign\" or \"Reassign a Task\""},"Start_and_wait_for_an_approval_for_Serial_2":{"runAfter":{},"type":"OpenApiConnectionWebhook","inputs":{"host":{"apiId":"/providers/Microsoft.PowerApps/apis/shared_approvals","connectionName":"shared_approvals","operationId":"StartAndWaitForAnApproval"},"parameters":{"approvalType":"CustomResponse","WebhookApprovalCreationInput/responseOptions":["Sign","Reassign a Task"],"WebhookApprovalCreationInput/title":"@triggerOutputs()?['body/{Name}']","WebhookApprovalCreationInput/assignedTo":"@variables('TempApprover')","WebhookApprovalCreationInput/enableNotifications":true,"WebhookApprovalCreationInput/enableReassignment":true},"authentication":"@parameters('$authentication')"},"description":"To start and wait for an approval for Serial"}},"runAfter":{"Set_variable_to_Temporary_Approver_2":["Succeeded"]},"expression":"@equals(variables('ApproverDone'), true)","limit":{"count":60,"timeout":"PT720H"},"type":"Until","description":"To check \"ApproverDone\" variable to true"},"Set_variable_to_Approver_Done_Status_2":{"runAfter":{},"type":"SetVariable","inputs":{"name":"ApproverDone","value":"@false"},"description":"To set \"ApproverDone\" variable to false"},"Set_variable_to_Temporary_Approver_2":{"runAfter":{"Set_variable_to_Approver_Done_Status_2":["Succeeded"]},"type":"SetVariable","inputs":{"name":"TempApprover","value":"@{variables('ApproversArray')[variables('Index')]}"},"description":"To set \"Temporary Approver\" variable Index"},"Condition_to_check_Last_Index_2":{"actions":{"Set_variable_to_Check_2":{"runAfter":{},"type":"SetVariable","inputs":{"name":"Check","value":"@true"}}},"runAfter":{"Increment_variable_of_Index_by":["Succeeded"]},"expression":{"equals":["@variables('Index')","@length(variables('ApproversArray'))"]},"type":"If","description":"To check the Last Index of the variable \"ApproverArray\""},"Increment_variable_of_Index_by":{"runAfter":{"Do_until_3":["Succeeded"]},"type":"IncrementVariable","inputs":{"name":"Index","value":1},"description":"To increment the index value by 1"}},"runAfter":{},"expression":"@equals(variables('Check'), true)","limit":{"count":60,"timeout":"PT720H"},"type":"Until","description":"To check \"Check\" variable to true"}},"runAfter":{"Condition_assign_members_for_stage":["Succeeded"]},"else":{"actions":{"Do_until_for_Parallel_Order_2":{"actions":{"Start_and_wait_for_an_approval":{"runAfter":{},"type":"OpenApiConnectionWebhook","inputs":{"host":{"apiId":"/providers/Microsoft.PowerApps/apis/shared_approvals","connectionName":"shared_approvals","operationId":"StartAndWaitForAnApproval"},"parameters":{"approvalType":"CustomResponseAwaitAll","WebhookApprovalCreationInput/responseOptions":["Sign","Reassign a Task"],"WebhookApprovalCreationInput/title":"@triggerOutputs()?['body/{Name}']","WebhookApprovalCreationInput/assignedTo":"@{variables('TempApproverParellel')};","WebhookApprovalCreationInput/enableNotifications":true,"WebhookApprovalCreationInput/enableReassignment":true},"authentication":"@parameters('$authentication')"},"description":"To start and wait for an Approval"},"Select_4":{"runAfter":{"Start_and_wait_for_an_approval":["Succeeded"]},"type":"Select","inputs":{"from":"@outputs('Start_and_wait_for_an_approval')?['body/responses']","select":{"Approver":"@item()?['responder']?['displayName']","Response":"@item()?['approverResponse']","Approver Mail":"@item()?['responder']?['email']"}},"description":"To set the \"Responses\""},"Set_variable_2":{"runAfter":{"Select_4":["Succeeded"]},"type":"SetVariable","inputs":{"name":"TempApproverParellel","value":"@{null}"},"description":"To set \"Approvers\" variable to Null"},"Apply_to_each_7":{"foreach":"@body('Select_4')","actions":{"Condition_3":{"actions":{"Increment_variable":{"runAfter":{},"type":"IncrementVariable","inputs":{"name":"Count","value":1},"description":"To increment the \"Count\" variable by 1"},"Compose_5":{"runAfter":{"Increment_variable":["Succeeded"]},"type":"Compose","inputs":{"Approver":"@{items('Apply_to_each_7')?['Approver']}","Response":"@{items('Apply_to_each_7')?['Response']}"},"description":"To compose the Response"},"Append_to_array_variable_4":{"runAfter":{"Compose_5":["Succeeded"]},"type":"AppendToArrayVariable","inputs":{"name":"MailResponse","value":"@outputs('Compose_5')"},"description":"To append the \"MailResponse\" value"}},"runAfter":{},"else":{"actions":{"Post_an_Adaptive_Card_to_a_Teams_user_and_wait_for_a_response_3":{"runAfter":{},"type":"OpenApiConnectionWebhook","inputs":{"host":{"apiId":"/providers/Microsoft.PowerApps/apis/shared_teams","connectionName":"shared_teams","operationId":"SubscribeUserFlowContinuation"},"parameters":{"UserFlowContinuationSubscriptionRequest/body/recipient/to":"@items('Apply_to_each_7')?['Approver Mail']","UserFlowContinuationSubscriptionRequest/body/messageBody":"{\n    \"$schema\": \"http://adaptivecards.io/schemas/adaptive-card.json\",\n    \"type\": \"AdaptiveCard\",\n    \"version\": \"1.0\",\n    \"body\": [\n        {\n            \"type\": \"ColumnSet\",\n            \"columns\": [\n                {\n                    \"type\": \"Column\",\n                    \"width\": 2,\n                    \"items\": [\n                        {\n                            \"type\": \"TextBlock\",\n                            \"text\": \"Please fill below details for Reassign\",\n                            \"weight\": \"Bolder\",\n                            \"size\": \"Medium\"\n                        },\n                        {\n                            \"type\": \"TextBlock\",\n                            \"text\": \"Reassign user Mail\",\n                            \"wrap\": true\n                        },\n                        {\n                            \"type\": \"Input.Text\",\n                            \"id\": \"changeUserMail\",\n                            \"placeholder\": \"Enter mail address\",\n                             \"style\": \"email\"\n                        },\n                        {\n                            \"type\": \"TextBlock\",\n                            \"text\": \"New Request\",\n                            \"wrap\": true\n                        },\n                        {\n                            \"type\": \"Input.Text\",\n                            \"id\": \"New Request\",\n                            \"placeholder\": \"Enter the request\",\n                             \"isMultiline\": true\n                        },\n                       {\n                            \"type\": \"TextBlock\",\n                            \"text\": \"New Duration\",\n                            \"wrap\": true\n                        },\n                        {\n                            \"type\": \"Input.Number\",\n                            \"id\": \"New Duration\",\n                            \"placeholder\": \"Enter the Duration\"\n                        },\n                            {\n                            \"type\": \"TextBlock\",\n                            \"text\": \"Duration Units\",\n                            \"wrap\": true\n                        },\n                       {\n            \"type\": \"Input.ChoiceSet\",\n            \"id\": \"Duration time\",\n            \"style\": \"compact\",\n            \"isMultiSelect\": false,\n            \"value\": \"1\",\n            \"choices\": [\n                {\n                    \"title\": \"Day\",\n                    \"value\": \"1\"\n                }\n            ]\n               }\n                    ]\n                }\n            ]\n        }\n    ],\n    \"actions\": [\n        {\n            \"type\": \"Action.Submit\",\n            \"title\": \"Submit\"\n        }\n    ]\n}","UserFlowContinuationSubscriptionRequest/body/updateMessage":"Success","UserFlowContinuationSubscriptionRequest/body/shouldUpdateCard":true},"authentication":"@parameters('$authentication')"},"description":"To create the Adaptive Card in Teams"},"Append_to_string_variable_3":{"runAfter":{"Post_an_Adaptive_Card_to_a_Teams_user_and_wait_for_a_response_3":["Succeeded"]},"type":"AppendToStringVariable","inputs":{"name":"TempApproverParellel","value":"@{outputs('Post_an_Adaptive_Card_to_a_Teams_user_and_wait_for_a_response_3')?['body/data/changeUserMail']};"},"description":"To append the \"Approvers\" value to \"changeUserMail\""},"Compose_2":{"runAfter":{"Append_to_string_variable_3":["Succeeded"]},"type":"Compose","inputs":{"Approver":"@{items('Apply_to_each_7')?['Approver']}","Response":"@{items('Apply_to_each_7')?['Response']}"},"description":"To compose the Response"},"Append_to_array_variable_2":{"runAfter":{"Compose_2":["Succeeded"]},"type":"AppendToArrayVariable","inputs":{"name":"MailResponse","value":"@outputs('Compose_2')"}}}},"expression":{"equals":["@items('Apply_to_each_7')?['Response']","Sign"]},"type":"If","description":"To check the \"Response\" is equal to \"Sign\""}},"runAfter":{"Set_variable_2":["Succeeded"]},"type":"Foreach","description":"To get the output from above step"},"Condition":{"actions":{"Set_variable_9":{"runAfter":{},"type":"SetVariable","inputs":{"name":"ApproverDone","value":"@true"},"description":"To set the \"ApproverDone\" variable to true"}},"runAfter":{"Apply_to_each_7":["Succeeded"]},"expression":{"equals":["@length(body('Select_4'))","@variables('Count')"]},"type":"If","description":"To check the length with count \"variable\""},"Set_variable_5":{"runAfter":{"Condition":["Succeeded"]},"type":"SetVariable","inputs":{"name":"Count","value":0},"description":"To set the \"Count\" variable to 0"}},"runAfter":{},"expression":"@equals(variables('ApproverDone'), true)","limit":{"count":60,"timeout":"PT1H"},"type":"Until","description":"To check \"ApproverDone\" variable to true"}}},"expression":{"equals":["@variables('order')","serial"]},"type":"If","description":"To check the order \"Serial\" or \"Parallel\""},"Set_variable_3":{"runAfter":{"Set_variable":["Succeeded"]},"type":"SetVariable","inputs":{"name":"assign group","value":"@variables('Array of stage')[variables('Stage Index no')]?['assign group']"}},"Set_variable_4":{"runAfter":{"Set_variable_23":["Succeeded"]},"type":"SetVariable","inputs":{"name":"order","value":"@{variables('Array of stage')[variables('Stage Index no')]?['order']}"}},"Set_variable_6":{"runAfter":{"Set_variable_4":["Succeeded"]},"type":"SetVariable","inputs":{"name":"Check","value":"@false"}},"Set_variable_7":{"runAfter":{"Set_variable_6":["Succeeded"]},"type":"SetVariable","inputs":{"name":"ApproverDone","value":"@false"}},"Set_variable_12":{"runAfter":{"Condition_is_to_check_whether_Serial_or_Parallel_2":["Succeeded"]},"type":"SetVariable","inputs":{"name":"Index","value":0}},"Set_variable_13":{"runAfter":{"Set_variable_12":["Succeeded"]},"type":"SetVariable","inputs":{"name":"TempApprover","value":"@{null}"}},"Set_variable_14":{"runAfter":{"Set_variable_13":["Succeeded"]},"type":"SetVariable","inputs":{"name":"Count","value":0}},"Condition_5":{"actions":{"Set_variable_15":{"runAfter":{},"type":"SetVariable","inputs":{"name":"stage","value":"@true"}}},"runAfter":{"Set_variable_20":["Succeeded"]},"expression":{"equals":["@variables('Array of stage')[variables('Stage Index no')]","@last(variables('Array of stage'))"]},"type":"If"},"Increment_variable_2":{"runAfter":{"Condition_5":["Succeeded"]},"type":"IncrementVariable","inputs":{"name":"Stage Index no","value":1}},"Set_variable_16":{"runAfter":{"Set_variable_3":["Succeeded"]},"type":"SetVariable","inputs":{"name":"sharepoint group","value":"@{variables('Array of stage')[variables('Stage Index no')]?['sharepoint group']}"}},"Set_variable_17":{"runAfter":{"Set_variable_14":["Succeeded"]},"type":"SetVariable","inputs":{"name":"ApproversArray","value":[]}},"Set_variable_18":{"runAfter":{"Set_variable_17":["Succeeded"]},"type":"SetVariable","inputs":{"name":"Approvers","value":"@{null}"}},"Set_variable_20":{"runAfter":{"Set_variable_18":["Succeeded"]},"type":"SetVariable","inputs":{"name":"TempApproverParellel","value":"@{null}"}},"Set_variable_23":{"runAfter":{"Set_variable_16":["Succeeded"]},"type":"SetVariable","inputs":{"name":"O365 group mail","value":"@{variables('Array of stage')[variables('Stage Index no')]?['O365 mail']}"}},"Condition_assign_members_for_stage":{"actions":{"Condition_6":{"actions":{"Set_variable_8":{"runAfter":{},"type":"SetVariable","inputs":{"name":"TempApproverParellel","value":"@{variables('Approvers')};"}},"Condition_7":{"actions":{"Apply_to_each":{"foreach":"@split(variables('O365 group mail'), ';')","actions":{"getgroupDetails_2":{"runAfter":{},"metadata":{"flowSystemMetadata":{"swaggerOperationId":"getgroupDetails"}},"type":"ApiConnection","inputs":{"host":{"connection":{"name":"@parameters('$connections')['shared_testgroupmember-5f94d32d166053e5df-5f77ca1c62a90586bd']['connectionId']"},"api":{"runtimeUrl":"https://europe-002.azure-apim.net/apim/testgroupmember-5f94d32d166053e5df-5f77ca1c62a90586bd"}},"method":"get","path":"/v1.0/groups","queries":{"$filter":"mail eq '@{items('Apply_to_each')}'"},"authentication":"@parameters('$authentication')"}},"Parse_JSON_3":{"runAfter":{"getgroupDetails_2":["Succeeded"]},"type":"ParseJson","inputs":{"content":"@body('getgroupDetails_2')","schema":{"type":"object","properties":{"@@odata.context":{"type":"string"},"value":{"type":"array","items":{"type":"object","properties":{"id":{"type":"string"},"displayName":{"type":"string"},"mail":{"type":"string"}},"required":["id","displayName","mail"]}}}}}},"Apply_to_each_2":{"foreach":"@body('Parse_JSON_3')?['value']","actions":{"getgroupmembers_2":{"runAfter":{},"metadata":{"flowSystemMetadata":{"swaggerOperationId":"getgroupmembers"}},"type":"ApiConnection","inputs":{"host":{"connection":{"name":"@parameters('$connections')['shared_testgroupmember-5f94d32d166053e5df-5f77ca1c62a90586bd']['connectionId']"},"api":{"runtimeUrl":"https://europe-002.azure-apim.net/apim/testgroupmember-5f94d32d166053e5df-5f77ca1c62a90586bd"}},"method":"get","path":"/v1.0/groups/@{encodeURIComponent(items('Apply_to_each_2')?['id'])}/members","authentication":"@parameters('$authentication')"}},"Parse_JSON_4":{"runAfter":{"getgroupmembers_2":["Succeeded"]},"type":"ParseJson","inputs":{"content":"@body('getgroupmembers_2')","schema":{"type":"object","properties":{"@@odata.context":{"type":"string"},"value":{"type":"array","items":{"type":"object","properties":{"@@odata.type":{"type":"string"},"id":{"type":"string"},"displayName":{"type":"string"},"mail":{"type":"string"}},"required":["@@odata.type","id","displayName","mail"]}}}}}},"Apply_to_each_3":{"foreach":"@body('Parse_JSON_4')?['value']","actions":{"Append_to_array_variable":{"runAfter":{},"type":"AppendToArrayVariable","inputs":{"name":"ApproversArray","value":"@items('Apply_to_each_3')?['mail']"}},"Append_to_string_variable":{"runAfter":{"Append_to_array_variable":["Succeeded"]},"type":"AppendToStringVariable","inputs":{"name":"TempApproverParellel","value":"@{items('Apply_to_each_3')?['mail']};"}}},"runAfter":{"Parse_JSON_4":["Succeeded"]},"type":"Foreach"}},"runAfter":{"Parse_JSON_3":["Succeeded"]},"type":"Foreach"}},"runAfter":{},"type":"Foreach"}},"runAfter":{"Set_variable_19":["Succeeded"]},"else":{"actions":{"Apply_to_each_5":{"foreach":"@split(variables('sharepoint group'), ';')","actions":{"Send_an_HTTP_request_to_SharePoint_2":{"runAfter":{},"metadata":{"flowSystemMetadata":{"swaggerOperationId":"HttpRequest"}},"type":"ApiConnection","inputs":{"host":{"connection":{"name":"@parameters('$connections')['shared_sharepointonline_1']['connectionId']"},"api":{"runtimeUrl":"https://europe-002.azure-apim.net/apim/sharepointonline"}},"method":"post","body":{"method":"GET","uri":"_api/web/sitegroups/getbyname('@{items('Apply_to_each_5')}')/users","headers":{"Accept":"application/json;odata=verbose"}},"path":"/datasets/@{encodeURIComponent(encodeURIComponent('https://ronvanderhamdevelopment.sharepoint.com/sites/TestMdsSite'))}/httprequest","authentication":"@parameters('$authentication')"}},"Apply_to_each_6":{"foreach":"@body('Send_an_HTTP_request_to_SharePoint_2')['d']['results']","actions":{"Condition_9":{"actions":{"Append_to_string_variable_2":{"runAfter":{},"type":"AppendToStringVariable","inputs":{"name":"TempApproverParellel","value":"@{items('Apply_to_each_6')?['Email']};"}},"Append_to_array_variable_3":{"runAfter":{"Append_to_string_variable_2":["Succeeded"]},"type":"AppendToArrayVariable","inputs":{"name":"ApproversArray","value":"@items('Apply_to_each_6')?['Email']"}}},"runAfter":{},"expression":{"and":[{"equals":["@items('Apply_to_each_6')?['principalType']",1]},{"not":{"equals":["@items('Apply_to_each_6')?['Email']",""]}}]},"type":"If"}},"runAfter":{"Send_an_HTTP_request_to_SharePoint_2":["Succeeded"]},"type":"Foreach"}},"runAfter":{},"type":"Foreach"}}},"expression":{"equals":["@variables('sharepoint group')",""]},"type":"If"},"Set_variable_19":{"runAfter":{"Set_variable_8":["Succeeded"]},"type":"SetVariable","inputs":{"name":"order","value":"@{split(variables('Approvers'), ';')}"}}},"runAfter":{},"else":{"actions":{"Condition_8":{"actions":{"Apply_to_each_4":{"foreach":"@split(variables('O365 group mail'), ';')","actions":{"getgroupDetails":{"runAfter":{},"metadata":{"flowSystemMetadata":{"swaggerOperationId":"getgroupDetails"}},"type":"ApiConnection","inputs":{"host":{"connection":{"name":"@parameters('$connections')['shared_testgroupmember-5f94d32d166053e5df-5f77ca1c62a90586bd']['connectionId']"},"api":{"runtimeUrl":"https://europe-002.azure-apim.net/apim/testgroupmember-5f94d32d166053e5df-5f77ca1c62a90586bd"}},"method":"get","path":"/v1.0/groups","queries":{"$filter":"mail eq '@{items('Apply_to_each_4')}'"},"authentication":"@parameters('$authentication')"}},"Parse_JSON":{"runAfter":{"getgroupDetails":["Succeeded"]},"type":"ParseJson","inputs":{"content":"@body('getgroupDetails')","schema":{"type":"object","properties":{"@@odata.context":{"type":"string"},"value":{"type":"array","items":{"type":"object","properties":{"id":{"type":"string"},"displayName":{"type":"string"},"mail":{"type":"string"}},"required":["id","displayName","mail"]}}}}}},"Apply_to_each_10":{"foreach":"@body('Parse_JSON')?['value']","actions":{"getgroupmembers":{"runAfter":{},"metadata":{"flowSystemMetadata":{"swaggerOperationId":"getgroupmembers"}},"type":"ApiConnection","inputs":{"host":{"connection":{"name":"@parameters('$connections')['shared_testgroupmember-5f94d32d166053e5df-5f77ca1c62a90586bd']['connectionId']"},"api":{"runtimeUrl":"https://europe-002.azure-apim.net/apim/testgroupmember-5f94d32d166053e5df-5f77ca1c62a90586bd"}},"method":"get","path":"/v1.0/groups/@{encodeURIComponent(items('Apply_to_each_10')?['id'])}/members","authentication":"@parameters('$authentication')"}},"Parse_JSON_2":{"runAfter":{"getgroupmembers":["Succeeded"]},"type":"ParseJson","inputs":{"content":"@body('getgroupmembers')","schema":{"type":"object","properties":{"@@odata.context":{"type":"string"},"value":{"type":"array","items":{"type":"object","properties":{"@@odata.type":{"type":"string"},"id":{"type":"string"},"displayName":{"type":"string"},"mail":{"type":"string"}},"required":["@@odata.type","id","displayName","mail"]}}}}}},"Apply_to_each_13":{"foreach":"@body('Parse_JSON_2')?['value']","actions":{"Append_to_array_variable_7":{"runAfter":{},"type":"AppendToArrayVariable","inputs":{"name":"ApproversArray","value":"@items('Apply_to_each_13')?['mail']"}},"Append_to_string_variable_4":{"runAfter":{"Append_to_array_variable_7":["Succeeded"]},"type":"AppendToStringVariable","inputs":{"name":"TempApproverParellel","value":"@{items('Apply_to_each_13')?['mail']};"}}},"runAfter":{"Parse_JSON_2":["Succeeded"]},"type":"Foreach"}},"runAfter":{"Parse_JSON":["Succeeded"]},"type":"Foreach"}},"runAfter":{},"type":"Foreach"}},"runAfter":{},"else":{"actions":{"Apply_to_each_11":{"foreach":"@split(variables('sharepoint group'), ';')","actions":{"Send_an_HTTP_request_to_SharePoint":{"runAfter":{},"metadata":{"flowSystemMetadata":{"swaggerOperationId":"HttpRequest"}},"type":"ApiConnection","inputs":{"host":{"connection":{"name":"@parameters('$connections')['shared_sharepointonline_1']['connectionId']"},"api":{"runtimeUrl":"https://europe-002.azure-apim.net/apim/sharepointonline"}},"method":"post","body":{"method":"GET","uri":"_api/web/sitegroups/getbyname('@{items('Apply_to_each_11')}')/users","headers":{"Accept":"application/json;odata=verbose"}},"path":"/datasets/@{encodeURIComponent(encodeURIComponent('https://ronvanderhamdevelopment.sharepoint.com/sites/TestMdsSite'))}/httprequest","authentication":"@parameters('$authentication')"}},"Apply_to_each_12":{"foreach":"@body('Send_an_HTTP_request_to_SharePoint')['d']['results']","actions":{"Condition_11":{"actions":{"Append_to_string_variable_9":{"runAfter":{},"type":"AppendToStringVariable","inputs":{"name":"TempApproverParellel","value":"@{items('Apply_to_each_12')?['Email']};"}},"Append_to_array_variable_8":{"runAfter":{"Append_to_string_variable_9":["Succeeded"]},"type":"AppendToArrayVariable","inputs":{"name":"ApproversArray","value":"@items('Apply_to_each_12')?['Email']"}}},"runAfter":{},"expression":{"and":[{"equals":["@items('Apply_to_each_12')?['principalType']",1]},{"not":{"equals":["@items('Apply_to_each_12')?['Email']",""]}}]},"type":"If"}},"runAfter":{"Send_an_HTTP_request_to_SharePoint":["Succeeded"]},"type":"Foreach"}},"runAfter":{},"type":"Foreach"}}},"expression":{"equals":["@variables('sharepoint group')",""]},"type":"If"}}},"expression":{"not":{"equals":["@variables('Approvers')",""]}},"type":"If"}},"runAfter":{"Set_variable_7":["Succeeded"]},"else":{"actions":{"Set_variable_48":{"runAfter":{},"type":"SetVariable","inputs":{"name":"TempApproverParellel","value":"@variables('Approvers')"}},"Set_variable_49":{"runAfter":{"Set_variable_48":["Succeeded"]},"type":"SetVariable","inputs":{"name":"ApproversArray","value":"@split(variables('Approvers'), ';')"}}}},"expression":{"equals":["@variables('assign group')","@true"]},"type":"If"}},"runAfter":{"Condition_to_check_CC_User_in_Serial_":["Succeeded"]},"expression":"@equals(variables('stage'), true)","limit":{"count":60,"timeout":"PT720H"},"type":"Until"}},"runAfter":{"Condition_cc":["Succeeded"]},"else":{"actions":{"Send_an_email_(V2)":{"runAfter":{},"type":"OpenApiConnection","inputs":{"host":{"apiId":"/providers/Microsoft.PowerApps/apis/shared_office365","connectionName":"shared_office365","operationId":"SendEmailV2"},"parameters":{"emailMessage/To":"@triggerOutputs()?['body/Author/Email']","emailMessage/Subject":"Invalid File","emailMessage/Body":"<p>is invalid file.&nbsp; Kindly add the proper file.</p>"},"authentication":"@parameters('$authentication')"}}}},"expression":{"or":[{"contains":["@triggerOutputs()?['body/{FilenameWithExtension}']",".doc"]},{"contains":["@triggerOutputs()?['body/{FilenameWithExtension}']",".docx"]},{"contains":["@triggerOutputs()?['body/{FilenameWithExtension}']",".xls"]},{"contains":["@triggerOutputs()?['body/{FilenameWithExtension}']",".xlsx"]}]},"type":"If","description":"To check the file extension like \"Word\" or \"Excel\""},"Initialize_variable_for_Split":{"runAfter":{"Initialize_variable_for_\"Serial\"_or_\"Parallel\"":["Succeeded"]},"type":"InitializeVariable","inputs":{"variables":[{"name":"ApproversArray","type":"array"}]},"description":"To  initialize approvers array"},"Initialize_variable_for_Approvers":{"runAfter":{"Initialize_variable_for_Split":["Succeeded"]},"type":"InitializeVariable","inputs":{"variables":[{"name":"Approvers","type":"string"}]},"description":"To initialize approvers string"},"Initialize_variable_for_CC_User":{"runAfter":{"Initialize_variable_for_Approvers":["Succeeded"]},"type":"InitializeVariable","inputs":{"variables":[{"name":"CC User","type":"string"}]},"description":"To initialize the CC Users"},"Initialize_variable_for_Array_of_Stage_":{"runAfter":{},"type":"InitializeVariable","inputs":{"variables":[{"name":"Array of stage","type":"array","value":[{"assign group":"@true","Assignee members":"stan@ronvanderhamdevelopment.onmicrosoft.com;butters@ronvanderhamdevelopment.onmicrosoft.com","sharepoint group":"TestMdsSite Owners","O365 mail":"","order":"parallel"},{"assign group":"@false","Assignee members":"stan@ronvanderhamdevelopment.onmicrosoft.com;butters@ronvanderhamdevelopment.onmicrosoft.com","sharepoint group":"","O365 mail":"","order":"serial"},{"assign group":"@true","Assignee members":"","sharepoint group":"","O365 mail":"TestMds@ronvanderhamdevelopment.onmicrosoft.com","order":"parallel"}]}]}},"Initialize_variable_to_Stage_Check_":{"runAfter":{"Initialize_cc_Json_variable_":["Succeeded"]},"type":"InitializeVariable","inputs":{"variables":[{"name":"stage","type":"boolean","value":"@false"}]}},"Initialize_variable_to_Stage_Index_Number":{"runAfter":{"Initialize_variable_to_Stage_Check_":["Succeeded"]},"type":"InitializeVariable","inputs":{"variables":[{"name":"Stage Index no","type":"integer","value":0}]}},"Initialize_variable_to_Assign_Group":{"runAfter":{"Initialize_variable_to_Stage_Index_Number":["Succeeded"]},"type":"InitializeVariable","inputs":{"variables":[{"name":"assign group","type":"boolean"}]}},"Initialize_variable_to_SharePoint_Group":{"runAfter":{"Initialize_variable_to_Assign_Group":["Succeeded"]},"type":"InitializeVariable","inputs":{"variables":[{"name":"sharepoint group","type":"string"}]}},"Initialize_variable_for_\"Serial\"_or_\"Parallel\"":{"runAfter":{"Initialize_variable_office_365":["Succeeded"]},"type":"InitializeVariable","inputs":{"variables":[{"name":"order","type":"string"}]}},"Initialize_variable":{"runAfter":{"Initialize_variable_for_Count":["Succeeded"]},"type":"InitializeVariable","inputs":{"variables":[{"name":"TempApproverParellel","type":"string"}]}},"Initialize_variable_office_365":{"runAfter":{"Initialize_variable_to_SharePoint_Group":["Succeeded"]},"type":"InitializeVariable","inputs":{"variables":[{"name":"O365 group mail","type":"string"}]}},"Initialize_cc_Json_variable_":{"runAfter":{"Initialize_variable_for_Array_of_Stage_":["Succeeded"]},"type":"InitializeVariable","inputs":{"variables":[{"name":"cc json","type":"object","value":{"cc available":"@true","assign group":"@false","cc user":"butters@ronvanderhamdevelopment.onmicrosoft.com","sharepoint group":"","O365 group":""}}]}},"Condition_cc":{"actions":{"Condition_Cc_members_group":{"actions":{"Condition_14":{"actions":{"Set_variable_21":{"runAfter":{},"type":"SetVariable","inputs":{"name":"CC User","value":"@{variables('cc json')?['cc user']};"}},"Condition_15":{"actions":{"Apply_to_each_18":{"foreach":"@split(variables('cc json')?['O365 group'], ';')","actions":{"getgroupDetails_3":{"runAfter":{},"metadata":{"flowSystemMetadata":{"swaggerOperationId":"getgroupDetails"}},"type":"ApiConnection","inputs":{"host":{"connection":{"name":"@parameters('$connections')['shared_testgroupmember-5f94d32d166053e5df-5f77ca1c62a90586bd']['connectionId']"},"api":{"runtimeUrl":"https://europe-002.azure-apim.net/apim/testgroupmember-5f94d32d166053e5df-5f77ca1c62a90586bd"}},"method":"get","path":"/v1.0/groups","queries":{"$filter":"mail eq '@{items('Apply_to_each_18')}'"},"authentication":"@parameters('$authentication')"}},"Parse_JSON_5":{"runAfter":{"getgroupDetails_3":["Succeeded"]},"type":"ParseJson","inputs":{"content":"@body('getgroupDetails_3')","schema":{"type":"object","properties":{"@@odata.context":{"type":"string"},"value":{"type":"array","items":{"type":"object","properties":{"id":{"type":"string"},"displayName":{"type":"string"},"mail":{"type":"string"}},"required":["id","displayName","mail"]}}}}}},"Apply_to_each_19":{"foreach":"@body('Parse_JSON_5')?['value']","actions":{"getgroupmembers_3":{"runAfter":{},"metadata":{"flowSystemMetadata":{"swaggerOperationId":"getgroupmembers"}},"type":"ApiConnection","inputs":{"host":{"connection":{"name":"@parameters('$connections')['shared_testgroupmember-5f94d32d166053e5df-5f77ca1c62a90586bd']['connectionId']"},"api":{"runtimeUrl":"https://europe-002.azure-apim.net/apim/testgroupmember-5f94d32d166053e5df-5f77ca1c62a90586bd"}},"method":"get","path":"/v1.0/groups/@{encodeURIComponent(items('Apply_to_each_19')?['id'])}/members","authentication":"@parameters('$authentication')"}},"Parse_JSON_6":{"runAfter":{"getgroupmembers_3":["Succeeded"]},"type":"ParseJson","inputs":{"content":"@body('getgroupmembers_3')","schema":{"type":"object","properties":{"@@odata.context":{"type":"string"},"value":{"type":"array","items":{"type":"object","properties":{"@@odata.type":{"type":"string"},"id":{"type":"string"},"displayName":{"type":"string"},"mail":{"type":"string"}},"required":["@@odata.type","id","displayName","mail"]}}}}}},"Apply_to_each_20":{"foreach":"@body('Parse_JSON_6')?['value']","actions":{"Append_to_string_variable_6":{"runAfter":{},"type":"AppendToStringVariable","inputs":{"name":"CC User","value":"@{items('Apply_to_each_20')?['mail']};"}}},"runAfter":{"Parse_JSON_6":["Succeeded"]},"type":"Foreach"}},"runAfter":{"Parse_JSON_5":["Succeeded"]},"type":"Foreach"}},"runAfter":{},"type":"Foreach"}},"runAfter":{"Set_variable_21":["Succeeded"]},"else":{"actions":{"Apply_to_each_16":{"foreach":"@split(variables('cc json')?['sharepoint group'], ';')","actions":{"Send_an_HTTP_request_to_SharePoint_3":{"runAfter":{},"metadata":{"flowSystemMetadata":{"swaggerOperationId":"HttpRequest"}},"type":"ApiConnection","inputs":{"host":{"connection":{"name":"@parameters('$connections')['shared_sharepointonline_1']['connectionId']"},"api":{"runtimeUrl":"https://europe-002.azure-apim.net/apim/sharepointonline"}},"method":"post","body":{"method":"GET","uri":"_api/web/sitegroups/getbyname('@{items('Apply_to_each_16')}')/users","headers":{"Accept":"application/json;odata=verbose"}},"path":"/datasets/@{encodeURIComponent(encodeURIComponent('https://ronvanderhamdevelopment.sharepoint.com/sites/TestMdsSite'))}/httprequest","authentication":"@parameters('$authentication')"}},"Apply_to_each_17":{"foreach":"@body('Send_an_HTTP_request_to_SharePoint_3')['d']['results']","actions":{"Condition_16":{"actions":{"Append_to_string_variable_5":{"runAfter":{},"type":"AppendToStringVariable","inputs":{"name":"CC User","value":"@{items('Apply_to_each_17')?['Email']};"}}},"runAfter":{},"expression":{"and":[{"equals":["@items('Apply_to_each_17')?['principalType']",1]},{"not":{"equals":["@items('Apply_to_each_17')?['Email']",""]}}]},"type":"If"}},"runAfter":{"Send_an_HTTP_request_to_SharePoint_3":["Succeeded"]},"type":"Foreach"}},"runAfter":{},"type":"Foreach"}}},"expression":{"equals":["@variables('cc json')?['sharepoint group']",""]},"type":"If"}},"runAfter":{},"else":{"actions":{"Condition_17":{"actions":{"Apply_to_each_21":{"foreach":"@split(variables('cc json')?['O365 group'], ';')","actions":{"getgroupDetails_4":{"runAfter":{},"metadata":{"flowSystemMetadata":{"swaggerOperationId":"getgroupDetails"}},"type":"ApiConnection","inputs":{"host":{"connection":{"name":"@parameters('$connections')['shared_testgroupmember-5f94d32d166053e5df-5f77ca1c62a90586bd']['connectionId']"},"api":{"runtimeUrl":"https://europe-002.azure-apim.net/apim/testgroupmember-5f94d32d166053e5df-5f77ca1c62a90586bd"}},"method":"get","path":"/v1.0/groups","queries":{"$filter":"mail eq '@{items('Apply_to_each_21')}'"},"authentication":"@parameters('$authentication')"}},"Parse_JSON_7":{"runAfter":{"getgroupDetails_4":["Succeeded"]},"type":"ParseJson","inputs":{"content":"@body('getgroupDetails_4')","schema":{"type":"object","properties":{"@@odata.context":{"type":"string"},"value":{"type":"array","items":{"type":"object","properties":{"id":{"type":"string"},"displayName":{"type":"string"},"mail":{"type":"string"}},"required":["id","displayName","mail"]}}}}}},"Apply_to_each_22":{"foreach":"@body('Parse_JSON_7')?['value']","actions":{"getgroupmembers_4":{"runAfter":{},"metadata":{"flowSystemMetadata":{"swaggerOperationId":"getgroupmembers"}},"type":"ApiConnection","inputs":{"host":{"connection":{"name":"@parameters('$connections')['shared_testgroupmember-5f94d32d166053e5df-5f77ca1c62a90586bd']['connectionId']"},"api":{"runtimeUrl":"https://europe-002.azure-apim.net/apim/testgroupmember-5f94d32d166053e5df-5f77ca1c62a90586bd"}},"method":"get","path":"/v1.0/groups/@{encodeURIComponent(items('Apply_to_each_22')?['id'])}/members","authentication":"@parameters('$authentication')"}},"Parse_JSON_8":{"runAfter":{"getgroupmembers_4":["Succeeded"]},"type":"ParseJson","inputs":{"content":"@body('getgroupmembers_4')","schema":{"type":"object","properties":{"@@odata.context":{"type":"string"},"value":{"type":"array","items":{"type":"object","properties":{"@@odata.type":{"type":"string"},"id":{"type":"string"},"displayName":{"type":"string"},"mail":{"type":"string"}},"required":["@@odata.type","id","displayName","mail"]}}}}}},"Apply_to_each_23":{"foreach":"@body('Parse_JSON_8')?['value']","actions":{"Append_to_string_variable_7":{"runAfter":{},"type":"AppendToStringVariable","inputs":{"name":"CC User","value":"@{items('Apply_to_each_23')?['mail']};"}}},"runAfter":{"Parse_JSON_8":["Succeeded"]},"type":"Foreach"}},"runAfter":{"Parse_JSON_7":["Succeeded"]},"type":"Foreach"}},"runAfter":{},"type":"Foreach"}},"runAfter":{},"else":{"actions":{"Apply_to_each_24":{"foreach":"@split(variables('cc json')?['sharepoint group'], ';')","actions":{"Send_an_HTTP_request_to_SharePoint_4":{"runAfter":{},"metadata":{"flowSystemMetadata":{"swaggerOperationId":"HttpRequest"}},"type":"ApiConnection","inputs":{"host":{"connection":{"name":"@parameters('$connections')['shared_sharepointonline_1']['connectionId']"},"api":{"runtimeUrl":"https://europe-002.azure-apim.net/apim/sharepointonline"}},"method":"post","body":{"method":"GET","uri":"_api/web/sitegroups/getbyname('@{items('Apply_to_each_24')}')/users","headers":{"Accept":"application/json;odata=verbose"}},"path":"/datasets/@{encodeURIComponent(encodeURIComponent('https://ronvanderhamdevelopment.sharepoint.com/sites/TestMdsSite'))}/httprequest","authentication":"@parameters('$authentication')"}},"Apply_to_each_25":{"foreach":"@body('Send_an_HTTP_request_to_SharePoint_4')['d']['results']","actions":{"Condition_18":{"actions":{"Append_to_string_variable_8":{"runAfter":{},"type":"AppendToStringVariable","inputs":{"name":"CC User","value":"@{items('Apply_to_each_25')?['Email']};"}}},"runAfter":{},"expression":{"and":[{"equals":["@items('Apply_to_each_25')?['principalType']",1]},{"not":{"equals":["@items('Apply_to_each_25')?['Email']",""]}}]},"type":"If"}},"runAfter":{"Send_an_HTTP_request_to_SharePoint_4":["Succeeded"]},"type":"Foreach"}},"runAfter":{},"type":"Foreach"}}},"expression":{"equals":["@variables('cc json')?['sharepoint group']",""]},"type":"If"}}},"expression":{"not":{"equals":["@variables('cc json')?['cc user']",""]}},"type":"If"}},"runAfter":{},"else":{"actions":{"Set_variable_22":{"runAfter":{},"type":"SetVariable","inputs":{"name":"CC User","value":"@{variables('cc json')?['cc user']}"}}}},"expression":{"equals":["@variables('cc json')?['assign group']","@true"]},"type":"If"}},"runAfter":{"Initialize_variable":["Succeeded"]},"expression":{"equals":["@variables('cc json')?['cc available']","@true"]},"type":"If"}}},"connectionReferences":{"shared_testgroupmember-5f94d32d166053e5df-5f77ca1c62a90586bd":{"connectionName":"59819199-6dd8-448e-a77e-3f44-7b219e77","source":"Embedded","id":"/providers/Microsoft.PowerApps/apis/shared_testgroupmember-5f94d32d166053e5df-5f77ca1c62a90586bd","tier":"NotSpecified"},"shared_sharepointonline_1":{"connectionName":"152e4079f7864a4fba3e14407c73fed1","source":"Embedded","id":"/providers/Microsoft.PowerApps/apis/shared_sharepointonline","tier":"NotSpecified"},"shared_office365":{"connectionName":"shared-office365-1291e008-6065-4415-b008-7225-cf47f4d8","source":"Embedded","id":"/providers/Microsoft.PowerApps/apis/shared_office365","tier":"NotSpecified"},"shared_teams":{"connectionName":"shared-teams-f50835bc-9100-4dcf-88b8-2c8b6f8f6ce0","source":"Embedded","id":"/providers/Microsoft.PowerApps/apis/shared_teams","tier":"NotSpecified"},"shared_approvals":{"connectionName":"shared-approvals-612f7c58-6327-4e75-96d3-7be6-bb71214e","source":"Embedded","id":"/providers/Microsoft.PowerApps/apis/shared_approvals","tier":"NotSpecified"},"shared_sharepointonline":{"connectionName":"07d288303cee4e01a7c71fc5c78b6d27","source":"Embedded","id":"/providers/Microsoft.PowerApps/apis/shared_sharepointonline","tier":"NotSpecified"}},"flowFailureAlertSubscribed":false}}