{"name":"675362e2-971f-439f-821e-2281a84e8498","id":"/providers/Microsoft.Flow/flows/675362e2-971f-439f-821e-2281a84e8498","type":"Microsoft.Flow/flows","properties":{"apiId":"/providers/Microsoft.PowerApps/apis/shared_logicflows","displayName":"RemainderFlow","definition":{"metadata":{"workflowEntityId":null,"processAdvisorMetadata":null,"flowclientsuspensionreason":"None","flowclientsuspensiontime":null,"creator":{"id":"cbf6b318-835e-4eaa-94a8-878a92e80997","type":"User","tenantId":"c7ba1ffa-0912-4ec7-be94-7cfcb8a19dd6"},"provisioningMethod":"FromDefinition","failureAlertSubscription":true,"clientLastModifiedTime":"2021-05-12T08:35:38.7074339Z"},"$schema":"https://schema.management.azure.com/providers/Microsoft.Logic/schemas/2016-06-01/workflowdefinition.json#","contentVersion":"1.0.0.0","parameters":{"$connections":{"defaultValue":{},"type":"Object"},"$authentication":{"defaultValue":{},"type":"SecureObject"}},"triggers":{"Recurrence":{"recurrence":{"frequency":"Month","interval":1,"startTime":"2021-05-12T04:30:00.000Z"},"type":"Recurrence"}},"actions":{"Get_items_Due_Tomorrow":{"runAfter":{"Initialize_variable":["Succeeded"]},"type":"OpenApiConnection","inputs":{"host":{"apiId":"/providers/Microsoft.PowerApps/apis/shared_sharepointonline","connectionName":"shared_sharepointonline","operationId":"GetItems"},"parameters":{"dataset":"https://ronvanderhamdevelopment.sharepoint.com/sites/TestGlobalMds","table":"fd5ab1ca-9a45-4a93-b39f-0e6d53748165","$filter":"DueDate eq '@{addDays(utcNow(),1,'yyyy-MM-dd')}' and Status eq 'InProgress'"},"authentication":"@parameters('$authentication')"}},"Initialize_variable":{"runAfter":{},"type":"InitializeVariable","inputs":{"variables":[{"name":"due date","type":"string"}]}},"Condition":{"actions":{"Apply_to_each":{"foreach":"@outputs('Get_items_Due_Tomorrow')?['body/value']","actions":{"Set_variable":{"runAfter":{},"type":"SetVariable","inputs":{"name":"due date","value":"@items('Apply_to_each')?['DueDate']"}},"Send_an_email_(V2)":{"runAfter":{"Set_variable":["Succeeded"]},"type":"OpenApiConnection","inputs":{"host":{"apiId":"/providers/Microsoft.PowerApps/apis/shared_office365","connectionName":"shared_office365","operationId":"SendEmailV2"},"parameters":{"emailMessage/To":"@items('Apply_to_each')?['Approver']","emailMessage/Subject":"Remainder: Please Approve @{items('Apply_to_each')?['Title']} Due By Tomorrow","emailMessage/Body":"<p>An approval assigned to you for '@{items('Apply_to_each')?['Title']}' is still pending and due by @{variables('due date')}.<br>\n<br>\nPlease review the approval <a href='@{items('Apply_to_each')?['ApprovalLink']}'>here</a> to approve or reject the request. <br>\n<br>\nItem link :  <a href='@{items('Apply_to_each')?['ItemLink']}'>here</a></p>"},"authentication":"@parameters('$authentication')"}}},"runAfter":{},"type":"Foreach"}},"runAfter":{"Get_items_Due_Tomorrow":["Succeeded"]},"expression":{"greater":["@length(outputs('Get_items_Due_Tomorrow')?['body/value'])",0]},"type":"If"},"Get_items_Due_Today":{"runAfter":{"Condition":["Succeeded"]},"type":"OpenApiConnection","inputs":{"host":{"apiId":"/providers/Microsoft.PowerApps/apis/shared_sharepointonline","connectionName":"shared_sharepointonline","operationId":"GetItems"},"parameters":{"dataset":"https://ronvanderhamdevelopment.sharepoint.com/sites/TestGlobalMds","table":"fd5ab1ca-9a45-4a93-b39f-0e6d53748165","$filter":"DueDate eq '@{formatDateTime(utcNow(),'yyyy-MM-dd')}' and Status eq 'InProgress'"},"authentication":"@parameters('$authentication')"}},"Condition_2":{"actions":{"Apply_to_each_2":{"foreach":"@outputs('Get_items_Due_Today')?['body/value']","actions":{"Set_variable_2":{"runAfter":{},"type":"SetVariable","inputs":{"name":"due date","value":"@items('Apply_to_each_2')?['DueDate']"}},"Send_an_email_(V2)_2":{"runAfter":{"Set_variable_2":["Succeeded"]},"type":"OpenApiConnection","inputs":{"host":{"apiId":"/providers/Microsoft.PowerApps/apis/shared_office365","connectionName":"shared_office365","operationId":"SendEmailV2"},"parameters":{"emailMessage/To":"@items('Apply_to_each_2')?['Approver']","emailMessage/Subject":"Remainder: Please Approve @{items('Apply_to_each_2')?['Title']} Due By Today","emailMessage/Body":"<p>An approval assigned to you for '@{items('Apply_to_each_2')?['Title']}' is still pending and due by Today.<br>\n<br>\nPlease review the approval <a href='@{items('Apply_to_each_2')?['ApprovalLink']}'>here</a> to approve or reject the request. <br>\n<br>\nItem link :  <a href='@{items('Apply_to_each_2')?['ItemLink']}'>here</a></p>"},"authentication":"@parameters('$authentication')"}}},"runAfter":{},"type":"Foreach"}},"runAfter":{"Get_items_Due_Today":["Succeeded"]},"expression":{"greater":["@length(outputs('Get_items_Due_Today')?['body/value'])",0]},"type":"If"},"Get_items_Overdue":{"runAfter":{"Condition_2":["Succeeded"]},"type":"OpenApiConnection","inputs":{"host":{"apiId":"/providers/Microsoft.PowerApps/apis/shared_sharepointonline","connectionName":"shared_sharepointonline","operationId":"GetItems"},"parameters":{"dataset":"https://ronvanderhamdevelopment.sharepoint.com/sites/TestGlobalMds","table":"fd5ab1ca-9a45-4a93-b39f-0e6d53748165","$filter":"DueDate eq '@{addDays(utcNow(),-1,'yyyy-MM-dd')}' and Status eq 'InProgress'"},"authentication":"@parameters('$authentication')"}},"Condition_3":{"actions":{"Apply_to_each_3":{"foreach":"@outputs('Get_items_Overdue')?['body/value']","actions":{"Set_variable_3":{"runAfter":{},"type":"SetVariable","inputs":{"name":"due date","value":"@items('Apply_to_each_3')?['DueDate']"}},"Send_an_email_(V2)_3":{"runAfter":{"Set_variable_3":["Succeeded"]},"type":"OpenApiConnection","inputs":{"host":{"apiId":"/providers/Microsoft.PowerApps/apis/shared_office365","connectionName":"shared_office365","operationId":"SendEmailV2"},"parameters":{"emailMessage/To":"@items('Apply_to_each_3')?['Approver']","emailMessage/Subject":"Remainder: Please Approve @{items('Apply_to_each_3')?['Title']} Due By Tomorrow","emailMessage/Body":"<p>An approval assigned to you for '@{items('Apply_to_each_3')?['Title']}' is still pending and overdue by @{variables('due date')}.<br>\n<br>\nPlease review the approval <a href='@{items('Apply_to_each_3')?['ApprovalLink']}'>here</a> to approve or reject the request. <br>\n<br>\nItem link :  <a href='@{items('Apply_to_each_3')?['ItemLink']}'>here</a></p>"},"authentication":"@parameters('$authentication')"}}},"runAfter":{},"type":"Foreach"}},"runAfter":{"Get_items_Overdue":["Succeeded"]},"expression":{"greater":["@length(outputs('Get_items_Overdue')?['body/value'])",0]},"type":"If"}}},"connectionReferences":{"shared_sharepointonline":{"connectionName":"152e4079f7864a4fba3e14407c73fed1","source":"Embedded","id":"/providers/Microsoft.PowerApps/apis/shared_sharepointonline","tier":"NotSpecified"},"shared_office365":{"connectionName":"shared-office365-1291e008-6065-4415-b008-7225-cf47f4d8","source":"Embedded","id":"/providers/Microsoft.PowerApps/apis/shared_office365","tier":"NotSpecified"}},"flowFailureAlertSubscribed":false}}