{"name":"8583be1b-341a-4a3b-b2da-bbaf9e14f37e","id":"/providers/Microsoft.Flow/flows/8583be1b-341a-4a3b-b2da-bbaf9e14f37e","type":"Microsoft.Flow/flows","properties":{"apiId":"/providers/Microsoft.PowerApps/apis/shared_logicflows","displayName":"OOTB_Approval_List_ModifyTrigger_withRemainder","definition":{"metadata":{"workflowEntityId":null,"processAdvisorMetadata":null,"flowclientsuspensionreason":"None","flowclientsuspensiontime":null,"creator":{"id":"cbf6b318-835e-4eaa-94a8-878a92e80997","type":"User","tenantId":"c7ba1ffa-0912-4ec7-be94-7cfcb8a19dd6"},"provisioningMethod":"FromDefinition","failureAlertSubscription":true,"clientLastModifiedTime":"2021-05-28T05:15:28.1682977Z"},"$schema":"https://schema.management.azure.com/providers/Microsoft.Logic/schemas/2016-06-01/workflowdefinition.json#","contentVersion":"1.0.0.0","parameters":{"$connections":{"defaultValue":{},"type":"Object"},"$authentication":{"defaultValue":{},"type":"SecureObject"},"sharepoint.site":{"defaultValue":"","type":"String"},"sharepoint.list":{"defaultValue":"","type":"String"}},"triggers":{"When_an_item_or_a_file_is_modified":{"recurrence":{"frequency":"Minute","interval":1},"metadata":{"flowSystemMetadata":{"swaggerOperationId":"GetOnChangedItems"}},"type":"ApiConnection","inputs":{"host":{"connection":{"name":"@parameters('$connections')['shared_sharepointonline']['connectionId']"},"api":{"runtimeUrl":"https://europe-002.azure-apim.net/apim/sharepointonline"}},"method":"get","path":"/datasets/@{encodeURIComponent(encodeURIComponent('https://ronvanderhamdevelopment.sharepoint.com/sites/TestMdsSite'))}/tables/@{encodeURIComponent(encodeURIComponent('6a6a7f18-8b00-4cd5-bf73-454ab3e1c267'))}/onchangeditems","authentication":"@parameters('$authentication')"}}},"actions":{"Initialize_approval_done_variable":{"runAfter":{"check_flow_on_edit_Condition__":["Succeeded"]},"type":"InitializeVariable","inputs":{"variables":[{"name":"approvalDone","type":"boolean","value":"@false"}]}},"Initialize_approvers_list_variable":{"runAfter":{"Initialize_approvers_temp_list_variable":["Succeeded"]},"type":"InitializeVariable","inputs":{"variables":[{"name":"approverslist","type":"array"}]}},"Get_item":{"runAfter":{"Apply_to_each_3":["Succeeded"]},"metadata":{"flowSystemMetadata":{"swaggerOperationId":"GetItem"}},"type":"ApiConnection","inputs":{"host":{"connection":{"name":"@parameters('$connections')['shared_sharepointonline_1']['connectionId']"},"api":{"runtimeUrl":"https://europe-002.azure-apim.net/apim/sharepointonline"}},"method":"get","path":"/datasets/@{encodeURIComponent(encodeURIComponent('https://ronvanderhamdevelopment.sharepoint.com/sites/TestMdsSite'))}/tables/@{encodeURIComponent(encodeURIComponent('6a6a7f18-8b00-4cd5-bf73-454ab3e1c267'))}/items/@{encodeURIComponent(variables('item id'))}","authentication":"@parameters('$authentication')"}},"Initialize_approvers_temp_list_variable":{"runAfter":{"Initialize_approval_done_variable":["Succeeded"]},"type":"InitializeVariable","inputs":{"variables":[{"name":"approversListtemp","type":"string"}]}},"Order_condition":{"actions":{"Create_an_approval":{"runAfter":{},"metadata":{"flowSystemMetadata":{"swaggerOperationId":"CreateAnApproval"}},"type":"ApiConnection","inputs":{"host":{"connection":{"name":"@parameters('$connections')['shared_approvals']['connectionId']"},"api":{"runtimeUrl":"https://europe-002.azure-apim.net/apim/approvals"}},"method":"post","body":{"title":"Please approve: '@{body('Get_item')['Title']}'","assignedTo":"@variables('approversListtemp')","details":"The item '@{body('Get_item')['Title']}' is submitted for approval by  due by @{variables('Duedate')}.\n\nPlease review, and then approve or reject the request.","itemLink":"@body('Get_item')?['{Link}']","enableNotifications":true,"enableReassignment":true},"path":"/types/@{encodeURIComponent('BasicAwaitAll')}","authentication":"@parameters('$authentication')"}},"Wait_for_an_approval":{"runAfter":{"Set_respond_to_approval_link":["Succeeded"]},"metadata":{"flowSystemMetadata":{"swaggerOperationId":"WaitForAnApproval"}},"type":"ApiConnectionWebhook","inputs":{"host":{"connection":{"name":"@parameters('$connections')['shared_approvals']['connectionId']"},"api":{"runtimeUrl":"https://europe-002.azure-apim.net/apim/approvals"}},"body":{"notificationUrl":"@{listCallbackUrl()}"},"path":"/approvals/@{encodeURIComponent(body('Create_an_approval')?['name'])}/subscriptions","authentication":"@parameters('$authentication')"}},"Set_respond_to_approval_link":{"runAfter":{"Due_date_remainder":["Succeeded"]},"type":"SetVariable","inputs":{"name":"approvalRespondLink","value":"@body('Create_an_approval')?['respondLink']"}},"Content_approval_condition":{"actions":{"Condition_28":{"actions":{"Set_content_approval_status_5":{"runAfter":{},"metadata":{"flowSystemMetadata":{"swaggerOperationId":"SetApprovalStatus"}},"type":"ApiConnection","inputs":{"host":{"connection":{"name":"@parameters('$connections')['shared_sharepointonline_1']['connectionId']"},"api":{"runtimeUrl":"https://europe-002.azure-apim.net/apim/sharepointonline"}},"method":"post","path":"/datasets/@{encodeURIComponent(encodeURIComponent('https://ronvanderhamdevelopment.sharepoint.com/sites/TestMdsSite'))}/tables/@{encodeURIComponent(encodeURIComponent('6a6a7f18-8b00-4cd5-bf73-454ab3e1c267'))}/items/@{encodeURIComponent(encodeURIComponent(body('Get_item')?['ID']))}/setapprovalstatus","queries":{"approvalAction":"Reject","comments":"","entityTag":""},"authentication":"@parameters('$authentication')"}}},"runAfter":{},"else":{"actions":{"Set_content_approval_status_6":{"runAfter":{},"metadata":{"flowSystemMetadata":{"swaggerOperationId":"SetApprovalStatus"}},"type":"ApiConnection","inputs":{"host":{"connection":{"name":"@parameters('$connections')['shared_sharepointonline_1']['connectionId']"},"api":{"runtimeUrl":"https://europe-002.azure-apim.net/apim/sharepointonline"}},"method":"post","path":"/datasets/@{encodeURIComponent(encodeURIComponent('https://ronvanderhamdevelopment.sharepoint.com/sites/TestMdsSite'))}/tables/@{encodeURIComponent(encodeURIComponent('6a6a7f18-8b00-4cd5-bf73-454ab3e1c267'))}/items/@{encodeURIComponent(encodeURIComponent(body('Get_item')?['ID']))}/setapprovalstatus","queries":{"approvalAction":"Approve","comments":"","entityTag":""},"authentication":"@parameters('$authentication')"}}}},"expression":{"contains":["@body('Wait_for_an_approval')?['outcome']","Reject"]},"type":"If"}},"runAfter":{"CC_enabled_or_not":["Succeeded"]},"expression":{"equals":["@variables('Enable content approval')","@true"]},"type":"If"},"set_ApprovalDone_to_true":{"runAfter":{"Due_date_remainder_updates":["Succeeded"]},"type":"SetVariable","inputs":{"name":"approvalDone","value":"@true"}},"Select_2":{"runAfter":{"set_ApprovalDone_to_true":["Succeeded"]},"type":"Select","inputs":{"from":"@body('Wait_for_an_approval')?['responses']","select":{"Approver":"@item()?['responder']?['displayName']","Comments":"@if(empty(item()?['comments']), 'No comments', item()['comments'])","Response":"@item()?['approverResponse']"}}},"Create_HTML_table_2":{"runAfter":{"Select_2":["Succeeded"]},"type":"Table","inputs":{"from":"@body('Select_2')","format":"HTML"}},"Compose_2":{"runAfter":{"Create_HTML_table_2":["Succeeded"]},"type":"Compose","inputs":"<style>\ntable {\n  width: 100%;\n  background-color: #FFFFFF;\n  border-collapse: collapse;\n  border-width: 2px;\n  border-color: #7EA8F8;\n  border-style: solid;\n  color: #000000;\n  text-align: left;\n}\n\ntable td, table th {\n  border-width: 2px;\n  border-color: #7EA8F8;\n  border-style: solid;\n  padding: 5px;\n}\n\ntable thead {\n  background-color: #DEDEDE;\n}\n</style>\n@{body('Create_HTML_table_2')}"},"CC_enabled_or_not":{"actions":{"Send_an_email_(V2)_11":{"runAfter":{},"metadata":{"flowSystemMetadata":{"swaggerOperationId":"SendEmailV2"}},"type":"ApiConnection","inputs":{"host":{"connection":{"name":"@parameters('$connections')['shared_office365']['connectionId']"},"api":{"runtimeUrl":"https://europe-002.azure-apim.net/apim/office365"}},"method":"post","body":{"To":"@{variables('Requestor')}","Subject":"Approval Completed","Body":"<p>Your request for '@{body('Get_item')['Title']}' has been completed.<br>\n<br>\nApproval details below:<br>\n<br>\n@{outputs('Compose_2')}</p>","Cc":"@variables('cc')"},"path":"/v2/Mail","authentication":"@parameters('$authentication')"}}},"runAfter":{"Compose_2":["Succeeded"]},"else":{"actions":{"Send_an_email_(V2)_10":{"runAfter":{},"metadata":{"flowSystemMetadata":{"swaggerOperationId":"SendEmailV2"}},"type":"ApiConnection","inputs":{"host":{"connection":{"name":"@parameters('$connections')['shared_office365']['connectionId']"},"api":{"runtimeUrl":"https://europe-002.azure-apim.net/apim/office365"}},"method":"post","body":{"To":"@{variables('Requestor')}","Subject":"Approval Completed","Body":"<p>Your request for '@{body('Get_item')['Title']}' has been completed.<br>\n<br>\nApproval details below:<br>\n<br>\n@{outputs('Compose_2')}</p>"},"path":"/v2/Mail","authentication":"@parameters('$authentication')"}}}},"expression":{"not":{"equals":["@variables('cc')",""]}},"type":"If"},"Due_date_remainder":{"actions":{"Apply_to_each_-_creating_remainder_entry_for_each":{"foreach":"@variables('approverslist')","actions":{"Create_item_3":{"runAfter":{},"metadata":{"flowSystemMetadata":{"swaggerOperationId":"PostItem"}},"type":"ApiConnection","inputs":{"host":{"connection":{"name":"@parameters('$connections')['shared_sharepointonline']['connectionId']"},"api":{"runtimeUrl":"https://europe-002.azure-apim.net/apim/sharepointonline"}},"method":"post","body":{"Title":"@body('Get_item')['Title']","ItemLink":"@body('Get_item')?['{Link}']","Approver":"@{items('Apply_to_each_-_creating_remainder_entry_for_each')}","RequestedBy":"@body('Get_item')?['Author']?['Email']","DueDate":"@variables('Duedate')","Status":{"Value":"InProgress"},"ApprovalLink":"@body('Create_an_approval')?['respondLink']"},"path":"/datasets/@{encodeURIComponent(encodeURIComponent('https://ronvanderhamdevelopment.sharepoint.com/sites/TestGlobalMds'))}/tables/@{encodeURIComponent(encodeURIComponent('fd5ab1ca-9a45-4a93-b39f-0e6d53748165'))}/items","authentication":"@parameters('$authentication')"}},"Append_to_array_variable_4":{"runAfter":{"Create_item_3":["Succeeded"]},"type":"AppendToArrayVariable","inputs":{"name":"Task list Id","value":"@body('Create_item_3')?['ID']"}}},"runAfter":{},"type":"Foreach"}},"runAfter":{"Create_an_approval":["Succeeded"]},"expression":{"not":{"equals":["@variables('Duedate')","None"]}},"type":"If"},"Due_date_remainder_updates":{"actions":{"Apply_to_each_-_updating_remainder_entry_for_each_2":{"foreach":"@variables('approverslist')","actions":{"Compose_3":{"runAfter":{},"type":"Compose","inputs":"@variables('Task list Id')[variables('Index no')]"},"Update_item_2":{"runAfter":{"Compose_3":["Succeeded"]},"metadata":{"flowSystemMetadata":{"swaggerOperationId":"PatchItem"}},"type":"ApiConnection","inputs":{"host":{"connection":{"name":"@parameters('$connections')['shared_sharepointonline']['connectionId']"},"api":{"runtimeUrl":"https://europe-002.azure-apim.net/apim/sharepointonline"}},"method":"patch","body":{"Title":"@body('Get_item')['Title']","Status":{"Value":"Completed"}},"path":"/datasets/@{encodeURIComponent(encodeURIComponent('https://ronvanderhamdevelopment.sharepoint.com/sites/TestGlobalMds'))}/tables/@{encodeURIComponent(encodeURIComponent('fd5ab1ca-9a45-4a93-b39f-0e6d53748165'))}/items/@{encodeURIComponent(outputs('Compose_3'))}","authentication":"@parameters('$authentication')"}},"Increment_variable":{"runAfter":{"Update_item_2":["Succeeded"]},"type":"IncrementVariable","inputs":{"name":"Index no","value":1}}},"runAfter":{},"type":"Foreach"}},"runAfter":{"Wait_for_an_approval":["Succeeded"]},"expression":{"not":{"equals":["@variables('Duedate')","None"]}},"type":"If"}},"runAfter":{"Due_Date_condition":["Succeeded"]},"else":{"actions":{"Create_HTML_table":{"runAfter":{"Do_until":["Succeeded"]},"type":"Table","inputs":{"from":"@variables('Mail response')","format":"HTML"}},"Compose":{"runAfter":{"Create_HTML_table":["Succeeded"]},"type":"Compose","inputs":"<style>\ntable {\n  width: 100%;\n  background-color: #FFFFFF;\n  border-collapse: collapse;\n  border-width: 2px;\n  border-color: #7EA8F8;\n  border-style: solid;\n  color: #000000;\n  text-align: left;\n}\n\ntable td, table th {\n  border-width: 2px;\n  border-color: #7EA8F8;\n  border-style: solid;\n  padding: 5px;\n}\n\ntable thead {\n  background-color: #DEDEDE;\n}\n</style>\n@{body('Create_HTML_table')}"},"Do_until":{"actions":{"Set_approval_done_variable_2":{"runAfter":{},"type":"SetVariable","inputs":{"name":"approvalDone","value":"@false"}},"Create_an_approval_3":{"runAfter":{"Set_approval_done_variable_2":["Succeeded"]},"metadata":{"flowSystemMetadata":{"swaggerOperationId":"CreateAnApproval"}},"type":"ApiConnection","inputs":{"host":{"connection":{"name":"@parameters('$connections')['shared_approvals']['connectionId']"},"api":{"runtimeUrl":"https://europe-002.azure-apim.net/apim/approvals"}},"method":"post","body":{"title":"Please approve: '@{body('Get_item')['Title']}'","assignedTo":"@{variables('approverslist')[variables('Array index no')]};","details":"The item '@{body('Get_item')['Title']}' is submitted for approval by  due by @{variables('Duedate')}.\n\nPlease review, and then approve or reject the request.","itemLink":"@body('Get_item')?['{Link}']","enableNotifications":true,"enableReassignment":true},"path":"/types/@{encodeURIComponent('Basic')}","authentication":"@parameters('$authentication')"}},"Set_variable_9":{"runAfter":{"Remainder_condition":["Succeeded"]},"type":"SetVariable","inputs":{"name":"approvalRespondLink","value":"@body('Create_an_approval_3')?['respondLink']"}},"Wait_for_an_approval_3":{"runAfter":{"Set_variable_9":["Succeeded"]},"metadata":{"flowSystemMetadata":{"swaggerOperationId":"WaitForAnApproval"}},"type":"ApiConnectionWebhook","inputs":{"host":{"connection":{"name":"@parameters('$connections')['shared_approvals']['connectionId']"},"api":{"runtimeUrl":"https://europe-002.azure-apim.net/apim/approvals"}},"body":{"notificationUrl":"@{listCallbackUrl()}"},"path":"/approvals/@{encodeURIComponent(body('Create_an_approval_3')?['name'])}/subscriptions","authentication":"@parameters('$authentication')"}},"Set_variable_10":{"runAfter":{"Check_End_of_first_rejection_condition":["Succeeded"]},"type":"SetVariable","inputs":{"name":"approvalDone","value":"@true"}},"Select":{"runAfter":{"Set_variable_10":["Succeeded"]},"type":"Select","inputs":{"from":"@body('Wait_for_an_approval_3')?['responses']","select":{"Approver":"@item()?['responder']?['displayName']","Comments":"@if(empty(item()?['comments']), 'No comments', item()['comments'])","Response":"@item()?['approverResponse']"}}},"Apply_to_each_5":{"foreach":"@body('Select')","actions":{"Append_to_array_variable_3":{"runAfter":{},"type":"AppendToArrayVariable","inputs":{"name":"Mail response","value":"@item()"}}},"runAfter":{"Select":["Succeeded"]},"type":"Foreach"},"Duedate_condition":{"actions":{"DurationPerTask_Condition":{"actions":{"Day_condition_2":{"actions":{"Set_variable_11":{"runAfter":{},"type":"SetVariable","inputs":{"name":"Duedate","value":"@{addDays(utcNow(), variables('Duration per task'), 'yyyy-MM-dd')}"}}},"runAfter":{},"else":{"actions":{"Set_variable_12":{"runAfter":{},"type":"SetVariable","inputs":{"name":"Duedate","value":"@variables('tempdue')"}}}},"expression":{"less":["@addDays(utcNow(), variables('Duration per task'), 'yyyy-MM-dd')","@variables('tempdue')"]},"type":"If"}},"runAfter":{},"expression":{"not":{"equals":["@variables('Duration per task')",0]}},"type":"If"}},"runAfter":{"Apply_to_each_5":["Succeeded"]},"else":{"actions":{"Duration_PerTask_Condition":{"actions":{"Set_variable_4":{"runAfter":{},"type":"SetVariable","inputs":{"name":"Duedate","value":"@{addDays(utcNow(), variables('Duration per task'), 'yyyy-MM-dd')}"}}},"runAfter":{},"else":{"actions":{"Set_variable_3":{"runAfter":{},"type":"SetVariable","inputs":{"name":"Duedate","value":"None"}}}},"expression":{"not":{"equals":["@variables('Duration per task')",0]}},"type":"If"}}},"expression":{"not":{"equals":["@variables('tempdue')",""]}},"type":"If"},"Check_last_item_in_array_or_not":{"actions":{"Set_variable_13":{"runAfter":{},"type":"SetVariable","inputs":{"name":"check","value":"@true"}}},"runAfter":{"Duedate_condition":["Succeeded"]},"expression":{"equals":["@variables('approverslist')[variables('Array index no')]","@last(variables('approverslist'))"]},"type":"If"},"Increment_variable_2":{"runAfter":{"Check_last_item_in_array_or_not":["Succeeded"]},"type":"IncrementVariable","inputs":{"name":"Array index no","value":1}},"Check_End_of_first_rejection_condition":{"actions":{"Condition_14":{"actions":{"Set_variable":{"runAfter":{},"type":"SetVariable","inputs":{"name":"check","value":"@true"}},"Set_variable_19":{"runAfter":{"Set_variable":["Succeeded"]},"type":"SetVariable","inputs":{"name":"outcome flag for End on first rrejection","value":"@true"}}},"runAfter":{},"expression":{"equals":["@body('Wait_for_an_approval_3')?['outcome']","Reject"]},"type":"If"}},"runAfter":{"Remainder_update_after_approval":["Succeeded"]},"expression":{"equals":["@variables('End of first rejection')","@true"]},"type":"If"},"Condition_21":{"actions":{"Condition_22":{"actions":{"Set_variable_16":{"runAfter":{},"type":"SetVariable","inputs":{"name":"content app flag","value":"@true"}}},"runAfter":{},"expression":{"equals":["@body('Wait_for_an_approval_3')?['outcome']","Reject"]},"type":"If"}},"runAfter":{"Increment_variable_2":["Succeeded"]},"expression":{"equals":["@variables('Enable content approval')","@true"]},"type":"If"},"Remainder_condition":{"actions":{},"runAfter":{"Create_an_approval_3":["Succeeded"]},"else":{"actions":{"Create_item_2":{"runAfter":{},"metadata":{"flowSystemMetadata":{"swaggerOperationId":"PostItem"}},"type":"ApiConnection","inputs":{"host":{"connection":{"name":"@parameters('$connections')['shared_sharepointonline']['connectionId']"},"api":{"runtimeUrl":"https://europe-002.azure-apim.net/apim/sharepointonline"}},"method":"post","body":{"Title":"@body('Get_item')['Title']","ItemLink":"@body('Get_item')?['{Link}']","Approver":"@{variables('approverslist')[variables('Array index no')]}","RequestedBy":"@body('Get_item')?['Author']?['Email']","DueDate":"@variables('Duedate')","Status":{"Value":"InProgress"},"ApprovalLink":"@body('Create_an_approval_3')?['respondLink']"},"path":"/datasets/@{encodeURIComponent(encodeURIComponent('https://ronvanderhamdevelopment.sharepoint.com/sites/TestGlobalMds'))}/tables/@{encodeURIComponent(encodeURIComponent('fd5ab1ca-9a45-4a93-b39f-0e6d53748165'))}/items","authentication":"@parameters('$authentication')"}}}},"expression":{"equals":["@variables('Duedate')","None"]},"type":"If"},"Remainder_update_after_approval":{"actions":{},"runAfter":{"Wait_for_an_approval_3":["Succeeded"]},"else":{"actions":{"Update_item_3":{"runAfter":{},"metadata":{"flowSystemMetadata":{"swaggerOperationId":"PatchItem"}},"type":"ApiConnection","inputs":{"host":{"connection":{"name":"@parameters('$connections')['shared_sharepointonline']['connectionId']"},"api":{"runtimeUrl":"https://europe-002.azure-apim.net/apim/sharepointonline"}},"method":"patch","body":{"Title":"@body('Get_item')['Title']","Status":{"Value":"Completed"}},"path":"/datasets/@{encodeURIComponent(encodeURIComponent('https://ronvanderhamdevelopment.sharepoint.com/sites/TestGlobalMds'))}/tables/@{encodeURIComponent(encodeURIComponent('fd5ab1ca-9a45-4a93-b39f-0e6d53748165'))}/items/@{encodeURIComponent(body('Create_item_2')?['ID'])}","authentication":"@parameters('$authentication')"}}}},"expression":{"equals":["@variables('Duedate')","None"]},"type":"If"}},"runAfter":{},"expression":"@equals(variables('check'), true)","limit":{"count":60,"timeout":"PT720H"},"type":"Until"},"Sending_Mail_to_requestor_condition":{"actions":{"Terminate":{"runAfter":{"Check_Content_approval":["Succeeded"]},"type":"Terminate","inputs":{"runStatus":"Succeeded"}},"Check_CC_or_not":{"actions":{"Send_an_email_(V2)_2":{"runAfter":{},"metadata":{"flowSystemMetadata":{"swaggerOperationId":"SendEmailV2"}},"type":"ApiConnection","inputs":{"host":{"connection":{"name":"@parameters('$connections')['shared_office365']['connectionId']"},"api":{"runtimeUrl":"https://europe-002.azure-apim.net/apim/office365"}},"method":"post","body":{"To":"@{variables('Requestor')}","Subject":"Approval First on Rejection","Body":"<p>Your request for '@{body('Get_item')['Title']}' has been completed.<br>\n<br>\nApproval details below:<br>\n<br>\n@{outputs('Compose')}</p>","Cc":"@variables('cc')"},"path":"/v2/Mail","authentication":"@parameters('$authentication')"}}},"runAfter":{},"else":{"actions":{"Send_an_email_(V2)_7":{"runAfter":{},"metadata":{"flowSystemMetadata":{"swaggerOperationId":"SendEmailV2"}},"type":"ApiConnection","inputs":{"host":{"connection":{"name":"@parameters('$connections')['shared_office365']['connectionId']"},"api":{"runtimeUrl":"https://europe-002.azure-apim.net/apim/office365"}},"method":"post","body":{"To":"@{variables('Requestor')}","Subject":"Approval First on Rejection","Body":"<p>Your request for '@{body('Get_item')['Title']}' has been completed.<br>\n<br>\nApproval details below:<br>\n<br>\n@{outputs('Compose')}</p>"},"path":"/v2/Mail","authentication":"@parameters('$authentication')"}}}},"expression":{"not":{"equals":["@variables('cc')",""]}},"type":"If"},"Check_Content_approval":{"actions":{"Condition_24":{"actions":{"Set_content_approval_status":{"runAfter":{},"metadata":{"flowSystemMetadata":{"swaggerOperationId":"SetApprovalStatus"}},"type":"ApiConnection","inputs":{"host":{"connection":{"name":"@parameters('$connections')['shared_sharepointonline_1']['connectionId']"},"api":{"runtimeUrl":"https://europe-002.azure-apim.net/apim/sharepointonline"}},"method":"post","path":"/datasets/@{encodeURIComponent(encodeURIComponent('https://ronvanderhamdevelopment.sharepoint.com/sites/TestMdsSite'))}/tables/@{encodeURIComponent(encodeURIComponent('6a6a7f18-8b00-4cd5-bf73-454ab3e1c267'))}/items/@{encodeURIComponent(encodeURIComponent(body('Get_item')?['ID']))}/setapprovalstatus","queries":{"approvalAction":"Reject","comments":"","entityTag":""},"authentication":"@parameters('$authentication')"}}},"runAfter":{},"else":{"actions":{"Set_content_approval_status_2":{"runAfter":{},"metadata":{"flowSystemMetadata":{"swaggerOperationId":"SetApprovalStatus"}},"type":"ApiConnection","inputs":{"host":{"connection":{"name":"@parameters('$connections')['shared_sharepointonline_1']['connectionId']"},"api":{"runtimeUrl":"https://europe-002.azure-apim.net/apim/sharepointonline"}},"method":"post","path":"/datasets/@{encodeURIComponent(encodeURIComponent('https://ronvanderhamdevelopment.sharepoint.com/sites/TestMdsSite'))}/tables/@{encodeURIComponent(encodeURIComponent('6a6a7f18-8b00-4cd5-bf73-454ab3e1c267'))}/items/@{encodeURIComponent(encodeURIComponent(body('Get_item')?['ID']))}/setapprovalstatus","queries":{"approvalAction":"Approve","comments":"","entityTag":""},"authentication":"@parameters('$authentication')"}}}},"expression":{"equals":["@variables('content app flag')","@true"]},"type":"If"}},"runAfter":{"Check_CC_or_not":["Succeeded"]},"expression":{"equals":["@variables('Enable content approval')","@true"]},"type":"If"}},"runAfter":{"Compose":["Succeeded"]},"else":{"actions":{"Check_cc":{"actions":{"Send_an_email_(V2)_8":{"runAfter":{},"metadata":{"flowSystemMetadata":{"swaggerOperationId":"SendEmailV2"}},"type":"ApiConnection","inputs":{"host":{"connection":{"name":"@parameters('$connections')['shared_office365']['connectionId']"},"api":{"runtimeUrl":"https://europe-002.azure-apim.net/apim/office365"}},"method":"post","body":{"To":"@{variables('Requestor')}","Subject":"Approval Completed","Body":"<p>Your request for '@{body('Get_item')['Title']}' has been completed.<br>\n<br>\nApproval details below:<br>\n<br>\n@{outputs('Compose')}</p>","Cc":"@variables('cc')"},"path":"/v2/Mail","authentication":"@parameters('$authentication')"}}},"runAfter":{},"else":{"actions":{"Send_an_email_(V2)_9":{"runAfter":{},"metadata":{"flowSystemMetadata":{"swaggerOperationId":"SendEmailV2"}},"type":"ApiConnection","inputs":{"host":{"connection":{"name":"@parameters('$connections')['shared_office365']['connectionId']"},"api":{"runtimeUrl":"https://europe-002.azure-apim.net/apim/office365"}},"method":"post","body":{"To":"@{variables('Requestor')}","Subject":"Approval Completed","Body":"<p>Your request for '@{body('Get_item')['Title']}' has been completed.<br>\n<br>\nApproval details below:<br>\n<br>\n@{outputs('Compose')}</p>"},"path":"/v2/Mail","authentication":"@parameters('$authentication')"}}}},"expression":{"not":{"equals":["@variables('cc')",""]}},"type":"If"},"Checking_content_approval":{"actions":{"Condition_26":{"actions":{"Set_content_approval_status_3":{"runAfter":{},"metadata":{"flowSystemMetadata":{"swaggerOperationId":"SetApprovalStatus"}},"type":"ApiConnection","inputs":{"host":{"connection":{"name":"@parameters('$connections')['shared_sharepointonline_1']['connectionId']"},"api":{"runtimeUrl":"https://europe-002.azure-apim.net/apim/sharepointonline"}},"method":"post","path":"/datasets/@{encodeURIComponent(encodeURIComponent('https://ronvanderhamdevelopment.sharepoint.com/sites/TestMdsSite'))}/tables/@{encodeURIComponent(encodeURIComponent('6a6a7f18-8b00-4cd5-bf73-454ab3e1c267'))}/items/@{encodeURIComponent(encodeURIComponent(body('Get_item')?['ID']))}/setapprovalstatus","queries":{"approvalAction":"Reject","comments":"","entityTag":""},"authentication":"@parameters('$authentication')"}}},"runAfter":{},"else":{"actions":{"Set_content_approval_status_4":{"runAfter":{},"metadata":{"flowSystemMetadata":{"swaggerOperationId":"SetApprovalStatus"}},"type":"ApiConnection","inputs":{"host":{"connection":{"name":"@parameters('$connections')['shared_sharepointonline_1']['connectionId']"},"api":{"runtimeUrl":"https://europe-002.azure-apim.net/apim/sharepointonline"}},"method":"post","path":"/datasets/@{encodeURIComponent(encodeURIComponent('https://ronvanderhamdevelopment.sharepoint.com/sites/TestMdsSite'))}/tables/@{encodeURIComponent(encodeURIComponent('6a6a7f18-8b00-4cd5-bf73-454ab3e1c267'))}/items/@{encodeURIComponent(encodeURIComponent(body('Get_item')?['ID']))}/setapprovalstatus","queries":{"approvalAction":"Approve","comments":"","entityTag":""},"authentication":"@parameters('$authentication')"}}}},"expression":{"equals":["@variables('content app flag')","@true"]},"type":"If"}},"runAfter":{"Check_cc":["Succeeded"]},"expression":{"equals":["@variables('Enable content approval')","@true"]},"type":"If"}}},"expression":{"and":[{"equals":["@variables('End of first rejection')","@true"]},{"equals":["@variables('outcome flag for End on first rrejection')","@true"]}]},"type":"If"}}},"expression":{"equals":["@variables('order')","All at once (Parellel)"]},"type":"If"},"Due_Date_condition":{"actions":{"Duration_per_task_is_0_or_other_value":{"actions":{"Set_variable_6":{"runAfter":{},"type":"SetVariable","inputs":{"name":"Duedate","value":"@{addDays(utcNow(), variables('Duration per task'), 'yyyy-MM-dd')}"}}},"runAfter":{},"else":{"actions":{"Set_variable_7":{"runAfter":{},"type":"SetVariable","inputs":{"name":"Duedate","value":"None"}}}},"expression":{"not":{"equals":["@variables('Duration per task')",0]}},"type":"If"}},"runAfter":{"Initialize_outcome_flag_for_End_on_first_rrejection_variable":["Succeeded"]},"else":{"actions":{"Duration_per_task_is_0_or_not":{"actions":{"Day_condition":{"actions":{"Set_variable_2":{"runAfter":{},"type":"SetVariable","inputs":{"name":"Duedate","value":"@{addDays(utcNow(),variables('Duration per task'),'yyyy-MM-dd')}"}}},"runAfter":{},"else":{"actions":{"Set_variable_5":{"runAfter":{},"type":"SetVariable","inputs":{"name":"Duedate","value":"@variables('tempdue')"}}}},"expression":{"less":["@addDays(utcNow(),variables('Duration per task'),'yyyy-MM-dd')","@variables('Duedate')"]},"type":"If"}},"runAfter":{},"expression":{"not":{"equals":["@variables('Duration per task')",0]}},"type":"If"}}},"expression":{"equals":["@variables('Duedate')",""]},"type":"If"},"Initialize_approval_respond_link_variable":{"runAfter":{"Check_whether_assignee_is_group_or_not":["Succeeded"]},"type":"InitializeVariable","inputs":{"variables":[{"name":"approvalRespondLink","type":"string"}]}},"Initialize_Mail_response_for_serial":{"runAfter":{"Initialize_approval_respond_link_variable":["Succeeded"]},"type":"InitializeVariable","inputs":{"variables":[{"name":"Mail response","type":"array"}]}},"Initialize_Duration_per_task_variable":{"runAfter":{"Initialize_due_date_in_format_only_(yyyy-MM-dd)":["Succeeded"]},"type":"InitializeVariable","inputs":{"variables":[{"name":"Duration per task","type":"integer","value":5}]}},"Initialize_Task_list_array_variable":{"runAfter":{"Initialize_Mail_response_for_serial":["Succeeded"]},"type":"InitializeVariable","inputs":{"variables":[{"name":"Task list Id","type":"array"}]}},"Initialize_variable":{"runAfter":{"Initialize_Task_list_array_variable":["Succeeded"]},"type":"InitializeVariable","inputs":{"variables":[{"name":"Index no","type":"integer","value":0}]}},"Initialize_Array_index_for_serial_in_do_until_variable_":{"runAfter":{"Initialize_variable":["Succeeded"]},"type":"InitializeVariable","inputs":{"variables":[{"name":"Array index no","type":"integer","value":0}]}},"Initialize_check_variable__for_do_until_loop_in_serial":{"runAfter":{"Initialize_Array_index_for_serial_in_do_until_variable_":["Succeeded"]},"type":"InitializeVariable","inputs":{"variables":[{"name":"check","type":"boolean","value":"@false"}]}},"Initialize_temp_due_dat_variable_":{"runAfter":{"Initialize_check_variable__for_do_until_loop_in_serial":["Succeeded"]},"type":"InitializeVariable","inputs":{"variables":[{"name":"tempdue","type":"string","value":"@variables('Duedate')"}]}},"check_flow_on_edit_Condition__":{"actions":{"Update_item":{"runAfter":{},"metadata":{"flowSystemMetadata":{"swaggerOperationId":"PatchItem"}},"type":"ApiConnection","inputs":{"host":{"connection":{"name":"@parameters('$connections')['shared_sharepointonline_1']['connectionId']"},"api":{"runtimeUrl":"https://europe-002.azure-apim.net/apim/sharepointonline"}},"method":"patch","body":{"Title":"@body('Get_item')['Title']","EnvironmentID":"@{workflow()?['tags']['environmentName']}","FlowID":"@{workflow()?['name']}","InstanceID0":"@{workflow()?['run']['name']}","SureYouWanttoUpdateItem":false},"path":"/datasets/@{encodeURIComponent(encodeURIComponent('https://ronvanderhamdevelopment.sharepoint.com/sites/TestMdsSite'))}/tables/@{encodeURIComponent(encodeURIComponent('5dd6d9d7-462b-45e9-b0b6-85806d065691'))}/items/@{encodeURIComponent(body('Get_item')?['ID'])}","authentication":"@parameters('$authentication')"}}},"runAfter":{"Initialize_Enable_content_approval_variable_":["Succeeded"]},"expression":{"equals":["@variables('End flow on edit')","@true"]},"type":"If"},"Check_whether_assignee_is_group_or_not":{"actions":{"Check_whether_group_is_SP_group_or_O365_group":{"actions":{"getgroupDetails":{"runAfter":{},"metadata":{"flowSystemMetadata":{"swaggerOperationId":"getgroupDetails"}},"type":"ApiConnection","inputs":{"host":{"connection":{"name":"@parameters('$connections')['shared_testgroupmember-5f94d32d166053e5df-5f77ca1c62a90586bd']['connectionId']"},"api":{"runtimeUrl":"https://europe-002.azure-apim.net/apim/testgroupmember-5f94d32d166053e5df-5f77ca1c62a90586bd"}},"method":"get","path":"/v1.0/groups","queries":{"$filter":"mail eq '@{variables('Assignee members')}'"},"authentication":"@parameters('$authentication')"}},"Parse_JSON":{"runAfter":{"getgroupDetails":["Succeeded"]},"type":"ParseJson","inputs":{"content":"@body('getgroupDetails')","schema":{"type":"object","properties":{"@@odata.context":{"type":"string"},"value":{"type":"array","items":{"type":"object","properties":{"id":{"type":"string"},"displayName":{"type":"string"},"mail":{"type":"string"}},"required":["id","displayName","mail"]}}}}}},"Apply_to_each":{"foreach":"@body('Parse_JSON')?['value']","actions":{"getgroupmembers":{"runAfter":{},"metadata":{"flowSystemMetadata":{"swaggerOperationId":"getgroupmembers"}},"type":"ApiConnection","inputs":{"host":{"connection":{"name":"@parameters('$connections')['shared_testgroupmember-5f94d32d166053e5df-5f77ca1c62a90586bd']['connectionId']"},"api":{"runtimeUrl":"https://europe-002.azure-apim.net/apim/testgroupmember-5f94d32d166053e5df-5f77ca1c62a90586bd"}},"method":"get","path":"/v1.0/groups/@{encodeURIComponent(items('Apply_to_each')?['id'])}/members","authentication":"@parameters('$authentication')"}},"Parse_JSON_2":{"runAfter":{"getgroupmembers":["Succeeded"]},"type":"ParseJson","inputs":{"content":"@body('getgroupmembers')","schema":{"type":"object","properties":{"@@odata.context":{"type":"string"},"value":{"type":"array","items":{"type":"object","properties":{"@@odata.type":{"type":"string"},"id":{"type":"string"},"displayName":{"type":"string"},"mail":{"type":"string"}},"required":["@@odata.type","id","displayName","mail"]}}}}}},"Apply_to_each_2":{"foreach":"@body('Parse_JSON_2')?['value']","actions":{"Append_to_array_variable":{"runAfter":{},"type":"AppendToArrayVariable","inputs":{"name":"approverslist","value":"@items('Apply_to_each_2')?['mail']"}},"Append_to_string_variable":{"runAfter":{"Set_variable_18":["Succeeded"]},"type":"AppendToStringVariable","inputs":{"name":"approversListtemp","value":"@concat(concat(variables('Approver parel temp'),';'),variables('Approver parel temp1'))"}},"Set_variable_17":{"runAfter":{"Append_to_array_variable":["Succeeded"]},"type":"SetVariable","inputs":{"name":"Approver parel temp","value":"@items('Apply_to_each_2')?['mail']"}},"Set_variable_18":{"runAfter":{"Set_variable_17":["Succeeded"]},"type":"SetVariable","inputs":{"name":"Approver parel temp1","value":"@variables('approversListtemp')"}}},"runAfter":{"Parse_JSON_2":["Succeeded"]},"type":"Foreach"}},"runAfter":{"Parse_JSON":["Succeeded"]},"type":"Foreach"}},"runAfter":{},"else":{"actions":{"Send_an_HTTP_request_to_SharePoint":{"runAfter":{},"metadata":{"flowSystemMetadata":{"swaggerOperationId":"HttpRequest"}},"type":"ApiConnection","inputs":{"host":{"connection":{"name":"@parameters('$connections')['shared_sharepointonline_1']['connectionId']"},"api":{"runtimeUrl":"https://europe-002.azure-apim.net/apim/sharepointonline"}},"method":"post","body":{"method":"GET","uri":"_api/web/sitegroups/getbyname('@{variables('sharepoint group')}')/users","headers":{"Accept":"application/json;odata=verbose"}},"path":"/datasets/@{encodeURIComponent(encodeURIComponent('https://ronvanderhamdevelopment.sharepoint.com/sites/TestMdsSite'))}/httprequest","authentication":"@parameters('$authentication')"}},"Apply_to_each_4":{"foreach":"@body('Send_an_HTTP_request_to_SharePoint')['d']['results']","actions":{"Condition_9":{"actions":{"Append_to_string_variable_2":{"runAfter":{},"type":"AppendToStringVariable","inputs":{"name":"approversListtemp","value":"@{items('Apply_to_each_4')?['Email']};"}},"Append_to_array_variable_2":{"runAfter":{"Append_to_string_variable_2":["Succeeded"]},"type":"AppendToArrayVariable","inputs":{"name":"approverslist","value":"@items('Apply_to_each_4')?['Email']"}}},"runAfter":{},"expression":{"and":[{"equals":["@items('Apply_to_each_4')?['principalType']",1]},{"not":{"equals":["@items('Apply_to_each_4')?['Email']",""]}}]},"type":"If"}},"runAfter":{"Send_an_HTTP_request_to_SharePoint":["Succeeded"]},"type":"Foreach"}}},"expression":{"equals":["@variables('sharepoint group')",""]},"type":"If"}},"runAfter":{"Initialize_variable_4":["Succeeded"]},"else":{"actions":{"Set_variable_8":{"runAfter":{},"type":"SetVariable","inputs":{"name":"approversListtemp","value":"@variables('Assignee members')"}},"Set_variable_14":{"runAfter":{"Set_variable_8":["Succeeded"]},"type":"SetVariable","inputs":{"name":"approverslist","value":"@split(variables('approversListtemp'),';')"}}}},"expression":{"equals":["@variables('assign group')","@true"]},"type":"If"},"Initialize_content_approval_flag_variable_":{"runAfter":{"Initialize_temp_due_dat_variable_":["Succeeded"]},"type":"InitializeVariable","inputs":{"variables":[{"name":"content app flag","type":"boolean","value":"@false"}]}},"Initialize_variable_3":{"runAfter":{"Initialize_approvers_list_variable":["Succeeded"]},"type":"InitializeVariable","inputs":{"variables":[{"name":"Approver parel temp","type":"string"}]}},"Initialize_variable_4":{"runAfter":{"Initialize_variable_3":["Succeeded"]},"type":"InitializeVariable","inputs":{"variables":[{"name":"Approver parel temp1","type":"string"}]}},"Initialize_outcome_flag_for_End_on_first_rrejection_variable":{"runAfter":{"Initialize_content_approval_flag_variable_":["Succeeded"]},"type":"InitializeVariable","inputs":{"variables":[{"name":"outcome flag for End on first rrejection","type":"boolean","value":"@false"}]}},"Apply_to_each_3":{"foreach":"@triggerBody()?['value']","actions":{"Set_variable_20":{"runAfter":{},"type":"SetVariable","inputs":{"name":"item id","value":"@items('Apply_to_each_3')?['ID']"}}},"runAfter":{"Initialize_item_id_variable":["Succeeded"]},"type":"Foreach"},"Initialize_item_id_variable":{"runAfter":{},"type":"InitializeVariable","inputs":{"variables":[{"name":"item id","type":"integer"}]}},"Initialize_End_flow_on_edit_variable_":{"runAfter":{"Initialize_Requestor_variable_":["Succeeded"]},"type":"InitializeVariable","inputs":{"variables":[{"name":"End flow on edit","type":"boolean","value":"@false"}]}},"Initialize_assign_group_variable_":{"runAfter":{"Initialize_End_flow_on_edit_variable_":["Succeeded"]},"type":"InitializeVariable","inputs":{"variables":[{"name":"assign group","type":"boolean","value":"@false"}]}},"Initialize_CC_variable_":{"runAfter":{"Initialize_assign_group_variable_":["Succeeded"]},"type":"InitializeVariable","inputs":{"variables":[{"name":"cc","type":"string","value":"butters@ronvanderhamdevelopment.onmicrosoft.com"}]}},"Initialize_order_variable_All_at_once_(Parellel)_or_One_at_a_time_(Serial)":{"runAfter":{"Initialize_sharepoint_group_variable_if_applicable":["Succeeded"]},"type":"InitializeVariable","inputs":{"variables":[{"name":"order","type":"string","value":"Serial"}]}},"Initialize_due_date_in_format_only_(yyyy-MM-dd)":{"runAfter":{"Initialize_order_variable_All_at_once_(Parellel)_or_One_at_a_time_(Serial)":["Succeeded"]},"type":"InitializeVariable","inputs":{"variables":[{"name":"Duedate","type":"string","value":"2021-05-19"}]}},"Initialize_End_of_first_rejection_variable_":{"runAfter":{"Initialize_Duration_per_task_variable":["Succeeded"]},"type":"InitializeVariable","inputs":{"variables":[{"name":"End of first rejection","type":"boolean","value":"@true"}]}},"Initialize_Enable_content_approval_variable_":{"runAfter":{"Initialize_End_of_first_rejection_variable_":["Succeeded"]},"type":"InitializeVariable","inputs":{"variables":[{"name":"Enable content approval","type":"boolean","value":"@false"}]}},"Initialize_Assignee_variable_separeated_by_;_not_to_mention_;_at_last_":{"runAfter":{"Initialize_CC_variable_":["Succeeded"]},"type":"InitializeVariable","inputs":{"variables":[{"name":"Assignee members","type":"string","value":"stan@ronvanderhamdevelopment.onmicrosoft.com"}]}},"Initialize_sharepoint_group_variable_if_applicable":{"runAfter":{"Initialize_Assignee_variable_separeated_by_;_not_to_mention_;_at_last_":["Succeeded"]},"type":"InitializeVariable","inputs":{"variables":[{"name":"sharepoint group","type":"string"}]}},"Initialize_Requestor_variable_":{"runAfter":{"Get_item":["Succeeded"]},"type":"InitializeVariable","inputs":{"variables":[{"name":"Requestor","type":"boolean","value":"@body('Get_item')?['Editor']?['Email']"}]}}},"description":"Request approval (first to respond) for a selected item in a SharePoint list, along with approval reminder options."},"connectionReferences":{"shared_sharepointonline_1":{"connectionName":"152e4079f7864a4fba3e14407c73fed1","source":"Embedded","id":"/providers/Microsoft.PowerApps/apis/shared_sharepointonline","tier":"NotSpecified"},"shared_approvals":{"connectionName":"shared-approvals-612f7c58-6327-4e75-96d3-7be6-bb71214e","source":"Embedded","id":"/providers/Microsoft.PowerApps/apis/shared_approvals","tier":"NotSpecified"},"shared_office365":{"connectionName":"shared-office365-1291e008-6065-4415-b008-7225-cf47f4d8","source":"Embedded","id":"/providers/Microsoft.PowerApps/apis/shared_office365","tier":"NotSpecified"},"shared_sharepointonline":{"connectionName":"07d288303cee4e01a7c71fc5c78b6d27","source":"Embedded","id":"/providers/Microsoft.PowerApps/apis/shared_sharepointonline","tier":"NotSpecified"},"shared_testgroupmember-5f94d32d166053e5df-5f77ca1c62a90586bd":{"connectionName":"59819199-6dd8-448e-a77e-3f44-7b219e77","source":"Embedded","id":"/providers/Microsoft.PowerApps/apis/shared_testgroupmember-5f94d32d166053e5df-5f77ca1c62a90586bd","tier":"NotSpecified"}},"flowFailureAlertSubscribed":false}}