<?xml version="1.0"?><!-- _lcid="1033" _dal="1" --><!-- _LocalBinding --><WorkflowConfig Version="15.0.0.411">
	<Template BaseID="{3BFB07CB-5C6A-4266-849B-8D6711700409}" DocLibURL="_catalogs/wfpub" XomlHref="_catalogs/wfpub/Collect Feedback - SharePoint 2010/ReviewFeedback_1033.xoml" XomlVersion="V1.0" AssociationURL="~layouts/CstWrkflIP.aspx" TaskContentType="0x01080100C9C9515DE4E24001905074F980F93160000EEA96BE7C83464C9211129CD27F0409" StartManually="true" Visibility="RootPublic" Category="List;Language:1033;#ContentType;Language:1033" RestrictLanguage="1033" RulesHref="_catalogs/wfpub/Collect Feedback - SharePoint 2010/ReviewFeedback_1033.xoml.rules" RulesVersion="V1.0" Description="Routes a document for review. Reviewers can provide feedback, which is compiled and sent to the document owner when the workflow has completed." PreviewHref="/_catalogs/wfpub/Collect Feedback - SharePoint 2010/ReviewFeedback_1033.vdw" ShowPreview="true" PreviewVersion="V1.0"/>
	<ContentTypes>
		<ContentType Name="Collect Feedback Workflow Task (en-US)" ContentTypeID="0x01080100C9C9515DE4E24001905074F980F93160000EEA96BE7C83464C9211129CD27F0409" WorkflowForm="/_catalogs/wfpub/Collect Feedback - SharePoint 2010/ReviewFeedback_Task_1033.xsn" WorkflowFormVersion="V1.0" Description="A work item created by an workflow that you or your team needs to complete.">
			<Fields/>
			<WorkflowFormData>
				<dfs:myFields xmlns:xsd="http://www.w3.org/2001/XMLSchema" xmlns:dms="http://schemas.microsoft.com/office/2009/documentManagement/types" xmlns:dfs="http://schemas.microsoft.com/office/infopath/2003/dataFormSolution" xmlns:q="http://schemas.microsoft.com/office/infopath/2009/WSSList/queryFields" xmlns:d="http://schemas.microsoft.com/office/infopath/2009/WSSList/dataFields" xmlns:ma="http://schemas.microsoft.com/office/2009/metadata/properties/metaAttributes" xmlns:pc="http://schemas.microsoft.com/office/infopath/2007/PartnerControls" xmlns:xsi="http://www.w3.org/2001/XMLSchema-instance">
					<dfs:queryFields>
					</dfs:queryFields>
					<dfs:dataFields>
						<d:SharePointListItem_RW>
							<d:Status/>
							<d:Author/>
							<d:FieldName_ConsolidatedComments/>
							<d:DueDate xsi:nil="true"/>
							<d:FieldName_Comments/>
							<d:FieldName_DelegateTo/>
							<d:FieldName_NewDescription/>
							<d:FieldName_NewSerialTaskDuration xsi:nil="true"/>
							<d:FieldName_NewDurationUnits>Day</d:FieldName_NewDurationUnits>
							<d:FieldName_RequestTo/>
							<d:Body/>
							<d:Title/>
							<d:Priority>(2) Normal</d:Priority>
							<d:PercentComplete xsi:nil="true"/>
							<d:AssignedTo/>
							<d:StartDate/>
							<d:WorkflowLink Description=""/>
							<d:OffsiteParticipant/>
							<d:OffsiteParticipantReason/>
							<d:WorkflowOutcome/>
							<d:WorkflowName/>
							<d:FormURN/>
							<d:FormData/>
							<d:EmailBody/>
							<d:HasCustomEmailBody xsi:nil="true"/>
							<d:SendEmailNotification xsi:nil="true"/>
							<d:PendingModTime xsi:nil="true"/>
							<d:Completed>false</d:Completed>
							<d:ExtendedProperties/>
							<d:ID xsi:nil="true"/>
							<d:Modified xsi:nil="true"/>
							<d:Created xsi:nil="true"/>
							<d:Editor/>
						</d:SharePointListItem_RW>
					</dfs:dataFields>
				</dfs:myFields>
			</WorkflowFormData>
		</ContentType>
	</ContentTypes>
	<Initiation URL="~layouts/IniWrkflIP.aspx">
		<Fields>
			<Field Name="Reviewers" GroupName="Assignment" FormType="Both" DisplayName="Reviewers" Type="HybridUser" Description="Enter the names of the people to whom the workflow will assign tasks, and choose the order in which those tasks are assigned. Separate them with semicolons. You can also add stages to assign tasks to more people in different orders." Direction="None" InsertButtonText="Add a new stage">
				<Default/>
				<Field Name="Assignee" DisplayName="Assign To" List="UserInfo" Description="" Width="305" Type="UserMulti" ShowField="ImnName" UserSelectionMode="PeopleAndGroups" UserSelectionScope="0" Direction="None"/>
				<Field Name="Stage" DisplayName="Stage" Description="" Width="1" Type="Number" Direction="None" Hidden="TRUE">
					<Default></Default>
				</Field>
				<Field Name="AssignmentType" Format="Dropdown" BaseType="Text" DisplayName="Order" Description="" Width="150" Type="Choice" Direction="None">
					<Default>Serial</Default>
					<CHOICES>
						<CHOICE DisplayName="One at a time (serial)">Serial</CHOICE>
						<CHOICE DisplayName="All at once (parallel)">Parallel</CHOICE>
					</CHOICES>
				</Field>
			</Field>
			<Field Name="ExpandGroups" FormType="Both" DisplayName="Expand Groups" Description="For each group entered, assign a task to every individual member and to each group that it contains." Direction="None" Type="Boolean">
				<Default>1</Default>
			</Field>
			<Field Name="NotificationMessage" FormType="Both" NumLines="5" Sortable="FALSE" RichTextMode="Compatible" DisplayName="Request" Description="This message will be sent to the people assigned tasks." Direction="None" Type="Note">
				<Default/>
			</Field>
			<Field Name="DueDateforAllTasks" FormType="Both" Format="DateOnly" DisplayName="Due Date for All Tasks" Description="The date by which all tasks are due." Direction="None" Type="DateTime">
				<CustomValidation>
					<Condition>. != "" and msxsl:string-compare(., xdDate:Now()) &lt; 0</Condition>
					<Message ScreenTip="Values for this control must be greater than the current date and time." ShowScreenTipOnly="TRUE">Values for this control must be greater than the current date and time.</Message>
				</CustomValidation>
			</Field>
			<Field Name="DurationforSerialTasks" FormType="Both" Min="1" Max="999" DisplayName="Duration Per Task" Description="The amount of time until a task is due. Choose the units by using the Duration Units." Direction="None" Type="Number"/>
			<Field Name="DurationUnits" FormType="Both" Format="Dropdown" BaseType="Text" DisplayName="Duration Units" Description="Define the units of time used by the Duration Per Task." Direction="None" Type="Choice">
				<CHOICES>
					<CHOICE DisplayName="Day(s)">Day</CHOICE>
					<CHOICE DisplayName="Week(s)">Week</CHOICE>
					<CHOICE DisplayName="Month(s)">Month</CHOICE>
				</CHOICES>
				<Default>Day</Default>
			</Field>
			<Field Name="CC" FormType="Both" List="UserInfo" ShowField="ImnName" UserSelectionMode="PeopleAndGroups" UserSelectionScope="0" DisplayName="CC" Description="Notify these people when the workflow starts and ends without assigning tasks to them." Direction="None" Type="UserMulti" Mult="TRUE"/>
			<Field Name="CancelonChange" FormType="Association" DisplayName="End on Document Change" Description="Automatically cancel the workflow if the document is changed before the workflow is completed." Direction="None" Type="Boolean">
				<Default>0</Default>
			</Field>
		</Fields>
		<Parameters>
			<Parameter Name="Reviewers" Type="System.String"/>
			<Parameter Name="ExpandGroups" Type="System.Boolean"/>
			<Parameter Name="NotificationMessage" Type="System.String"/>
			<Parameter Name="DueDateforAllTasks" Type="System.DateTime"/>
			<Parameter Name="DurationforSerialTasks" Type="System.Double"/>
			<Parameter Name="DurationUnits" Type="System.String"/>
			<Parameter Name="CC" Type="System.String"/>
			<Parameter Name="CancelonChange" Type="System.Boolean"/>
		</Parameters>
		<DefaultData>
			<dfs:myFields xmlns:xsd="http://www.w3.org/2001/XMLSchema" xmlns:dms="http://schemas.microsoft.com/office/2009/documentManagement/types" xmlns:dfs="http://schemas.microsoft.com/office/infopath/2003/dataFormSolution" xmlns:q="http://schemas.microsoft.com/office/infopath/2009/WSSList/queryFields" xmlns:d="http://schemas.microsoft.com/office/infopath/2009/WSSList/dataFields" xmlns:ma="http://schemas.microsoft.com/office/2009/metadata/properties/metaAttributes" xmlns:pc="http://schemas.microsoft.com/office/infopath/2007/PartnerControls" xmlns:xsi="http://www.w3.org/2001/XMLSchema-instance">
				<dfs:queryFields>
				</dfs:queryFields>
				<dfs:dataFields>
					<d:SharePointListItem_RW>
						<d:Reviewers>
							<d:Assignment>
								<d:Assignee/>
								<d:Stage xsi:nil="true"/>
								<d:AssignmentType>Serial</d:AssignmentType>
							</d:Assignment>
						</d:Reviewers>
						<d:ExpandGroups>true</d:ExpandGroups>
						<d:NotificationMessage/>
						<d:DueDateforAllTasks xsi:nil="true"/>
						<d:DurationforSerialTasks xsi:nil="true"/>
						<d:DurationUnits>Day</d:DurationUnits>
						<d:CC/>
						<d:CancelonChange>false</d:CancelonChange>
					</d:SharePointListItem_RW>
				</dfs:dataFields>
			</dfs:myFields>
		</DefaultData>
	</Initiation>
	<Extended>
		<Fields/>
	</Extended>
	<MetaData>
		<TaskForms/>
		<Modifications ModificationUrl="~layouts/ModWrkflIP.aspx">
			<Modification TypeId="64aefd44-fd54-48c1-93c0-86f2f7c71be5" NameFormat="Add or update reviewers of {0}" FormURN="urn:schemas-microsoft-com:office:infopath:workflow:ReviewRoutingSPD-Modify:1033"/>
			<Modification TypeId="8ac90eb6-6c4a-469a-8977-8b8368083380" NameFormat="Update active tasks of {0}" FormURN="urn:schemas-microsoft-com:office:infopath:workflow:ReviewRouting-UpdateTasks:1033"/>
			<Modification TypeId="a938eabe-8db1-45b9-87cb-b930728afe10" NameFormat="Cancel all {0} tasks" FormURN="urn:schemas-microsoft-com:office:infopath:workflow:OOB-WrapItUp:1033"/>
		</Modifications>
		<Instantiation_FormURI Version="V1.0">/_catalogs/wfpub/Collect Feedback - SharePoint 2010/reviewfeedback_1033.xsn</Instantiation_FormURI>
		<Association_FormURN Version="V1.0">/_catalogs/wfpub/Collect Feedback - SharePoint 2010/reviewfeedback_1033.xsn</Association_FormURN>
		<ExtendedStatusColumnValues>
			<StatusColumnValue>Canceled</StatusColumnValue>
			<StatusColumnValue>Approved</StatusColumnValue>
			<StatusColumnValue>Rejected</StatusColumnValue>
		</ExtendedStatusColumnValues>
	</MetaData>
</WorkflowConfig>