{"name":"e100d851-c1b6-4c0b-97f5-796bf203cc30","id":"/providers/Microsoft.Flow/flows/e100d851-c1b6-4c0b-97f5-796bf203cc30","type":"Microsoft.Flow/flows","properties":{"apiId":"/providers/Microsoft.PowerApps/apis/shared_logicflows","displayName":"Copy of - OOTB_Approval_MultipleStages_List","definition":{"metadata":{"workflowEntityId":null,"processAdvisorMetadata":null,"flowclientsuspensionreason":"None","flowclientsuspensiontime":null,"creator":{"id":"cbf6b318-835e-4eaa-94a8-878a92e80997","type":"User","tenantId":"c7ba1ffa-0912-4ec7-be94-7cfcb8a19dd6"},"provisioningMethod":"FromDefinition","failureAlertSubscription":true,"clientLastModifiedTime":"2021-06-16T07:47:50.6476609Z"},"$schema":"https://schema.management.azure.com/providers/Microsoft.Logic/schemas/2016-06-01/workflowdefinition.json#","contentVersion":"1.0.0.0","parameters":{"$connections":{"defaultValue":{},"type":"Object"},"$authentication":{"defaultValue":{},"type":"SecureObject"},"sharepoint.site":{"defaultValue":"","type":"String"},"sharepoint.list":{"defaultValue":"","type":"String"}},"triggers":{"When_an_item_is_created":{"recurrence":{"frequency":"Minute","interval":1},"metadata":{"flowSystemMetadata":{"swaggerOperationId":"GetOnNewItems"}},"type":"ApiConnection","inputs":{"host":{"connection":{"name":"@parameters('$connections')['shared_sharepointonline']['connectionId']"},"api":{"runtimeUrl":"https://europe-002.azure-apim.net/apim/sharepointonline"}},"method":"get","path":"/datasets/@{encodeURIComponent(encodeURIComponent('https://ronvanderhamdevelopment.sharepoint.com/sites/TestMdsSite'))}/tables/@{encodeURIComponent(encodeURIComponent('dcdf2b12-9933-4884-a989-5f49d6a56f94'))}/onnewitems","authentication":"@parameters('$authentication')"}}},"actions":{"Initialize_approval_done_variable":{"runAfter":{"Condition_10":["Succeeded"]},"type":"InitializeVariable","inputs":{"variables":[{"name":"approvalDone","type":"boolean","value":"@false"}]}},"Initialize_approvers_list_variable":{"runAfter":{"Initialize_approvers_temp_list_variable":["Succeeded"]},"type":"InitializeVariable","inputs":{"variables":[{"name":"approverslist","type":"array"}]}},"Initialize_approvers_temp_list_variable":{"runAfter":{"Initialize_approval_done_variable":["Succeeded"]},"type":"InitializeVariable","inputs":{"variables":[{"name":"approversListtemp","type":"string"}]}},"Condition_2":{"actions":{"Condition_5":{"actions":{"Set_variable_6":{"runAfter":{},"type":"SetVariable","inputs":{"name":"Duedate","value":"@{addDays(utcNow(), variables('Duration per task'), 'yyyy-MM-dd')}"}}},"runAfter":{},"else":{"actions":{"Set_variable_7":{"runAfter":{},"type":"SetVariable","inputs":{"name":"Duedate","value":"None"}}}},"expression":{"not":{"equals":["@variables('Duration per task')",0]}},"type":"If"}},"runAfter":{"Initialize_index_no_for_stage_variable_":["Succeeded"]},"else":{"actions":{"Condition_4":{"actions":{"Day_condition":{"actions":{"Set_variable_2":{"runAfter":{},"type":"SetVariable","inputs":{"name":"Duedate","value":"@{addDays(utcNow(),variables('Duration per task'),'yyyy-MM-dd')}"}}},"runAfter":{},"else":{"actions":{"Set_variable_5":{"runAfter":{},"type":"SetVariable","inputs":{"name":"Duedate","value":"@variables('tempdue')"}}}},"expression":{"less":["@addDays(utcNow(),variables('Duration per task'),'yyyy-MM-dd')","@variables('Duedate')"]},"type":"If"}},"runAfter":{},"expression":{"not":{"equals":["@variables('Duration per task')",0]}},"type":"If"}}},"expression":{"equals":["@variables('Duedate')",""]},"type":"If"},"Initialize_approval_respond_link_variable":{"runAfter":{"Initialize_variable_4":["Succeeded"]},"type":"InitializeVariable","inputs":{"variables":[{"name":"approvalRespondLink","type":"string"}]}},"Initialize_Mail_response_for_serial":{"runAfter":{"Initialize_approval_respond_link_variable":["Succeeded"]},"type":"InitializeVariable","inputs":{"variables":[{"name":"Mail response","type":"array"}]}},"Initialize_Duration_per_task_variable":{"runAfter":{"Initialize_due_date_in_format_only_(yyyy-MM-dd)":["Succeeded"]},"type":"InitializeVariable","inputs":{"variables":[{"name":"Duration per task","type":"integer","value":5}]}},"Initialize_Task_list_array_variable":{"runAfter":{"Initialize_Mail_response_for_serial":["Succeeded"]},"type":"InitializeVariable","inputs":{"variables":[{"name":"Task list Id","type":"array"}]}},"Initialize_variable":{"runAfter":{"Initialize_Task_list_array_variable":["Succeeded"]},"type":"InitializeVariable","inputs":{"variables":[{"name":"Index no","type":"integer","value":0}]}},"Initialize_Array_index_for_serial_in_do_until_variable_":{"runAfter":{"Initialize_variable":["Succeeded"]},"type":"InitializeVariable","inputs":{"variables":[{"name":"Array index no","type":"integer","value":0}]}},"Initialize_check_variable__for_do_until_loop_in_serial":{"runAfter":{"Initialize_Array_index_for_serial_in_do_until_variable_":["Succeeded"]},"type":"InitializeVariable","inputs":{"variables":[{"name":"check","type":"boolean","value":"@false"}]}},"Initialize_temp_due_dat_variable_":{"runAfter":{"Initialize_check_variable__for_do_until_loop_in_serial":["Succeeded"]},"type":"InitializeVariable","inputs":{"variables":[{"name":"tempdue","type":"string","value":"@variables('Duedate')"}]}},"Condition_10":{"actions":{"Update_item":{"runAfter":{},"metadata":{"flowSystemMetadata":{"swaggerOperationId":"PatchItem"}},"type":"ApiConnection","inputs":{"host":{"connection":{"name":"@parameters('$connections')['shared_sharepointonline']['connectionId']"},"api":{"runtimeUrl":"https://europe-002.azure-apim.net/apim/sharepointonline"}},"method":"patch","body":{"Title":"@body('Get_item')['Title']","Environment_x0020_ID":"@{workflow()?['tags']['environmentName']}","Flow_x0020_ID":"@{workflow()?['name']}","Instance_x0020_ID":"@{workflow()?['run']['name']}","CancelFlow":false},"path":"/datasets/@{encodeURIComponent(encodeURIComponent('https://ronvanderhamdevelopment.sharepoint.com/sites/TestMdsSite'))}/tables/@{encodeURIComponent(encodeURIComponent('65fbbe8e-0b70-40d8-a36e-85003175957a'))}/items/@{encodeURIComponent(variables('item id'))}","authentication":"@parameters('$authentication')"}}},"runAfter":{"Condition_cc":["Succeeded"]},"expression":{"equals":["@variables('End flow on edit')","@true"]},"type":"If"},"Initialize_content_approval_flag_variable_":{"runAfter":{"Initialize_temp_due_dat_variable_":["Succeeded"]},"type":"InitializeVariable","inputs":{"variables":[{"name":"content app flag","type":"boolean","value":"@false"}]}},"Initialize_variable_3":{"runAfter":{"Initialize_approvers_list_variable":["Succeeded"]},"type":"InitializeVariable","inputs":{"variables":[{"name":"Approver parel temp","type":"string"}]}},"Initialize_variable_4":{"runAfter":{"Initialize_variable_3":["Succeeded"]},"type":"InitializeVariable","inputs":{"variables":[{"name":"Approver parel temp1","type":"string"}]}},"Initialize_outcome_flag_for_End_on_first_rrejection_variable":{"runAfter":{"Initialize_content_approval_flag_variable_":["Succeeded"]},"type":"InitializeVariable","inputs":{"variables":[{"name":"outcome flag for End on first rrejection","type":"boolean","value":"@false"}]}},"Apply_to_each_3":{"foreach":"@triggerBody()?['value']","actions":{"Set_variable_20":{"runAfter":{},"type":"SetVariable","inputs":{"name":"item id","value":"@items('Apply_to_each_3')?['ID']"}}},"runAfter":{"Initialize_item_id_variable":["Succeeded"]},"type":"Foreach"},"Initialize_item_id_variable":{"runAfter":{},"type":"InitializeVariable","inputs":{"variables":[{"name":"item id","type":"integer"}]}},"Initialize_End_flow_on_edit_variable_":{"runAfter":{"Initialize_Requestor":["Succeeded"]},"type":"InitializeVariable","inputs":{"variables":[{"name":"End flow on edit","type":"boolean","value":"@false"}]}},"Initialize_assign_group_variable_":{"runAfter":{"Initialize_End_flow_on_edit_variable_":["Succeeded"]},"type":"InitializeVariable","inputs":{"variables":[{"name":"assign group","type":"boolean"}]}},"Initialize_CC_variable_":{"runAfter":{"Initialize_assign_group_variable_":["Succeeded"]},"type":"InitializeVariable","inputs":{"variables":[{"name":"cc","type":"string"}]}},"Initialize_order_variable_All_at_once_(Parellel)_or_One_at_a_time_(Serial)":{"runAfter":{"Initialize_office_365_group_variable_if_applicable":["Succeeded"]},"type":"InitializeVariable","inputs":{"variables":[{"name":"order","type":"string"}]}},"Initialize_due_date_in_format_only_(yyyy-MM-dd)":{"runAfter":{"Initialize_order_variable_All_at_once_(Parellel)_or_One_at_a_time_(Serial)":["Succeeded"]},"type":"InitializeVariable","inputs":{"variables":[{"name":"Duedate","type":"string","value":"2021-05-19"}]}},"Initialize_End_of_first_rejection_variable_":{"runAfter":{"Initialize_Duration_per_task_variable":["Succeeded"]},"type":"InitializeVariable","inputs":{"variables":[{"name":"End of first rejection","type":"boolean","value":"@true"}]}},"Initialize_Enable_content_approval_variable_":{"runAfter":{"Initialize_End_of_first_rejection_variable_":["Succeeded"]},"type":"InitializeVariable","inputs":{"variables":[{"name":"Enable content approval","type":"boolean","value":"@true"}]}},"Initialize_Assignee_variable_separeated_by_;_not_to_mention_;_at_last_":{"runAfter":{"Initialize_CC_variable_":["Succeeded"]},"type":"InitializeVariable","inputs":{"variables":[{"name":"Assignee members","type":"string"}]}},"Initialize_sharepoint_group_variable_if_applicable":{"runAfter":{"Initialize_Assignee_variable_separeated_by_;_not_to_mention_;_at_last_":["Succeeded"]},"type":"InitializeVariable","inputs":{"variables":[{"name":"sharepoint group","type":"string"}]}},"Condition_send_mail":{"actions":{"Send_an_email_(V2)_14":{"runAfter":{},"metadata":{"flowSystemMetadata":{"swaggerOperationId":"SendEmailV2"}},"type":"ApiConnection","inputs":{"host":{"connection":{"name":"@parameters('$connections')['shared_office365']['connectionId']"},"api":{"runtimeUrl":"https://europe-002.azure-apim.net/apim/office365"}},"method":"post","body":{"To":"@variables('Requestor')","Subject":"Approval Completed","Body":"<p>Your request for '@{body('Get_item')['Title']}' has been completed.<br>\n<br>\nApproval details below:<br>\n<br>\n@{outputs('Compose_2')}</p>","Cc":"@variables('cc')"},"path":"/v2/Mail","authentication":"@parameters('$authentication')"}}},"runAfter":{"Compose_2":["Succeeded"]},"else":{"actions":{"Send_an_email_(V2)_13":{"runAfter":{},"metadata":{"flowSystemMetadata":{"swaggerOperationId":"SendEmailV2"}},"type":"ApiConnection","inputs":{"host":{"connection":{"name":"@parameters('$connections')['shared_office365']['connectionId']"},"api":{"runtimeUrl":"https://europe-002.azure-apim.net/apim/office365"}},"method":"post","body":{"To":"@variables('Requestor')","Subject":"Approval Completed","Body":"<p>Your request for '@{body('Get_item')['Title']}' has been completed.<br>\n<br>\nApproval details below:<br>\n<br>\n@{outputs('Compose_2')}</p>"},"path":"/v2/Mail","authentication":"@parameters('$authentication')"}}}},"expression":{"not":{"equals":["@variables('cc')",""]}},"type":"If"},"Condition_content_approval":{"actions":{"Condition_3":{"actions":{"Set_content_approval_status_5":{"runAfter":{},"metadata":{"flowSystemMetadata":{"swaggerOperationId":"SetApprovalStatus"}},"type":"ApiConnection","inputs":{"host":{"connection":{"name":"@parameters('$connections')['shared_sharepointonline_1']['connectionId']"},"api":{"runtimeUrl":"https://europe-002.azure-apim.net/apim/sharepointonline"}},"method":"post","path":"/datasets/@{encodeURIComponent(encodeURIComponent('https://ronvanderhamdevelopment.sharepoint.com/sites/TestMdsSite'))}/tables/@{encodeURIComponent(encodeURIComponent('dcdf2b12-9933-4884-a989-5f49d6a56f94'))}/items/@{encodeURIComponent(encodeURIComponent(variables('item id')))}/setapprovalstatus","queries":{"approvalAction":"Reject","comments":""},"authentication":"@parameters('$authentication')"}}},"runAfter":{},"else":{"actions":{"Set_content_approval_status_6":{"runAfter":{},"metadata":{"flowSystemMetadata":{"swaggerOperationId":"SetApprovalStatus"}},"type":"ApiConnection","inputs":{"host":{"connection":{"name":"@parameters('$connections')['shared_sharepointonline_1']['connectionId']"},"api":{"runtimeUrl":"https://europe-002.azure-apim.net/apim/sharepointonline"}},"method":"post","path":"/datasets/@{encodeURIComponent(encodeURIComponent('https://ronvanderhamdevelopment.sharepoint.com/sites/TestMdsSite'))}/tables/@{encodeURIComponent(encodeURIComponent('dcdf2b12-9933-4884-a989-5f49d6a56f94'))}/items/@{encodeURIComponent(encodeURIComponent(variables('item id')))}/setapprovalstatus","queries":{"approvalAction":"Approve","comments":""},"authentication":"@parameters('$authentication')"}}}},"expression":{"equals":["@variables('content app flag')","@true"]},"type":"If"}},"runAfter":{"Condition_send_mail":["Succeeded"]},"expression":{"equals":["@variables('Enable content approval')","@true"]},"type":"If"},"Create_HTML_table_2":{"runAfter":{"Do_until_Multiple_stages":["Succeeded"]},"type":"Table","inputs":{"from":"@variables('Mail response')","format":"HTML"}},"Compose_2":{"runAfter":{"Create_HTML_table_2":["Succeeded"]},"type":"Compose","inputs":"<style>\ntable {\n  width: 100%;\n  background-color: #FFFFFF;\n  border-collapse: collapse;\n  border-width: 2px;\n  border-color: #7EA8F8;\n  border-style: solid;\n  color: #000000;\n  text-align: left;\n}\n\ntable td, table th {\n  border-width: 2px;\n  border-color: #7EA8F8;\n  border-style: solid;\n  padding: 5px;\n}\n\ntable thead {\n  background-color: #DEDEDE;\n}\n</style>\n@{body('Create_HTML_table_2')}"},"Initialize_Stage_check_variable_":{"runAfter":{"Initialize_outcome_flag_for_End_on_first_rrejection_variable":["Succeeded"]},"type":"InitializeVariable","inputs":{"variables":[{"name":"Stage","type":"boolean","value":"@false"}]}},"Initialize_Array_of_stage_values_variable_":{"runAfter":{"Initialize_Enable_content_approval_variable_":["Succeeded"]},"type":"InitializeVariable","inputs":{"variables":[{"name":"Array of stage","type":"array","value":[{"assign group":"@true","Assignee members":"butters@ronvanderhamdevelopment.onmicrosoft.com","sharepoint group":"TestMdsSite Owners;TestMdsSite Owners","O365 mail":"","order":"All at once (Parellel)"},{"assign group":"@false","Assignee members":"butters@ronvanderhamdevelopment.onmicrosoft.com","sharepoint group":"","O365 mail":"","order":"All at once (Parellel)"},{"assign group":"@true","Assignee members":"butters@ronvanderhamdevelopment.onmicrosoft.com;butters@ronvanderhamdevelopment.onmicrosoft.com","sharepoint group":"TestMdsSite Owners","O365 mail":"","order":"serial"}]}]}},"Do_until_Multiple_stages":{"actions":{"Set_Array_Index_variable_2":{"runAfter":{"Condition_stage_":["Succeeded"]},"type":"SetVariable","inputs":{"name":"Array index no","value":0}},"Set_variable_42":{"runAfter":{"Set_Array_Index_variable_2":["Succeeded"]},"type":"SetVariable","inputs":{"name":"approversListtemp","value":"@{null}"}},"Set_variable_43":{"runAfter":{"Set_variable_42":["Succeeded"]},"type":"SetVariable","inputs":{"name":"approverslist","value":[]}},"Set_variable_44":{"runAfter":{"Set_variable_43":["Succeeded"]},"type":"SetVariable","inputs":{"name":"Approver parel temp","value":"@{null}"}},"Set_variable_45":{"runAfter":{"Set_variable_44":["Succeeded"]},"type":"SetVariable","inputs":{"name":"Approver parel temp1","value":"@{null}"}},"Set_variable_46":{"runAfter":{"Set_variable_45":["Succeeded"]},"type":"SetVariable","inputs":{"name":"Task list Id","value":[]}},"Set_variable_47":{"runAfter":{"Set_variable_46":["Succeeded"]},"type":"SetVariable","inputs":{"name":"Index no","value":0}},"Condition_assign_members_for_stage":{"actions":{"Condition_6":{"actions":{"Set_variable_8":{"runAfter":{},"type":"SetVariable","inputs":{"name":"approversListtemp","value":"@{variables('Assignee members')};"}},"Condition_7":{"actions":{"Apply_to_each":{"foreach":"@split(variables('O365 group mail'),';')","actions":{"getgroupDetails_2":{"runAfter":{},"metadata":{"flowSystemMetadata":{"swaggerOperationId":"getgroupDetails"}},"type":"ApiConnection","inputs":{"host":{"connection":{"name":"@parameters('$connections')['shared_testgroupmember-5f94d32d166053e5df-5f77ca1c62a90586bd']['connectionId']"},"api":{"runtimeUrl":"https://europe-002.azure-apim.net/apim/testgroupmember-5f94d32d166053e5df-5f77ca1c62a90586bd"}},"method":"get","path":"/v1.0/groups","queries":{"$filter":"mail eq '@{items('Apply_to_each')}'"},"authentication":"@parameters('$authentication')"}},"Parse_JSON_3":{"runAfter":{"getgroupDetails_2":["Succeeded"]},"type":"ParseJson","inputs":{"content":"@body('getgroupDetails_2')","schema":{"type":"object","properties":{"@@odata.context":{"type":"string"},"value":{"type":"array","items":{"type":"object","properties":{"id":{"type":"string"},"displayName":{"type":"string"},"mail":{"type":"string"}},"required":["id","displayName","mail"]}}}}}},"Apply_to_each_7":{"foreach":"@body('Parse_JSON_3')?['value']","actions":{"getgroupmembers_2":{"runAfter":{},"metadata":{"flowSystemMetadata":{"swaggerOperationId":"getgroupmembers"}},"type":"ApiConnection","inputs":{"host":{"connection":{"name":"@parameters('$connections')['shared_testgroupmember-5f94d32d166053e5df-5f77ca1c62a90586bd']['connectionId']"},"api":{"runtimeUrl":"https://europe-002.azure-apim.net/apim/testgroupmember-5f94d32d166053e5df-5f77ca1c62a90586bd"}},"method":"get","path":"/v1.0/groups/@{encodeURIComponent(items('Apply_to_each_7')?['id'])}/members","authentication":"@parameters('$authentication')"}},"Parse_JSON_4":{"runAfter":{"getgroupmembers_2":["Succeeded"]},"type":"ParseJson","inputs":{"content":"@body('getgroupmembers_2')","schema":{"type":"object","properties":{"@@odata.context":{"type":"string"},"value":{"type":"array","items":{"type":"object","properties":{"@@odata.type":{"type":"string"},"id":{"type":"string"},"displayName":{"type":"string"},"mail":{"type":"string"}},"required":["@@odata.type","id","displayName","mail"]}}}}}},"Apply_to_each_8":{"foreach":"@body('Parse_JSON_4')?['value']","actions":{"Append_to_array_variable":{"runAfter":{},"type":"AppendToArrayVariable","inputs":{"name":"approverslist","value":"@items('Apply_to_each_8')?['mail']"}},"Append_to_string_variable":{"runAfter":{"Set_variable_11":["Succeeded"]},"type":"AppendToStringVariable","inputs":{"name":"approversListtemp","value":"@{items('Apply_to_each_8')?['mail']};"}},"Set_variable_10":{"runAfter":{"Append_to_array_variable":["Succeeded"]},"type":"SetVariable","inputs":{"name":"Approver parel temp","value":"@items('Apply_to_each_8')?['mail']"}},"Set_variable_11":{"runAfter":{"Set_variable_10":["Succeeded"]},"type":"SetVariable","inputs":{"name":"Approver parel temp1","value":"@variables('approversListtemp')"}}},"runAfter":{"Parse_JSON_4":["Succeeded"]},"type":"Foreach"}},"runAfter":{"Parse_JSON_3":["Succeeded"]},"type":"Foreach"}},"runAfter":{},"type":"Foreach"}},"runAfter":{"Set_variable_9":["Succeeded"]},"else":{"actions":{"Apply_to_each_5":{"foreach":"@split(variables('sharepoint group'),';')","actions":{"Send_an_HTTP_request_to_SharePoint_2":{"runAfter":{},"metadata":{"flowSystemMetadata":{"swaggerOperationId":"HttpRequest"}},"type":"ApiConnection","inputs":{"host":{"connection":{"name":"@parameters('$connections')['shared_sharepointonline_1']['connectionId']"},"api":{"runtimeUrl":"https://europe-002.azure-apim.net/apim/sharepointonline"}},"method":"post","body":{"method":"GET","uri":"_api/web/sitegroups/getbyname('@{items('Apply_to_each_5')}')/users","headers":{"Accept":"application/json;odata=verbose"}},"path":"/datasets/@{encodeURIComponent(encodeURIComponent('https://ronvanderhamdevelopment.sharepoint.com/sites/TestMdsSite'))}/httprequest","authentication":"@parameters('$authentication')"}},"Apply_to_each_6":{"foreach":"@body('Send_an_HTTP_request_to_SharePoint_2')['d']['results']","actions":{"Condition_9":{"actions":{"Append_to_string_variable_3":{"runAfter":{},"type":"AppendToStringVariable","inputs":{"name":"approversListtemp","value":"@{items('Apply_to_each_6')?['Email']};"}},"Append_to_array_variable_3":{"runAfter":{"Append_to_string_variable_3":["Succeeded"]},"type":"AppendToArrayVariable","inputs":{"name":"approverslist","value":"@items('Apply_to_each_6')?['Email']"}}},"runAfter":{},"expression":{"and":[{"equals":["@items('Apply_to_each_6')?['principalType']",1]},{"not":{"equals":["@items('Apply_to_each_6')?['Email']",""]}}]},"type":"If"}},"runAfter":{"Send_an_HTTP_request_to_SharePoint_2":["Succeeded"]},"type":"Foreach"}},"runAfter":{},"type":"Foreach"}}},"expression":{"equals":["@variables('sharepoint group')",""]},"type":"If"},"Set_variable_9":{"runAfter":{"Set_variable_8":["Succeeded"]},"type":"SetVariable","inputs":{"name":"approverslist","value":"@split(variables('Assignee members'), ';')"}}},"runAfter":{},"else":{"actions":{"Condition_8":{"actions":{"Apply_to_each_9":{"foreach":"@split(variables('O365 group mail'), ';')","actions":{"getgroupDetails":{"runAfter":{},"metadata":{"flowSystemMetadata":{"swaggerOperationId":"getgroupDetails"}},"type":"ApiConnection","inputs":{"host":{"connection":{"name":"@parameters('$connections')['shared_testgroupmember-5f94d32d166053e5df-5f77ca1c62a90586bd']['connectionId']"},"api":{"runtimeUrl":"https://europe-002.azure-apim.net/apim/testgroupmember-5f94d32d166053e5df-5f77ca1c62a90586bd"}},"method":"get","path":"/v1.0/groups","queries":{"$filter":"mail eq '@{items('Apply_to_each_9')}'"},"authentication":"@parameters('$authentication')"}},"Parse_JSON":{"runAfter":{"getgroupDetails":["Succeeded"]},"type":"ParseJson","inputs":{"content":"@body('getgroupDetails')","schema":{"type":"object","properties":{"@@odata.context":{"type":"string"},"value":{"type":"array","items":{"type":"object","properties":{"id":{"type":"string"},"displayName":{"type":"string"},"mail":{"type":"string"}},"required":["id","displayName","mail"]}}}}}},"Apply_to_each_10":{"foreach":"@body('Parse_JSON')?['value']","actions":{"getgroupmembers":{"runAfter":{},"metadata":{"flowSystemMetadata":{"swaggerOperationId":"getgroupmembers"}},"type":"ApiConnection","inputs":{"host":{"connection":{"name":"@parameters('$connections')['shared_testgroupmember-5f94d32d166053e5df-5f77ca1c62a90586bd']['connectionId']"},"api":{"runtimeUrl":"https://europe-002.azure-apim.net/apim/testgroupmember-5f94d32d166053e5df-5f77ca1c62a90586bd"}},"method":"get","path":"/v1.0/groups/@{encodeURIComponent(items('Apply_to_each_10')?['id'])}/members","authentication":"@parameters('$authentication')"}},"Parse_JSON_2":{"runAfter":{"getgroupmembers":["Succeeded"]},"type":"ParseJson","inputs":{"content":"@body('getgroupmembers')","schema":{"type":"object","properties":{"@@odata.context":{"type":"string"},"value":{"type":"array","items":{"type":"object","properties":{"@@odata.type":{"type":"string"},"id":{"type":"string"},"displayName":{"type":"string"},"mail":{"type":"string"}},"required":["@@odata.type","id","displayName","mail"]}}}}}},"Apply_to_each_13":{"foreach":"@body('Parse_JSON_2')?['value']","actions":{"Append_to_array_variable_4":{"runAfter":{},"type":"AppendToArrayVariable","inputs":{"name":"approverslist","value":"@items('Apply_to_each_13')?['mail']"}},"Append_to_string_variable_4":{"runAfter":{"Set_variable_4":["Succeeded"]},"type":"AppendToStringVariable","inputs":{"name":"approversListtemp","value":"@concat(concat(variables('Approver parel temp'), ';'), variables('Approver parel temp1'))"}},"Set_variable_3":{"runAfter":{"Append_to_array_variable_4":["Succeeded"]},"type":"SetVariable","inputs":{"name":"Approver parel temp","value":"@items('Apply_to_each_13')?['mail']"}},"Set_variable_4":{"runAfter":{"Set_variable_3":["Succeeded"]},"type":"SetVariable","inputs":{"name":"Approver parel temp1","value":"@variables('approversListtemp')"}}},"runAfter":{"Parse_JSON_2":["Succeeded"]},"type":"Foreach"}},"runAfter":{"Parse_JSON":["Succeeded"]},"type":"Foreach"}},"runAfter":{},"type":"Foreach"}},"runAfter":{},"else":{"actions":{"Apply_to_each_2":{"foreach":"@split(variables('sharepoint group'), ';')","actions":{"Send_an_HTTP_request_to_SharePoint":{"runAfter":{},"metadata":{"flowSystemMetadata":{"swaggerOperationId":"HttpRequest"}},"type":"ApiConnection","inputs":{"host":{"connection":{"name":"@parameters('$connections')['shared_sharepointonline_1']['connectionId']"},"api":{"runtimeUrl":"https://europe-002.azure-apim.net/apim/sharepointonline"}},"method":"post","body":{"method":"GET","uri":"_api/web/sitegroups/getbyname('@{items('Apply_to_each_2')}')/users","headers":{"Accept":"application/json;odata=verbose"}},"path":"/datasets/@{encodeURIComponent(encodeURIComponent('https://ronvanderhamdevelopment.sharepoint.com/sites/TestMdsSite'))}/httprequest","authentication":"@parameters('$authentication')"}},"Apply_to_each_4":{"foreach":"@body('Send_an_HTTP_request_to_SharePoint')['d']['results']","actions":{"Condition_11":{"actions":{"Append_to_string_variable_2":{"runAfter":{},"type":"AppendToStringVariable","inputs":{"name":"approversListtemp","value":"@{items('Apply_to_each_4')?['Email']};"}},"Append_to_array_variable_2":{"runAfter":{"Append_to_string_variable_2":["Succeeded"]},"type":"AppendToArrayVariable","inputs":{"name":"approverslist","value":"@items('Apply_to_each_4')?['Email']"}}},"runAfter":{},"expression":{"and":[{"equals":["@items('Apply_to_each_4')?['principalType']",1]},{"not":{"equals":["@items('Apply_to_each_4')?['Email']",""]}}]},"type":"If"}},"runAfter":{"Send_an_HTTP_request_to_SharePoint":["Succeeded"]},"type":"Foreach"}},"runAfter":{},"type":"Foreach"}}},"expression":{"equals":["@variables('sharepoint group')",""]},"type":"If"}}},"expression":{"not":{"equals":["@variables('Assignee members')",""]}},"type":"If"}},"runAfter":{"Set_order_variable_":["Succeeded"]},"else":{"actions":{"Set_variable_48":{"runAfter":{},"type":"SetVariable","inputs":{"name":"approversListtemp","value":"@variables('Assignee members')"}},"Set_variable_49":{"runAfter":{"Set_variable_48":["Succeeded"]},"type":"SetVariable","inputs":{"name":"approverslist","value":"@split(variables('approversListtemp'), ';')"}}}},"expression":{"equals":["@variables('assign group')","@true"]},"type":"If"},"Condition_last_array_stage":{"actions":{"Set_variable":{"runAfter":{},"type":"SetVariable","inputs":{"name":"Stage","value":"@true"}}},"runAfter":{"Set_variable_47":["Succeeded"]},"expression":{"equals":["@variables('Array of stage')[variables('Stage Index no')]","@last(variables('Array of stage'))"]},"type":"If"},"Increment_variable":{"runAfter":{"Condition_last_array_stage":["Succeeded"]},"type":"IncrementVariable","inputs":{"name":"Stage Index no","value":1}},"Set_Assign_group_variable_for_stage_":{"runAfter":{},"type":"SetVariable","inputs":{"name":"assign group","value":"@variables('Array of stage')[variables('Stage Index no')]?['assign group']"}},"Set_Assignee_variable_separeated_by_;_not_to_mention_;_at_last_for_stage":{"runAfter":{"Set_Assign_group_variable_for_stage_":["Succeeded"]},"type":"SetVariable","inputs":{"name":"Assignee members","value":"@{variables('Array of stage')[variables('Stage Index no')]?['Assignee members']}"}},"Set_sharepoint_group_variable_if_applicable_for_stage":{"runAfter":{"Set_Assignee_variable_separeated_by_;_not_to_mention_;_at_last_for_stage":["Succeeded"]},"type":"SetVariable","inputs":{"name":"sharepoint group","value":"@{variables('Array of stage')[variables('Stage Index no')]?['sharepoint group']}"}},"Set_check_variable_for_stage":{"runAfter":{"Set_O365_mail_variable_":["Succeeded"]},"type":"SetVariable","inputs":{"name":"check","value":"@false"}},"Condition_stage_":{"actions":{"Create_an_approval_4":{"runAfter":{},"metadata":{"flowSystemMetadata":{"swaggerOperationId":"CreateAnApproval"}},"type":"ApiConnection","inputs":{"host":{"connection":{"name":"@parameters('$connections')['shared_approvals']['connectionId']"},"api":{"runtimeUrl":"https://europe-002.azure-apim.net/apim/approvals"}},"method":"post","body":{"responseOptions":["Approve","Reject"],"title":"Please approve: '@{body('Get_item')['Title']}'","assignedTo":"@variables('approversListtemp')","details":"The item '@{body('Get_item')['Title']}' is submitted for approval by @{body('Get_item')?['Author']?['DisplayName']} due by @{variables('Duedate')}.\n\nPlease review, and then approve or reject the request.","itemLink":"@body('Get_item')?['{Link}']","enableNotifications":true,"enableReassignment":true},"path":"/types/@{encodeURIComponent('CustomResponseAwaitAll')}","authentication":"@parameters('$authentication')"}},"Wait_for_an_approval_4":{"runAfter":{"Set_respond_to_approval_link_2":["Succeeded"]},"metadata":{"flowSystemMetadata":{"swaggerOperationId":"WaitForAnApproval"}},"type":"ApiConnectionWebhook","inputs":{"host":{"connection":{"name":"@parameters('$connections')['shared_approvals']['connectionId']"},"api":{"runtimeUrl":"https://europe-002.azure-apim.net/apim/approvals"}},"body":{"notificationUrl":"@{listCallbackUrl()}"},"path":"/approvals/@{encodeURIComponent(body('Create_an_approval_4')?['name'])}/subscriptions","authentication":"@parameters('$authentication')"}},"Set_respond_to_approval_link_2":{"runAfter":{"Condition_42":["Succeeded"]},"type":"SetVariable","inputs":{"name":"approvalRespondLink","value":"@body('Create_an_approval_4')?['respondLink']"}},"Condition_41":{"actions":{"Condition_44":{"actions":{"Set_variable_41":{"runAfter":{},"type":"SetVariable","inputs":{"name":"content app flag","value":"@true"}}},"runAfter":{},"expression":{"contains":["@body('Wait_for_an_approval_4')?['outcome']","Reject"]},"type":"If"}},"runAfter":{"Condition_12":["Succeeded"]},"expression":{"equals":["@variables('Enable content approval')","@true"]},"type":"If"},"set_ApprovalDone_to_true_2":{"runAfter":{"Condition_43":["Succeeded"]},"type":"SetVariable","inputs":{"name":"approvalDone","value":"@true"}},"Select_4":{"runAfter":{"set_ApprovalDone_to_true_2":["Succeeded"]},"type":"Select","inputs":{"from":"@body('Wait_for_an_approval_4')?['responses']","select":{"Approver":"@item()?['responder']?['displayName']","Comments":"@if(empty(item()?['comments']), 'No comments', item()['comments'])","Response":"@item()?['approverResponse']"}}},"Apply_to_each_12":{"foreach":"@body('Select_4')","actions":{"Append_to_array_variable_9":{"runAfter":{},"type":"AppendToArrayVariable","inputs":{"name":"Mail response","value":"@items('Apply_to_each_12')"}}},"runAfter":{"Select_4":["Succeeded"]},"type":"Foreach"},"Condition_42":{"actions":{"Apply_to_each_14":{"foreach":"@variables('approverslist')","actions":{"Create_item_4":{"runAfter":{},"metadata":{"flowSystemMetadata":{"swaggerOperationId":"PostItem"}},"type":"ApiConnection","inputs":{"host":{"connection":{"name":"@parameters('$connections')['shared_sharepointonline']['connectionId']"},"api":{"runtimeUrl":"https://europe-002.azure-apim.net/apim/sharepointonline"}},"method":"post","body":{"Title":"@body('Get_item')['Title']","ItemLink":"@body('Get_item')?['{Link}']","Approver":"@{items('Apply_to_each_14')}","RequestedBy":"@variables('Requestor')","DueDate":"@variables('Duedate')","Status":{"Value":"InProgress"},"ApprovalLink":"@body('Create_an_approval_4')?['respondLink']"},"path":"/datasets/@{encodeURIComponent(encodeURIComponent('https://ronvanderhamdevelopment.sharepoint.com/sites/TestGlobalMds'))}/tables/@{encodeURIComponent(encodeURIComponent('fd5ab1ca-9a45-4a93-b39f-0e6d53748165'))}/items","authentication":"@parameters('$authentication')"}},"Append_to_array_variable_10":{"runAfter":{"Create_item_4":["Succeeded"]},"type":"AppendToArrayVariable","inputs":{"name":"Task list Id","value":"@body('Create_item_4')?['ID']"}}},"runAfter":{},"type":"Foreach"}},"runAfter":{"Create_an_approval_4":["Succeeded"]},"expression":{"not":{"equals":["@variables('Duedate')","None"]}},"type":"If"},"Condition_43":{"actions":{"Apply_to_each_15":{"foreach":"@variables('approverslist')","actions":{"Compose_5":{"runAfter":{},"type":"Compose","inputs":"@variables('Task list Id')[variables('Index no')]"},"Update_item_5":{"runAfter":{"Compose_5":["Succeeded"]},"metadata":{"flowSystemMetadata":{"swaggerOperationId":"PatchItem"}},"type":"ApiConnection","inputs":{"host":{"connection":{"name":"@parameters('$connections')['shared_sharepointonline']['connectionId']"},"api":{"runtimeUrl":"https://europe-002.azure-apim.net/apim/sharepointonline"}},"method":"patch","body":{"Title":"@body('Get_item')['Title']","Status":{"Value":"Completed"}},"path":"/datasets/@{encodeURIComponent(encodeURIComponent('https://ronvanderhamdevelopment.sharepoint.com/sites/TestGlobalMds'))}/tables/@{encodeURIComponent(encodeURIComponent('fd5ab1ca-9a45-4a93-b39f-0e6d53748165'))}/items/@{encodeURIComponent(outputs('Compose_5'))}","authentication":"@parameters('$authentication')"}},"Increment_variable_4":{"runAfter":{"Update_item_5":["Succeeded"]},"type":"IncrementVariable","inputs":{"name":"Index no","value":1}}},"runAfter":{},"type":"Foreach"}},"runAfter":{"Wait_for_an_approval_4":["Succeeded"]},"expression":{"not":{"equals":["@variables('Duedate')","None"]}},"type":"If"},"Condition_12":{"actions":{"Condition_13":{"actions":{"Set_variable_12":{"runAfter":{},"type":"SetVariable","inputs":{"name":"Stage","value":"@true"}},"Set_variable_13":{"runAfter":{"Set_variable_12":["Succeeded"]},"type":"SetVariable","inputs":{"name":"outcome flag for End on first rrejection","value":"@true"}}},"runAfter":{},"expression":{"contains":["@body('Wait_for_an_approval_4')?['outcome']","Reject"]},"type":"If"}},"runAfter":{"Apply_to_each_12":["Succeeded"]},"expression":{"equals":["@variables('End of first rejection')","@true"]},"type":"If"}},"runAfter":{"Condition_assign_members_for_stage":["Succeeded"]},"else":{"actions":{"Create_HTML_table_3":{"runAfter":{"Do_until_3":["Succeeded"]},"type":"Table","inputs":{"from":"@variables('Mail response')","format":"HTML"}},"Compose_4":{"runAfter":{"Create_HTML_table_3":["Succeeded"]},"type":"Compose","inputs":"<style>\ntable {\n  width: 100%;\n  background-color: #FFFFFF;\n  border-collapse: collapse;\n  border-width: 2px;\n  border-color: #7EA8F8;\n  border-style: solid;\n  color: #000000;\n  text-align: left;\n}\n\ntable td, table th {\n  border-width: 2px;\n  border-color: #7EA8F8;\n  border-style: solid;\n  padding: 5px;\n}\n\ntable thead {\n  background-color: #DEDEDE;\n}\n</style>\n@{body('Create_HTML_table_3')}"},"Do_until_3":{"actions":{"Set_approval_done_variable":{"runAfter":{},"type":"SetVariable","inputs":{"name":"approvalDone","value":"@false"}},"Create_an_approval_2":{"runAfter":{"Set_approval_done_variable":["Succeeded"]},"metadata":{"flowSystemMetadata":{"swaggerOperationId":"CreateAnApproval"}},"type":"ApiConnection","inputs":{"host":{"connection":{"name":"@parameters('$connections')['shared_approvals']['connectionId']"},"api":{"runtimeUrl":"https://europe-002.azure-apim.net/apim/approvals"}},"method":"post","body":{"title":"Please approve: '@{body('Get_item')['Title']}'","assignedTo":"@{variables('approverslist')[variables('Array index no')]};","details":"The item '@{body('Get_item')['Title']}' is submitted for approval by @{body('Get_item')?['Author']?['DisplayName']} due by @{variables('Duedate')}.\n\nPlease review, and then approve or reject the request.","itemLink":"@body('Get_item')?['{Link}']","enableNotifications":true,"enableReassignment":true},"path":"/types/@{encodeURIComponent('Basic')}","authentication":"@parameters('$authentication')"}},"Set_variable_26":{"runAfter":{"Condition_30":["Succeeded"]},"type":"SetVariable","inputs":{"name":"approvalRespondLink","value":"@body('Create_an_approval_2')?['respondLink']"}},"Wait_for_an_approval_2":{"runAfter":{"Set_variable_26":["Succeeded"]},"metadata":{"flowSystemMetadata":{"swaggerOperationId":"WaitForAnApproval"}},"type":"ApiConnectionWebhook","inputs":{"host":{"connection":{"name":"@parameters('$connections')['shared_approvals']['connectionId']"},"api":{"runtimeUrl":"https://europe-002.azure-apim.net/apim/approvals"}},"body":{"notificationUrl":"@{listCallbackUrl()}"},"path":"/approvals/@{encodeURIComponent(body('Create_an_approval_2')?['name'])}/subscriptions","authentication":"@parameters('$authentication')"}},"Set_variable_27":{"runAfter":{"Condition_25":["Succeeded"]},"type":"SetVariable","inputs":{"name":"approvalDone","value":"@true"}},"Select_3":{"runAfter":{"Set_variable_27":["Succeeded"]},"type":"Select","inputs":{"from":"@body('Wait_for_an_approval_2')?['responses']","select":{"Approver":"@item()?['responder']?['displayName']","Comments":"@if(empty(item()?['comments']), 'No comments', item()['comments'])","Response":"@item()?['approverResponse']"}}},"Apply_to_each_11":{"foreach":"@body('Select_3')","actions":{"Append_to_array_variable_8":{"runAfter":{},"type":"AppendToArrayVariable","inputs":{"name":"Mail response","value":"@item()"}}},"runAfter":{"Select_3":["Succeeded"]},"type":"Foreach"},"Condition_19":{"actions":{"Condition_34":{"actions":{"Day_condition_3":{"actions":{"Set_variable_28":{"runAfter":{},"type":"SetVariable","inputs":{"name":"Duedate","value":"@{addDays(utcNow(), variables('Duration per task'), 'yyyy-MM-dd')}"}}},"runAfter":{},"else":{"actions":{"Set_variable_29":{"runAfter":{},"type":"SetVariable","inputs":{"name":"Duedate","value":"@variables('tempdue')"}}}},"expression":{"less":["@addDays(utcNow(), variables('Duration per task'), 'yyyy-MM-dd')","@variables('tempdue')"]},"type":"If"}},"runAfter":{},"expression":{"not":{"equals":["@variables('Duration per task')",0]}},"type":"If"}},"runAfter":{"Apply_to_each_11":["Succeeded"]},"else":{"actions":{"Condition_35":{"actions":{"Set_variable_35":{"runAfter":{},"type":"SetVariable","inputs":{"name":"Duedate","value":"@{addDays(utcNow(), variables('Duration per task'), 'yyyy-MM-dd')}"}}},"runAfter":{},"else":{"actions":{"Set_variable_36":{"runAfter":{},"type":"SetVariable","inputs":{"name":"Duedate","value":"None"}}}},"expression":{"not":{"equals":["@variables('Duration per task')",0]}},"type":"If"}}},"expression":{"not":{"equals":["@variables('tempdue')",""]}},"type":"If"},"Condition_20":{"actions":{"Set_variable_37":{"runAfter":{},"type":"SetVariable","inputs":{"name":"check","value":"@true"}}},"runAfter":{"Increment_variable_3":["Succeeded"]},"expression":{"equals":["@length(variables('approverslist'))","@variables('Array index no')"]},"type":"If"},"Condition_25":{"actions":{"Condition_36":{"actions":{"Set_variable_38":{"runAfter":{},"type":"SetVariable","inputs":{"name":"check","value":"@true"}},"Set_variable_39":{"runAfter":{"Set_variable_38":["Succeeded"]},"type":"SetVariable","inputs":{"name":"outcome flag for End on first rrejection","value":"@true"}}},"runAfter":{},"expression":{"equals":["@body('Wait_for_an_approval_2')?['outcome']","Reject"]},"type":"If"}},"runAfter":{"Condition_33":["Succeeded"]},"expression":{"equals":["@variables('End of first rejection')","@true"]},"type":"If"},"Condition_26":{"actions":{"Condition_37":{"actions":{"Set_variable_40":{"runAfter":{},"type":"SetVariable","inputs":{"name":"content app flag","value":"@true"}}},"runAfter":{},"expression":{"equals":["@body('Wait_for_an_approval_2')?['outcome']","Reject"]},"type":"If"}},"runAfter":{"Condition_20":["Succeeded"]},"expression":{"equals":["@variables('Enable content approval')","@true"]},"type":"If"},"Condition_30":{"actions":{"Create_item_2":{"runAfter":{},"metadata":{"flowSystemMetadata":{"swaggerOperationId":"PostItem"}},"type":"ApiConnection","inputs":{"host":{"connection":{"name":"@parameters('$connections')['shared_sharepointonline']['connectionId']"},"api":{"runtimeUrl":"https://europe-002.azure-apim.net/apim/sharepointonline"}},"method":"post","body":{"Title":"@body('Get_item')['Title']","ItemLink":"@body('Get_item')?['{Link}']","Approver":"@{variables('approverslist')[variables('Array index no')]}","RequestedBy":"@variables('Requestor')","DueDate":"@variables('Duedate')","Status":{"Value":"InProgress"},"ApprovalLink":"@body('Create_an_approval_2')?['respondLink']"},"path":"/datasets/@{encodeURIComponent(encodeURIComponent('https://ronvanderhamdevelopment.sharepoint.com/sites/TestGlobalMds'))}/tables/@{encodeURIComponent(encodeURIComponent('fd5ab1ca-9a45-4a93-b39f-0e6d53748165'))}/items","authentication":"@parameters('$authentication')"}}},"runAfter":{"Create_an_approval_2":["Succeeded"]},"expression":{"not":{"equals":["@variables('Duedate')","None"]}},"type":"If"},"Condition_33":{"actions":{"Update_item_3":{"runAfter":{},"metadata":{"flowSystemMetadata":{"swaggerOperationId":"PatchItem"}},"type":"ApiConnection","inputs":{"host":{"connection":{"name":"@parameters('$connections')['shared_sharepointonline']['connectionId']"},"api":{"runtimeUrl":"https://europe-002.azure-apim.net/apim/sharepointonline"}},"method":"patch","body":{"Title":"@body('Get_item')['Title']","Status":{"Value":"Completed"}},"path":"/datasets/@{encodeURIComponent(encodeURIComponent('https://ronvanderhamdevelopment.sharepoint.com/sites/TestGlobalMds'))}/tables/@{encodeURIComponent(encodeURIComponent('fd5ab1ca-9a45-4a93-b39f-0e6d53748165'))}/items/@{encodeURIComponent(body('Create_item_2')?['ID'])}","authentication":"@parameters('$authentication')"}}},"runAfter":{"Wait_for_an_approval_2":["Succeeded"]},"expression":{"not":{"equals":["@variables('Duedate')","None"]}},"type":"If"},"Increment_variable_3":{"runAfter":{"Condition_19":["Succeeded"]},"type":"IncrementVariable","inputs":{"name":"Array index no","value":1}}},"runAfter":{},"expression":"@equals(variables('check'), true)","limit":{"count":60,"timeout":"PT720H"},"type":"Until"},"Condition":{"actions":{"Condition_38":{"actions":{"Send_an_email_(V2)":{"runAfter":{},"metadata":{"flowSystemMetadata":{"swaggerOperationId":"SendEmailV2"}},"type":"ApiConnection","inputs":{"host":{"connection":{"name":"@parameters('$connections')['shared_office365']['connectionId']"},"api":{"runtimeUrl":"https://europe-002.azure-apim.net/apim/office365"}},"method":"post","body":{"To":"@variables('Requestor')","Subject":"Approval First on Rejection","Body":"<p>Your request for '@{body('Get_item')['Title']}' has been completed.<br>\n<br>\nApproval details below:<br>\n<br>\n@{outputs('Compose_4')}</p>","Cc":"@variables('cc')"},"path":"/v2/Mail","authentication":"@parameters('$authentication')"}}},"runAfter":{},"else":{"actions":{"Send_an_email_(V2)_3":{"runAfter":{},"metadata":{"flowSystemMetadata":{"swaggerOperationId":"SendEmailV2"}},"type":"ApiConnection","inputs":{"host":{"connection":{"name":"@parameters('$connections')['shared_office365']['connectionId']"},"api":{"runtimeUrl":"https://europe-002.azure-apim.net/apim/office365"}},"method":"post","body":{"To":"@variables('Requestor')","Subject":"Approval First on Rejection","Body":"<p>Your request for '@{body('Get_item')['Title']}' has been completed.<br>\n<br>\nApproval details below:<br>\n<br>\n@{outputs('Compose_4')}</p>"},"path":"/v2/Mail","authentication":"@parameters('$authentication')"}}}},"expression":{"not":{"equals":["@variables('cc')",""]}},"type":"If"},"Set_stage_to_true_variable":{"runAfter":{"Condition_38":["Succeeded"]},"type":"SetVariable","inputs":{"name":"Stage","value":"@true"}}},"runAfter":{"Compose_4":["Succeeded"]},"expression":{"and":[{"equals":["@variables('End of first rejection')","@true"]},{"equals":["@variables('outcome flag for End on first rrejection')","@true"]}]},"type":"If"}}},"expression":{"equals":["@variables('order')","All at once (Parellel)"]},"type":"If"},"Set_order_variable_":{"runAfter":{"Set_check_variable_for_stage":["Succeeded"]},"type":"SetVariable","inputs":{"name":"order","value":"@{variables('Array of stage')[variables('Stage Index no')]?['order']}"}},"Set_O365_mail_variable_":{"runAfter":{"Set_sharepoint_group_variable_if_applicable_for_stage":["Succeeded"]},"type":"SetVariable","inputs":{"name":"O365 group mail","value":"@variables('Array of stage')[variables('Stage Index no')]?['O365 mail']"}}},"runAfter":{"Condition_send_mail_2":["Succeeded"]},"expression":"@equals(variables('Stage'), true)","limit":{"count":60,"timeout":"PT720H"},"type":"Until"},"Initialize_index_no_for_stage_variable_":{"runAfter":{"Initialize_Stage_check_variable_":["Succeeded"]},"type":"InitializeVariable","inputs":{"variables":[{"name":"Stage Index no","type":"integer","value":0}]}},"Initialize_Requestor":{"runAfter":{"Get_item":["Succeeded"]},"type":"InitializeVariable","inputs":{"variables":[{"name":"Requestor","type":"string","value":"@body('Get_item')?['Author']?['Email']"}]}},"Condition_send_mail_2":{"actions":{"Send_an_email_(V2)_4":{"runAfter":{},"metadata":{"flowSystemMetadata":{"swaggerOperationId":"SendEmailV2"}},"type":"ApiConnection","inputs":{"host":{"connection":{"name":"@parameters('$connections')['shared_office365']['connectionId']"},"api":{"runtimeUrl":"https://europe-002.azure-apim.net/apim/office365"}},"method":"post","body":{"To":"@variables('Requestor')","Subject":"Approval Started","Body":"<p>Your request for '@{body('Get_item')['Title']}' has been Started.<br>\n<br>\nItem Link : <a href=\"@{body('Get_item')?['{Link}']}\">here</a><br>\n</p>","Cc":"@variables('cc')"},"path":"/v2/Mail","authentication":"@parameters('$authentication')"}}},"runAfter":{"Condition_2":["Succeeded"]},"else":{"actions":{"Send_an_email_(V2)_2":{"runAfter":{},"metadata":{"flowSystemMetadata":{"swaggerOperationId":"SendEmailV2"}},"type":"ApiConnection","inputs":{"host":{"connection":{"name":"@parameters('$connections')['shared_office365']['connectionId']"},"api":{"runtimeUrl":"https://europe-002.azure-apim.net/apim/office365"}},"method":"post","body":{"To":"@variables('Requestor')","Subject":"Approval Started","Body":"<p>Your request for '@{body('Get_item')['Title']}' has been Started.<br>\n<br>\nItem Link : <a href=\"@{body('Get_item')?['{Link}']}\">here</a><br>\n</p>"},"path":"/v2/Mail","authentication":"@parameters('$authentication')"}}}},"expression":{"not":{"equals":["@variables('cc')",""]}},"type":"If"},"Initialize_office_365_group_variable_if_applicable":{"runAfter":{"Initialize_sharepoint_group_variable_if_applicable":["Succeeded"]},"type":"InitializeVariable","inputs":{"variables":[{"name":"O365 group mail","type":"string"}]}},"Initialize_cc_Json_variable_":{"runAfter":{"Initialize_Array_of_stage_values_variable_":["Succeeded"]},"type":"InitializeVariable","inputs":{"variables":[{"name":"cc json","type":"object","value":{"cc available":"@true","assign group":"@false","cc user":"butters@ronvanderhamdevelopment.onmicrosoft.com;stan@ronvanderhamdevelopment.onmicrosoft.com","sharepoint group":"","O365 group":""}}]}},"Condition_cc":{"actions":{"Condition_Cc_members_group":{"actions":{"Condition_14":{"actions":{"Set_variable_16":{"runAfter":{},"type":"SetVariable","inputs":{"name":"cc","value":"@{variables('cc json')?['cc user']};"}},"Condition_15":{"actions":{"Apply_to_each_18":{"foreach":"@split(variables('cc json')?['O365 group'], ';')","actions":{"getgroupDetails_3":{"runAfter":{},"metadata":{"flowSystemMetadata":{"swaggerOperationId":"getgroupDetails"}},"type":"ApiConnection","inputs":{"host":{"connection":{"name":"@parameters('$connections')['shared_testgroupmember-5f94d32d166053e5df-5f77ca1c62a90586bd']['connectionId']"},"api":{"runtimeUrl":"https://europe-002.azure-apim.net/apim/testgroupmember-5f94d32d166053e5df-5f77ca1c62a90586bd"}},"method":"get","path":"/v1.0/groups","queries":{"$filter":"mail eq '@{items('Apply_to_each_18')}'"},"authentication":"@parameters('$authentication')"}},"Parse_JSON_5":{"runAfter":{"getgroupDetails_3":["Succeeded"]},"type":"ParseJson","inputs":{"content":"@body('getgroupDetails_3')","schema":{"type":"object","properties":{"@@odata.context":{"type":"string"},"value":{"type":"array","items":{"type":"object","properties":{"id":{"type":"string"},"displayName":{"type":"string"},"mail":{"type":"string"}},"required":["id","displayName","mail"]}}}}}},"Apply_to_each_19":{"foreach":"@body('Parse_JSON_5')?['value']","actions":{"getgroupmembers_3":{"runAfter":{},"metadata":{"flowSystemMetadata":{"swaggerOperationId":"getgroupmembers"}},"type":"ApiConnection","inputs":{"host":{"connection":{"name":"@parameters('$connections')['shared_testgroupmember-5f94d32d166053e5df-5f77ca1c62a90586bd']['connectionId']"},"api":{"runtimeUrl":"https://europe-002.azure-apim.net/apim/testgroupmember-5f94d32d166053e5df-5f77ca1c62a90586bd"}},"method":"get","path":"/v1.0/groups/@{encodeURIComponent(items('Apply_to_each_19')?['id'])}/members","authentication":"@parameters('$authentication')"}},"Parse_JSON_6":{"runAfter":{"getgroupmembers_3":["Succeeded"]},"type":"ParseJson","inputs":{"content":"@body('getgroupmembers_3')","schema":{"type":"object","properties":{"@@odata.context":{"type":"string"},"value":{"type":"array","items":{"type":"object","properties":{"@@odata.type":{"type":"string"},"id":{"type":"string"},"displayName":{"type":"string"},"mail":{"type":"string"}},"required":["@@odata.type","id","displayName","mail"]}}}}}},"Apply_to_each_20":{"foreach":"@body('Parse_JSON_6')?['value']","actions":{"Append_to_string_variable_6":{"runAfter":{},"type":"AppendToStringVariable","inputs":{"name":"cc","value":"@{items('Apply_to_each_20')?['mail']};"}}},"runAfter":{"Parse_JSON_6":["Succeeded"]},"type":"Foreach"}},"runAfter":{"Parse_JSON_5":["Succeeded"]},"type":"Foreach"}},"runAfter":{},"type":"Foreach"}},"runAfter":{"Set_variable_16":["Succeeded"]},"else":{"actions":{"Apply_to_each_16":{"foreach":"@split(variables('cc json')?['sharepoint group'], ';')","actions":{"Send_an_HTTP_request_to_SharePoint_3":{"runAfter":{},"metadata":{"flowSystemMetadata":{"swaggerOperationId":"HttpRequest"}},"type":"ApiConnection","inputs":{"host":{"connection":{"name":"@parameters('$connections')['shared_sharepointonline_1']['connectionId']"},"api":{"runtimeUrl":"https://europe-002.azure-apim.net/apim/sharepointonline"}},"method":"post","body":{"method":"GET","uri":"_api/web/sitegroups/getbyname('@{items('Apply_to_each_16')}')/users","headers":{"Accept":"application/json;odata=verbose"}},"path":"/datasets/@{encodeURIComponent(encodeURIComponent('https://ronvanderhamdevelopment.sharepoint.com/sites/TestMdsSite'))}/httprequest","authentication":"@parameters('$authentication')"}},"Apply_to_each_17":{"foreach":"@body('Send_an_HTTP_request_to_SharePoint_3')['d']['results']","actions":{"Condition_16":{"actions":{"Append_to_string_variable_5":{"runAfter":{},"type":"AppendToStringVariable","inputs":{"name":"cc","value":"@{items('Apply_to_each_17')?['Email']};"}}},"runAfter":{},"expression":{"and":[{"equals":["@items('Apply_to_each_17')?['principalType']",1]},{"not":{"equals":["@items('Apply_to_each_17')?['Email']",""]}}]},"type":"If"}},"runAfter":{"Send_an_HTTP_request_to_SharePoint_3":["Succeeded"]},"type":"Foreach"}},"runAfter":{},"type":"Foreach"}}},"expression":{"equals":["@variables('cc json')?['sharepoint group']",""]},"type":"If"}},"runAfter":{},"else":{"actions":{"Condition_17":{"actions":{"Apply_to_each_21":{"foreach":"@split(variables('cc json')?['O365 group'], ';')","actions":{"getgroupDetails_4":{"runAfter":{},"metadata":{"flowSystemMetadata":{"swaggerOperationId":"getgroupDetails"}},"type":"ApiConnection","inputs":{"host":{"connection":{"name":"@parameters('$connections')['shared_testgroupmember-5f94d32d166053e5df-5f77ca1c62a90586bd']['connectionId']"},"api":{"runtimeUrl":"https://europe-002.azure-apim.net/apim/testgroupmember-5f94d32d166053e5df-5f77ca1c62a90586bd"}},"method":"get","path":"/v1.0/groups","queries":{"$filter":"mail eq '@{items('Apply_to_each_21')}'"},"authentication":"@parameters('$authentication')"}},"Parse_JSON_7":{"runAfter":{"getgroupDetails_4":["Succeeded"]},"type":"ParseJson","inputs":{"content":"@body('getgroupDetails_4')","schema":{"type":"object","properties":{"@@odata.context":{"type":"string"},"value":{"type":"array","items":{"type":"object","properties":{"id":{"type":"string"},"displayName":{"type":"string"},"mail":{"type":"string"}},"required":["id","displayName","mail"]}}}}}},"Apply_to_each_22":{"foreach":"@body('Parse_JSON_7')?['value']","actions":{"getgroupmembers_4":{"runAfter":{},"metadata":{"flowSystemMetadata":{"swaggerOperationId":"getgroupmembers"}},"type":"ApiConnection","inputs":{"host":{"connection":{"name":"@parameters('$connections')['shared_testgroupmember-5f94d32d166053e5df-5f77ca1c62a90586bd']['connectionId']"},"api":{"runtimeUrl":"https://europe-002.azure-apim.net/apim/testgroupmember-5f94d32d166053e5df-5f77ca1c62a90586bd"}},"method":"get","path":"/v1.0/groups/@{encodeURIComponent(items('Apply_to_each_22')?['id'])}/members","authentication":"@parameters('$authentication')"}},"Parse_JSON_8":{"runAfter":{"getgroupmembers_4":["Succeeded"]},"type":"ParseJson","inputs":{"content":"@body('getgroupmembers_4')","schema":{"type":"object","properties":{"@@odata.context":{"type":"string"},"value":{"type":"array","items":{"type":"object","properties":{"@@odata.type":{"type":"string"},"id":{"type":"string"},"displayName":{"type":"string"},"mail":{"type":"string"}},"required":["@@odata.type","id","displayName","mail"]}}}}}},"Apply_to_each_23":{"foreach":"@body('Parse_JSON_8')?['value']","actions":{"Append_to_string_variable_7":{"runAfter":{},"type":"AppendToStringVariable","inputs":{"name":"cc","value":"@{items('Apply_to_each_23')?['mail']};"}}},"runAfter":{"Parse_JSON_8":["Succeeded"]},"type":"Foreach"}},"runAfter":{"Parse_JSON_7":["Succeeded"]},"type":"Foreach"}},"runAfter":{},"type":"Foreach"}},"runAfter":{},"else":{"actions":{"Apply_to_each_24":{"foreach":"@split(variables('cc json')?['sharepoint group'], ';')","actions":{"Send_an_HTTP_request_to_SharePoint_4":{"runAfter":{},"metadata":{"flowSystemMetadata":{"swaggerOperationId":"HttpRequest"}},"type":"ApiConnection","inputs":{"host":{"connection":{"name":"@parameters('$connections')['shared_sharepointonline_1']['connectionId']"},"api":{"runtimeUrl":"https://europe-002.azure-apim.net/apim/sharepointonline"}},"method":"post","body":{"method":"GET","uri":"_api/web/sitegroups/getbyname('@{items('Apply_to_each_24')}')/users","headers":{"Accept":"application/json;odata=verbose"}},"path":"/datasets/@{encodeURIComponent(encodeURIComponent('https://ronvanderhamdevelopment.sharepoint.com/sites/TestMdsSite'))}/httprequest","authentication":"@parameters('$authentication')"}},"Apply_to_each_25":{"foreach":"@body('Send_an_HTTP_request_to_SharePoint_4')['d']['results']","actions":{"Condition_18":{"actions":{"Append_to_string_variable_8":{"runAfter":{},"type":"AppendToStringVariable","inputs":{"name":"cc","value":"@{items('Apply_to_each_25')?['Email']};"}}},"runAfter":{},"expression":{"and":[{"equals":["@items('Apply_to_each_25')?['principalType']",1]},{"not":{"equals":["@items('Apply_to_each_25')?['Email']",""]}}]},"type":"If"}},"runAfter":{"Send_an_HTTP_request_to_SharePoint_4":["Succeeded"]},"type":"Foreach"}},"runAfter":{},"type":"Foreach"}}},"expression":{"equals":["@variables('cc json')?['sharepoint group']",""]},"type":"If"}}},"expression":{"not":{"equals":["@variables('cc json')?['cc user']",""]}},"type":"If"}},"runAfter":{},"else":{"actions":{"Set_variable_14":{"runAfter":{},"type":"SetVariable","inputs":{"name":"cc","value":"@{variables('cc json')?['cc user']}"}}}},"expression":{"equals":["@variables('cc json')?['assign group']","@true"]},"type":"If"}},"runAfter":{"Initialize_cc_Json_variable_":["Succeeded"]},"expression":{"equals":["@variables('cc json')?['cc available']","@true"]},"type":"If"},"Get_item":{"runAfter":{"Apply_to_each_3":["Succeeded"]},"metadata":{"flowSystemMetadata":{"swaggerOperationId":"GetItem"}},"type":"ApiConnection","inputs":{"host":{"connection":{"name":"@parameters('$connections')['shared_sharepointonline']['connectionId']"},"api":{"runtimeUrl":"https://europe-002.azure-apim.net/apim/sharepointonline"}},"method":"get","path":"/datasets/@{encodeURIComponent(encodeURIComponent('https://ronvanderhamdevelopment.sharepoint.com/sites/TestMdsSite'))}/tables/@{encodeURIComponent(encodeURIComponent('dcdf2b12-9933-4884-a989-5f49d6a56f94'))}/items/@{encodeURIComponent(variables('item id'))}","authentication":"@parameters('$authentication')"}}},"description":"Request approval (first to respond) for a selected item in a SharePoint list, along with approval reminder options."},"connectionReferences":{"shared_sharepointonline":{"connectionName":"07d288303cee4e01a7c71fc5c78b6d27","source":"Embedded","id":"/providers/Microsoft.PowerApps/apis/shared_sharepointonline","tier":"NotSpecified"},"shared_office365":{"connectionName":"shared-office365-1291e008-6065-4415-b008-7225-cf47f4d8","source":"Embedded","id":"/providers/Microsoft.PowerApps/apis/shared_office365","tier":"NotSpecified"},"shared_sharepointonline_1":{"connectionName":"152e4079f7864a4fba3e14407c73fed1","source":"Embedded","id":"/providers/Microsoft.PowerApps/apis/shared_sharepointonline","tier":"NotSpecified"},"shared_testgroupmember-5f94d32d166053e5df-5f77ca1c62a90586bd":{"connectionName":"59819199-6dd8-448e-a77e-3f44-7b219e77","source":"Embedded","id":"/providers/Microsoft.PowerApps/apis/shared_testgroupmember-5f94d32d166053e5df-5f77ca1c62a90586bd","tier":"NotSpecified"},"shared_approvals":{"connectionName":"shared-approvals-612f7c58-6327-4e75-96d3-7be6-bb71214e","source":"Embedded","id":"/providers/Microsoft.PowerApps/apis/shared_approvals","tier":"NotSpecified"}},"flowFailureAlertSubscribed":false}}