{"name":"999228fe-638e-4769-ba3d-29923e0f459b","id":"/providers/Microsoft.Flow/flows/999228fe-638e-4769-ba3d-29923e0f459b","type":"Microsoft.Flow/flows","properties":{"apiId":"/providers/Microsoft.PowerApps/apis/shared_logicflows","displayName":"ApprovalFlow","definition":{"metadata":{"workflowEntityId":null,"processAdvisorMetadata":null,"flowclientsuspensionreason":"None","flowclientsuspensiontime":null,"creator":{"id":"a572f24c-7b8d-49dd-9f0d-33618642f786","type":"User","tenantId":"db1e96a8-a3da-442a-930b-235cac24cd5c"},"provisioningMethod":"FromDefinition","failureAlertSubscription":true,"clientLastModifiedTime":"2021-05-10T11:38:41.7792224Z"},"$schema":"https://schema.management.azure.com/providers/Microsoft.Logic/schemas/2016-06-01/workflowdefinition.json#","contentVersion":"1.0.0.0","parameters":{"$connections":{"defaultValue":{},"type":"Object"},"$authentication":{"defaultValue":{},"type":"SecureObject"}},"triggers":{"manual":{"type":"Request","kind":"PowerApp","inputs":{"schema":{"type":"object","properties":{"Initializevariable-varComments_Value":{"type":"string","description":"Enter initial value","x-ms-powerflows-param-ispartial":false},"Initializevariable-varLevel0_Value":{"type":"string","description":"Enter initial value","x-ms-powerflows-param-ispartial":false},"Initializevariable-varLevel1_Value":{"type":"string","description":"Enter initial value","x-ms-powerflows-param-ispartial":false},"Initializevariable-varLevel2_Value":{"type":"string","description":"Enter initial value","x-ms-powerflows-param-ispartial":false},"Initializevariable-varLevel3_Value":{"type":"string","description":"Enter initial value","x-ms-powerflows-param-ispartial":false},"Initializevariable-varLevel4_Value":{"type":"string","description":"Enter initial value","x-ms-powerflows-param-ispartial":false},"Initializevariable-varDocID_Value":{"type":"integer","description":"Enter initial value","x-ms-powerflows-param-ispartial":false}},"required":["Initializevariable-varComments_Value","Initializevariable-varLevel0_Value","Initializevariable-varLevel1_Value","Initializevariable-varLevel2_Value","Initializevariable-varLevel3_Value","Initializevariable-varLevel4_Value","Initializevariable-varDocID_Value"]}}}},"actions":{"Start_and_wait_for_an_approval-L0":{"runAfter":{"Initialize_variable_-varEmailTemplate":["Succeeded"]},"type":"OpenApiConnectionWebhook","inputs":{"host":{"apiId":"/providers/Microsoft.PowerApps/apis/shared_approvals","connectionName":"shared_approvals","operationId":"StartAndWaitForAnApproval"},"parameters":{"approvalType":"Basic","WebhookApprovalCreationInput/title":"@{outputs('Get_file_properties')?['body/{FilenameWithExtension}']} is waiting for your approval -L0","WebhookApprovalCreationInput/assignedTo":"@{variables('varLevel0')};","WebhookApprovalCreationInput/details":"Status: Pending\nConsolidated Comments: @{variables('varComments')}\\\nDue Date: @{formatDateTime(addDays(utcNow(),2),'dd/MM/yyyy')}\\\nRequestor : @{variables('varSubmitter')}\\\n\nKindly click here to reassign \n [Reassign](https://emea.flow.microsoft.com/manage/environments/fa2cf79a-453a-4cca-a659-eacf43823408/approvals/received)","WebhookApprovalCreationInput/itemLink":"@variables('varDocURL')","WebhookApprovalCreationInput/itemLinkDescription":"Click here to view the document","WebhookApprovalCreationInput/requestor":"@{variables('varSubmitter')};","WebhookApprovalCreationInput/enableNotifications":true,"WebhookApprovalCreationInput/enableReassignment":true},"authentication":{"value":"@json(decodeBase64(triggerOutputs().headers['X-MS-APIM-Tokens']))['$ConnectionKey']","type":"Raw"}}},"Initialize_variable_-varLevel0":{"runAfter":{"Initialize_variable-varComments":["Succeeded"]},"type":"InitializeVariable","inputs":{"variables":[{"name":"varLevel0","type":"string","value":"@{triggerBody()['Initializevariable-varLevel0_Value']}"}]}},"Initialize_variable_-varLevel1":{"runAfter":{"Initialize_variable_-varLevel0":["Succeeded"]},"type":"InitializeVariable","inputs":{"variables":[{"name":"varLevel1","type":"string","value":"@{triggerBody()['Initializevariable-varLevel1_Value']}"}]}},"Initialize_variable_-varLevel2":{"runAfter":{"Initialize_variable_-varLevel1":["Succeeded"]},"type":"InitializeVariable","inputs":{"variables":[{"name":"varLevel2","type":"string","value":"@{triggerBody()['Initializevariable-varLevel2_Value']}"}]}},"Initialize_variable_-varLevel3":{"runAfter":{"Initialize_variable_-varLevel2":["Succeeded"]},"type":"InitializeVariable","inputs":{"variables":[{"name":"varLevel3","type":"string","value":"@{triggerBody()['Initializevariable-varLevel3_Value']}"}]}},"Initialize_variable_-varLevel4":{"runAfter":{"Initialize_variable_-varLevel3":["Succeeded"]},"type":"InitializeVariable","inputs":{"variables":[{"name":"varLevel4","type":"string","value":"@{triggerBody()['Initializevariable-varLevel4_Value']}"}]}},"Condition_to_check_L0_Response":{"actions":{"Condition_to_check_-_L1_Response":{"actions":{"Condition_to_send_Email_to_Doc_Creator_2":{"actions":{"Send_an_email_(V2)_-_Level_1_Approved_2":{"runAfter":{"Set_variable_5":["Succeeded"]},"type":"OpenApiConnection","inputs":{"host":{"apiId":"/providers/Microsoft.PowerApps/apis/shared_office365","connectionName":"shared_office365_1","operationId":"SendEmailV2"},"parameters":{"emailMessage/To":"@variables('varSubmitter')","emailMessage/Subject":"@{variables('varDocName')} - Approved (Level 1 Approver)","emailMessage/Body":"<p>@{variables('varEmailTemplate')}</p>"},"authentication":{"value":"@json(decodeBase64(triggerOutputs().headers['X-MS-APIM-Tokens']))['$ConnectionKey']","type":"Raw"}}},"Set_variable_5":{"runAfter":{},"type":"SetVariable","inputs":{"name":"varEmailTemplate","value":"<p>Hi @{variables('varSubmitter')},<br>\n<br>\n The <a href=\"@{variables('varDocURL')}\">@{variables('varDocName')}</a> has been Approved by @{variables('varLevel1')}\n<br>\nRegards,<br>\nShell.</p>"}}},"runAfter":{},"expression":{"not":{"equals":["@variables('varLevel1')","null"]}},"type":"If"},"Start_and_wait_for_an_approval-L2":{"runAfter":{"Condition_to_send_Email_to_Doc_Creator_2":["Succeeded"]},"type":"OpenApiConnectionWebhook","inputs":{"host":{"apiId":"/providers/Microsoft.PowerApps/apis/shared_approvals","connectionName":"shared_approvals","operationId":"StartAndWaitForAnApproval"},"parameters":{"approvalType":"Basic","WebhookApprovalCreationInput/title":"@{outputs('Get_file_properties')?['body/{FilenameWithExtension}']} is waiting for your approval - L2","WebhookApprovalCreationInput/assignedTo":"@{variables('varLevel2')};","WebhookApprovalCreationInput/details":"Status: Pending\nConsolidated Comments: @{variables('varComments')}\\\nDue Date: @{formatDateTime(addDays(utcNow(),2),'dd/MM/yyyy')}\\\nRequestor : @{variables('varSubmitter')}\\\n\nKindly click here to reassign \n [Reassign](https://emea.flow.microsoft.com/manage/environments/fa2cf79a-453a-4cca-a659-eacf43823408/approvals/received)","WebhookApprovalCreationInput/itemLink":"@variables('varDocURL')","WebhookApprovalCreationInput/itemLinkDescription":"Click Here to view the document","WebhookApprovalCreationInput/requestor":"@{variables('varSubmitter')};","WebhookApprovalCreationInput/enableNotifications":true,"WebhookApprovalCreationInput/enableReassignment":true},"authentication":{"value":"@json(decodeBase64(triggerOutputs().headers['X-MS-APIM-Tokens']))['$ConnectionKey']","type":"Raw"}}},"Condition_-_L2":{"actions":{"Condition_4":{"actions":{"Condition_5":{"actions":{"Set_content_approval_status_7":{"runAfter":{"Send_an_email_(V2)_5":["Succeeded"]},"type":"OpenApiConnection","inputs":{"host":{"apiId":"/providers/Microsoft.PowerApps/apis/shared_sharepointonline","connectionName":"shared_sharepointonline_1","operationId":"SetApprovalStatus"},"parameters":{"dataset":"https://eu001-sp.shell.com/sites/AAFAA2124/PowerAutomate","table":"bd4ef0ad-d6eb-48c8-8c42-0aa8e0c0ac4d","id":"@variables('varDocID')","approvalAction":"Approve","comments":"","entityTag":"@variables('varEtag')"},"authentication":{"value":"@json(decodeBase64(triggerOutputs().headers['X-MS-APIM-Tokens']))['$ConnectionKey']","type":"Raw"}}},"Set_variable_10":{"runAfter":{},"type":"SetVariable","inputs":{"name":"varEmailTemplate","value":"<p>Hi @{variables('varSubmitter')},<br>\n<br>\n The <a href=\"@{variables('varDocURL')}\">@{variables('varDocName')}</a> has been Approved by @{variables('varLevel4')}\n<br>\nRegards,<br>\nShell.</p>"}},"Send_an_email_(V2)_5":{"runAfter":{"Set_variable_10":["Succeeded"]},"type":"OpenApiConnection","inputs":{"host":{"apiId":"/providers/Microsoft.PowerApps/apis/shared_office365","connectionName":"shared_office365","operationId":"SendEmailV2"},"parameters":{"emailMessage/To":"@variables('varSubmitter')","emailMessage/Subject":"@{variables('varDocName')} - Approved (Level 4 Approver)","emailMessage/Body":"<p>@{variables('varEmailTemplate')}</p>"},"authentication":{"value":"@json(decodeBase64(triggerOutputs().headers['X-MS-APIM-Tokens']))['$ConnectionKey']","type":"Raw"}}}},"runAfter":{"Start_and_wait_for_an_approval-L4":["Succeeded"]},"else":{"actions":{"Set_content_approval_status_6":{"runAfter":{"Send_an_email_(V2)_6":["Succeeded"]},"type":"OpenApiConnection","inputs":{"host":{"apiId":"/providers/Microsoft.PowerApps/apis/shared_sharepointonline","connectionName":"shared_sharepointonline_1","operationId":"SetApprovalStatus"},"parameters":{"dataset":"https://eu001-sp.shell.com/sites/AAFAA2124/PowerAutomate","table":"bd4ef0ad-d6eb-48c8-8c42-0aa8e0c0ac4d","id":"@variables('varDocID')","approvalAction":"Reject","comments":"","entityTag":"@variables('varEtag')"},"authentication":{"value":"@json(decodeBase64(triggerOutputs().headers['X-MS-APIM-Tokens']))['$ConnectionKey']","type":"Raw"}}},"Set_variable_11":{"runAfter":{},"type":"SetVariable","inputs":{"name":"varEmailTemplate","value":"<p>Hi @{variables('varSubmitter')},<br>\n<br>\n The <a href=\"@{variables('varDocURL')}\">@{variables('varDocName')} </a> has been Rejected by @{variables('varLevel4')}\n<br>\nRegards,<br>\nShell.</p>"}},"Send_an_email_(V2)_6":{"runAfter":{"Set_variable_11":["Succeeded"]},"type":"OpenApiConnection","inputs":{"host":{"apiId":"/providers/Microsoft.PowerApps/apis/shared_office365","connectionName":"shared_office365","operationId":"SendEmailV2"},"parameters":{"emailMessage/To":"@variables('varSubmitter')","emailMessage/Subject":"@{variables('varDocName')} - Rejected (Level 4 Approver)","emailMessage/Body":"<p>@{variables('varEmailTemplate')}</p>"},"authentication":{"value":"@json(decodeBase64(triggerOutputs().headers['X-MS-APIM-Tokens']))['$ConnectionKey']","type":"Raw"}}}}},"expression":{"equals":["@outputs('Start_and_wait_for_an_approval-L4')?['body/outcome']","Approve"]},"type":"If"},"Condition_to_send_Email_to_Doc_Creator_4":{"actions":{"Send_an_email_(V2)_-_Level_1_Approved_4":{"runAfter":{"Set_variable_8":["Succeeded"]},"type":"OpenApiConnection","inputs":{"host":{"apiId":"/providers/Microsoft.PowerApps/apis/shared_office365","connectionName":"shared_office365_1","operationId":"SendEmailV2"},"parameters":{"emailMessage/To":"@variables('varSubmitter')","emailMessage/Subject":"@{variables('varDocName')} - Approved (Level 3 Approver)","emailMessage/Body":"<p>@{variables('varEmailTemplate')}</p>"},"authentication":{"value":"@json(decodeBase64(triggerOutputs().headers['X-MS-APIM-Tokens']))['$ConnectionKey']","type":"Raw"}}},"Set_variable_8":{"runAfter":{},"type":"SetVariable","inputs":{"name":"varEmailTemplate","value":"<p>Hi @{variables('varSubmitter')},<br>\n<br>\n The <a href=\"@{variables('varDocURL')}\">@{variables('varDocName')} </a> has been Approved by @{variables('varLevel3')}\n<br>\nRegards,<br>\nShell.</p>"}}},"runAfter":{},"expression":{"not":{"equals":["@variables('varLevel3')","null"]}},"type":"If"},"Start_and_wait_for_an_approval-L4":{"runAfter":{"Condition_to_send_Email_to_Doc_Creator_4":["Succeeded"]},"type":"OpenApiConnectionWebhook","inputs":{"host":{"apiId":"/providers/Microsoft.PowerApps/apis/shared_approvals","connectionName":"shared_approvals","operationId":"StartAndWaitForAnApproval"},"parameters":{"approvalType":"Basic","WebhookApprovalCreationInput/title":"@{outputs('Get_file_properties')?['body/{FilenameWithExtension}']} is waiting for your approval-L4","WebhookApprovalCreationInput/assignedTo":"@{variables('varLevel4')};","WebhookApprovalCreationInput/details":"Status: Pending\nConsolidated Comments: @{variables('varComments')}\\\nDue Date: @{formatDateTime(addDays(utcNow(),2),'dd/MM/yyyy')}\\\nRequestor : @{variables('varSubmitter')}\\\n\nKindly click here to reassign \n [Reassign](https://emea.flow.microsoft.com/manage/environments/fa2cf79a-453a-4cca-a659-eacf43823408/approvals/received)","WebhookApprovalCreationInput/itemLink":"@variables('varDocURL')","WebhookApprovalCreationInput/itemLinkDescription":"Click Here to view the document","WebhookApprovalCreationInput/requestor":"@{variables('varSubmitter')};","WebhookApprovalCreationInput/enableNotifications":true,"WebhookApprovalCreationInput/enableReassignment":true},"authentication":{"value":"@json(decodeBase64(triggerOutputs().headers['X-MS-APIM-Tokens']))['$ConnectionKey']","type":"Raw"}}}},"runAfter":{"Start_and_wait_for_an_approval-L3":["Succeeded","Failed","Skipped"]},"else":{"actions":{"Set_content_approval_status_5":{"runAfter":{"Send_an_email_(V2)_4":["Succeeded"]},"type":"OpenApiConnection","inputs":{"host":{"apiId":"/providers/Microsoft.PowerApps/apis/shared_sharepointonline","connectionName":"shared_sharepointonline_1","operationId":"SetApprovalStatus"},"parameters":{"dataset":"https://eu001-sp.shell.com/sites/AAFAA2124/PowerAutomate","table":"bd4ef0ad-d6eb-48c8-8c42-0aa8e0c0ac4d","id":"@variables('varDocID')","approvalAction":"Reject","comments":"","entityTag":"@variables('varEtag')"},"authentication":{"value":"@json(decodeBase64(triggerOutputs().headers['X-MS-APIM-Tokens']))['$ConnectionKey']","type":"Raw"}}},"Set_variable_9":{"runAfter":{},"type":"SetVariable","inputs":{"name":"varEmailTemplate","value":"<p>Hi @{variables('varSubmitter')},<br>\n<br>\n The <a href=\"@{variables('varDocURL')}\">@{variables('varDocName')}</a> has been Rejected by @{variables('varLevel3')}\n<br>\nRegards,<br>\nShell.</p>"}},"Send_an_email_(V2)_4":{"runAfter":{"Set_variable_9":["Succeeded"]},"type":"OpenApiConnection","inputs":{"host":{"apiId":"/providers/Microsoft.PowerApps/apis/shared_office365","connectionName":"shared_office365","operationId":"SendEmailV2"},"parameters":{"emailMessage/To":"@variables('varSubmitter')","emailMessage/Subject":"@{variables('varDocName')} - Rejected (Level 3 Approver)","emailMessage/Body":"<p>@{variables('varEmailTemplate')}</p>"},"authentication":{"value":"@json(decodeBase64(triggerOutputs().headers['X-MS-APIM-Tokens']))['$ConnectionKey']","type":"Raw"}}}}},"expression":{"or":[{"equals":["@outputs('Start_and_wait_for_an_approval-L3')?['body/outcome']","Approve"]},{"equals":["@outputs('Start_and_wait_for_an_approval-L3')?['body/outcome']","@null"]}]},"type":"If"},"Condition_to_send_Email_to_Doc_Creator_3":{"actions":{"Send_an_email_(V2)_-_Level_1_Approved_3":{"runAfter":{"Set_variable_6":["Succeeded"]},"type":"OpenApiConnection","inputs":{"host":{"apiId":"/providers/Microsoft.PowerApps/apis/shared_office365","connectionName":"shared_office365_1","operationId":"SendEmailV2"},"parameters":{"emailMessage/To":"@variables('varSubmitter')","emailMessage/Subject":"@{variables('varDocName')} - Approved (Level 2 Approver)","emailMessage/Body":"<p>@{variables('varEmailTemplate')}</p>"},"authentication":{"value":"@json(decodeBase64(triggerOutputs().headers['X-MS-APIM-Tokens']))['$ConnectionKey']","type":"Raw"}}},"Set_variable_6":{"runAfter":{},"type":"SetVariable","inputs":{"name":"varEmailTemplate","value":"<p>Hi @{variables('varSubmitter')},<br>\n<br>\n The <a href=\"@{variables('varDocURL')}\">@{variables('varDocName')} </a>has been Approved by @{variables('varLevel2')}\n<br>\nRegards,<br>\nShell.</p>"}}},"runAfter":{},"expression":{"not":{"equals":["@variables('varLevel2')","null"]}},"type":"If"},"Start_and_wait_for_an_approval-L3":{"runAfter":{"Condition_to_send_Email_to_Doc_Creator_3":["Succeeded"]},"type":"OpenApiConnectionWebhook","inputs":{"host":{"apiId":"/providers/Microsoft.PowerApps/apis/shared_approvals","connectionName":"shared_approvals","operationId":"StartAndWaitForAnApproval"},"parameters":{"approvalType":"Basic","WebhookApprovalCreationInput/title":"@{outputs('Get_file_properties')?['body/{FilenameWithExtension}']} is waiting for your approval-L3","WebhookApprovalCreationInput/assignedTo":"@{variables('varLevel3')};","WebhookApprovalCreationInput/details":"Status: Pending\nConsolidated Comments: @{variables('varComments')}\\\nDue Date: @{formatDateTime(addDays(utcNow(),2),'dd/MM/yyyy')}\\\nRequestor : @{variables('varSubmitter')}\\\n\nKindly click here to reassign \n [Reassign](https://emea.flow.microsoft.com/manage/environments/fa2cf79a-453a-4cca-a659-eacf43823408/approvals/received)","WebhookApprovalCreationInput/itemLink":"@variables('varDocURL')","WebhookApprovalCreationInput/itemLinkDescription":"Click Here to view the document","WebhookApprovalCreationInput/requestor":"@{variables('varSubmitter')};","WebhookApprovalCreationInput/enableNotifications":true,"WebhookApprovalCreationInput/enableReassignment":true},"authentication":{"value":"@json(decodeBase64(triggerOutputs().headers['X-MS-APIM-Tokens']))['$ConnectionKey']","type":"Raw"}}}},"runAfter":{"Start_and_wait_for_an_approval-L2":["Succeeded","Failed","Skipped"]},"else":{"actions":{"Set_content_approval_status_4":{"runAfter":{"Send_an_email_(V2)_3":["Succeeded"]},"type":"OpenApiConnection","inputs":{"host":{"apiId":"/providers/Microsoft.PowerApps/apis/shared_sharepointonline","connectionName":"shared_sharepointonline_1","operationId":"SetApprovalStatus"},"parameters":{"dataset":"https://eu001-sp.shell.com/sites/AAFAA2124/PowerAutomate","table":"bd4ef0ad-d6eb-48c8-8c42-0aa8e0c0ac4d","id":"@variables('varDocID')","approvalAction":"Reject","comments":"","entityTag":"@variables('varEtag')"},"authentication":{"value":"@json(decodeBase64(triggerOutputs().headers['X-MS-APIM-Tokens']))['$ConnectionKey']","type":"Raw"}}},"Set_variable_7":{"runAfter":{},"type":"SetVariable","inputs":{"name":"varEmailTemplate","value":"<p>Hi @{variables('varSubmitter')},<br>\n<br>\n The <a href=\"@{variables('varDocURL')}\">@{variables('varDocName')} </a>has been Rejected by @{variables('varLevel2')}\n<br>\nRegards,<br>\nShell.</p>"}},"Send_an_email_(V2)_3":{"runAfter":{"Set_variable_7":["Succeeded"]},"type":"OpenApiConnection","inputs":{"host":{"apiId":"/providers/Microsoft.PowerApps/apis/shared_office365","connectionName":"shared_office365","operationId":"SendEmailV2"},"parameters":{"emailMessage/To":"@variables('varSubmitter')","emailMessage/Subject":"@{variables('varDocName')} - Rejected (Level 2 Approver)","emailMessage/Body":"<p>@{variables('varEmailTemplate')}</p>"},"authentication":{"value":"@json(decodeBase64(triggerOutputs().headers['X-MS-APIM-Tokens']))['$ConnectionKey']","type":"Raw"}}}}},"expression":{"or":[{"equals":["@outputs('Start_and_wait_for_an_approval-L2')?['body/outcome']","Approve"]},{"equals":["@outputs('Start_and_wait_for_an_approval-L2')?['body/outcome']","@null"]}]},"type":"If"}},"runAfter":{"Start_and_wait_for_an_approval-L1":["Succeeded","Failed","Skipped"]},"else":{"actions":{"Set_content_approval_status_-_L1_Rejected":{"runAfter":{"Send_an_email_-_Rejected_By_L1":["Succeeded"]},"type":"OpenApiConnection","inputs":{"host":{"apiId":"/providers/Microsoft.PowerApps/apis/shared_sharepointonline","connectionName":"shared_sharepointonline_1","operationId":"SetApprovalStatus"},"parameters":{"dataset":"https://eu001-sp.shell.com/sites/AAFAA2124/PowerAutomate","table":"bd4ef0ad-d6eb-48c8-8c42-0aa8e0c0ac4d","id":"@variables('varDocID')","approvalAction":"Reject","comments":"","entityTag":"@variables('varEtag')"},"authentication":{"value":"@json(decodeBase64(triggerOutputs().headers['X-MS-APIM-Tokens']))['$ConnectionKey']","type":"Raw"}}},"Set_variable_4":{"runAfter":{},"type":"SetVariable","inputs":{"name":"varEmailTemplate","value":"Hi @{variables('varSubmitter')},<br>\n<br>\n    The <a href=\" var@{variables('varDocURL')}\">@{variables('varDocName')} </a> has been rejected by @{variables('varLevel1')}\n\nRegards,\nShell."}},"Send_an_email_-_Rejected_By_L1":{"runAfter":{"Set_variable_4":["Succeeded"]},"type":"OpenApiConnection","inputs":{"host":{"apiId":"/providers/Microsoft.PowerApps/apis/shared_office365","connectionName":"shared_office365","operationId":"SendEmailV2"},"parameters":{"emailMessage/To":"@variables('varSubmitter')","emailMessage/Subject":"   @{variables('varDocName')} - Rejected (Level 1 Approver)","emailMessage/Body":"<p>@{variables('varEmailTemplate')}</p>"},"authentication":{"value":"@json(decodeBase64(triggerOutputs().headers['X-MS-APIM-Tokens']))['$ConnectionKey']","type":"Raw"}}}}},"expression":{"or":[{"equals":["@outputs('Start_and_wait_for_an_approval-L1')?['body/outcome']","@null"]},{"equals":["@outputs('Start_and_wait_for_an_approval-L1')?['body/outcome']","Approve"]}]},"type":"If"},"Start_and_wait_for_an_approval-L1":{"runAfter":{"Condition_to_send_Email_to_Doc_Creator":["Succeeded"]},"type":"OpenApiConnectionWebhook","inputs":{"host":{"apiId":"/providers/Microsoft.PowerApps/apis/shared_approvals","connectionName":"shared_approvals","operationId":"StartAndWaitForAnApproval"},"parameters":{"approvalType":"Basic","WebhookApprovalCreationInput/title":"@{outputs('Get_file_properties')?['body/{FilenameWithExtension}']} is waiting for your approval - L1","WebhookApprovalCreationInput/assignedTo":"@{variables('varLevel1')};","WebhookApprovalCreationInput/details":"Status: Pending\nConsolidated Comments: @{variables('varComments')}\\\nDue Date: @{formatDateTime(addDays(utcNow(),2),'dd/MM/yyyy')}\\\nRequestor : @{variables('varSubmitter')}\\\n\nKindly click here to reassign \n [Reassign](https://emea.flow.microsoft.com/manage/environments/fa2cf79a-453a-4cca-a659-eacf43823408/approvals/received)","WebhookApprovalCreationInput/itemLink":"@variables('varDocURL')","WebhookApprovalCreationInput/itemLinkDescription":"Click Here to view the document","WebhookApprovalCreationInput/requestor":"@{variables('varSubmitter')};","WebhookApprovalCreationInput/enableNotifications":true,"WebhookApprovalCreationInput/enableReassignment":true},"authentication":{"value":"@json(decodeBase64(triggerOutputs().headers['X-MS-APIM-Tokens']))['$ConnectionKey']","type":"Raw"}}},"Set_variable-Responded-L0":{"runAfter":{},"type":"SetVariable","inputs":{"name":"varApprovalStatusNoti","value":"Responded-L0"}},"Condition_to_send_Email_to_Doc_Creator":{"actions":{"Send_an_email_(V2)_-_Level_0_Approved":{"runAfter":{"Set_variable":["Succeeded"]},"type":"OpenApiConnection","inputs":{"host":{"apiId":"/providers/Microsoft.PowerApps/apis/shared_office365","connectionName":"shared_office365_1","operationId":"SendEmailV2"},"parameters":{"emailMessage/To":"@variables('varSubmitter')","emailMessage/Subject":"@{variables('varDocName')} - Approved (Level 0 Approver)","emailMessage/Body":"<p>@{variables('varEmailTemplate')}</p>"},"authentication":{"value":"@json(decodeBase64(triggerOutputs().headers['X-MS-APIM-Tokens']))['$ConnectionKey']","type":"Raw"}}},"Set_variable":{"runAfter":{},"type":"SetVariable","inputs":{"name":"varEmailTemplate","value":"<p>Hi @{variables('varSubmitter')},<br>\n<br>\n The <a href=\"@{variables('varDocURL')}\">   @{variables('varDocName')} </a> has been Approved by @{variables('varLevel0')}\n<br>\nRegards,<br>\nShell.</p>"}}},"runAfter":{"Set_variable-Responded-L0":["Succeeded"]},"expression":{"not":{"equals":["@variables('varLevel0')","null"]}},"type":"If"}},"runAfter":{"Start_and_wait_for_an_approval-L0":["Succeeded","Failed","Skipped"]},"else":{"actions":{"Set_content_approval_status_-_Level_0_Rejected":{"runAfter":{"Send_an_email_-_Level_0_Rejected":["Succeeded"]},"type":"OpenApiConnection","inputs":{"host":{"apiId":"/providers/Microsoft.PowerApps/apis/shared_sharepointonline","connectionName":"shared_sharepointonline_1","operationId":"SetApprovalStatus"},"parameters":{"dataset":"https://eu001-sp.shell.com/sites/AAFAA2124/PowerAutomate","table":"bd4ef0ad-d6eb-48c8-8c42-0aa8e0c0ac4d","id":"@variables('varDocID')","approvalAction":"Reject","comments":"@{variables('varLevel0')} (Level 0 Approver) has rejected the document @{variables('varDocName')}","entityTag":"@variables('varEtag')"},"authentication":{"value":"@json(decodeBase64(triggerOutputs().headers['X-MS-APIM-Tokens']))['$ConnectionKey']","type":"Raw"}}},"Set_variable_-Responded-L0":{"runAfter":{},"type":"SetVariable","inputs":{"name":"varApprovalStatusNoti","value":"Responded-L0"}},"Send_an_email_-_Level_0_Rejected":{"runAfter":{"Set_variable_2":["Succeeded"]},"type":"OpenApiConnection","inputs":{"host":{"apiId":"/providers/Microsoft.PowerApps/apis/shared_office365","connectionName":"shared_office365","operationId":"SendEmailV2"},"parameters":{"emailMessage/To":"@variables('varSubmitter')","emailMessage/Subject":"   @{variables('varDocName')} - Rejected (Level 0 Approver) ","emailMessage/Body":"<p>@{variables('varEmailTemplate')}</p>"},"authentication":{"value":"@json(decodeBase64(triggerOutputs().headers['X-MS-APIM-Tokens']))['$ConnectionKey']","type":"Raw"}}},"Set_variable_2":{"runAfter":{"Set_variable_-Responded-L0":["Succeeded"]},"type":"SetVariable","inputs":{"name":"varEmailTemplate","value":"<p>Hi @{variables('varSubmitter')},<br>\n<br>\n The <a href=\"@{variables('varDocURL')}\">@{variables('varDocName')}</a> has been Rejected by @{variables('varLevel0')}\n<br>\nRegards,<br>\nShell.</p>"}}}},"expression":{"or":[{"equals":["@outputs('Start_and_wait_for_an_approval-L0')?['body/outcome']","@null"]},{"equals":["@outputs('Start_and_wait_for_an_approval-L0')?['body/outcome']","Approve"]}]},"type":"If"},"Initialize_variable-varEtag":{"runAfter":{"Get_file_metadata":["Succeeded"]},"type":"InitializeVariable","inputs":{"variables":[{"name":"varEtag","type":"string","value":"@outputs('Get_file_metadata')?['body/ETag']"}]}},"Get_file_metadata":{"runAfter":{"Get_file_properties":["Succeeded"]},"type":"OpenApiConnection","inputs":{"host":{"apiId":"/providers/Microsoft.PowerApps/apis/shared_sharepointonline","connectionName":"shared_sharepointonline_1","operationId":"GetFileMetadata"},"parameters":{"dataset":"https://eu001-sp.shell.com/sites/AAFAA2124/PowerAutomate","id":"@outputs('Get_file_properties')?['body/{Identifier}']"},"authentication":{"value":"@json(decodeBase64(triggerOutputs().headers['X-MS-APIM-Tokens']))['$ConnectionKey']","type":"Raw"}}},"Get_file_properties":{"runAfter":{"Initialize_variable-varDocID":["Succeeded"]},"type":"OpenApiConnection","inputs":{"host":{"apiId":"/providers/Microsoft.PowerApps/apis/shared_sharepointonline","connectionName":"shared_sharepointonline_1","operationId":"GetFileItem"},"parameters":{"dataset":"https://eu001-sp.shell.com/sites/AAFAA2124/PowerAutomate","table":"bd4ef0ad-d6eb-48c8-8c42-0aa8e0c0ac4d","id":"@variables('varDocID')"},"authentication":{"value":"@json(decodeBase64(triggerOutputs().headers['X-MS-APIM-Tokens']))['$ConnectionKey']","type":"Raw"}}},"Initialize_variable-varComments":{"runAfter":{},"type":"InitializeVariable","inputs":{"variables":[{"name":"varComments","type":"string","value":"@{triggerBody()['Initializevariable-varComments_Value']}"}]}},"Initialize_variable-varDocID":{"runAfter":{"Initialize_variable_-varLevel4":["Succeeded"]},"type":"InitializeVariable","inputs":{"variables":[{"name":"varDocID","type":"integer","value":"@triggerBody()['Initializevariable-varDocID_Value']"}]}},"Initialize_variable-varDocURL":{"runAfter":{"Initialize_variable-varEtag":["Succeeded"]},"type":"InitializeVariable","inputs":{"variables":[{"name":"varDocURL","type":"string","value":"@outputs('Get_file_properties')?['body/{Link}']"}]}},"Initialize_variable_-_varDocName":{"runAfter":{"Initialize_variable-varDocURL":["Succeeded"]},"type":"InitializeVariable","inputs":{"variables":[{"name":"varDocName","type":"string","value":"@outputs('Get_file_properties')?['body/{FilenameWithExtension}']"}]}},"Initialize_variable_-_varDueDate":{"runAfter":{"Initialize_variable-varSubmitter":["Succeeded"]},"type":"InitializeVariable","inputs":{"variables":[{"name":"varDueDate","type":"string","value":"@{addDays(utcNow(),2)}"}]}},"Initialize_variable-varApprovalStatusNoti":{"runAfter":{"Initialize_variable_-_varDueDate":["Succeeded"]},"type":"InitializeVariable","inputs":{"variables":[{"name":"varApprovalStatusNoti","type":"string","value":"pending-L0"}]},"description":"used this to send remainder "},"Initialize_variable-varSubmitter":{"runAfter":{"Initialize_variable_-_varDocName":["Succeeded"]},"type":"InitializeVariable","inputs":{"variables":[{"name":"varSubmitter","type":"string","value":"@outputs('Get_file_properties')?['body/Author/Email']"}]}},"Initialize_variable_-varEmailTemplate":{"runAfter":{"Initialize_variable-varApprovalStatusNoti":["Succeeded"]},"type":"InitializeVariable","inputs":{"variables":[{"name":"varEmailTemplate","type":"string"}]}},"Condition_to_check_L0_is_valid":{"actions":{"Delay_until":{"runAfter":{},"type":"Wait","inputs":{"until":{"timestamp":"2021-05-10T03:05:01.6387621Z"}}},"Do_until_-_L0_Responds":{"actions":{"Delay":{"runAfter":{},"type":"Wait","inputs":{"interval":{"count":2,"unit":"Minute"}}},"Condition":{"actions":{"Set_variable_3":{"runAfter":{},"type":"SetVariable","inputs":{"name":"varEmailTemplate","value":"<p>Hi ,<br>\n<br>\nA @{variables('varDocName')} is waiting for your approval!!<br>\n<br>\nPlease click here to <a href=\"https://emea.flow.microsoft.com/manage/environments/fa2cf79a-453a-4cca-a659-eacf43823408/approvals/received\">Respond</a>\n<br>\n\nPlease <a href=\"@{variables('varDocURL')}\">Click Here</a> to view the document.<br>\nThanks,<br>\nShell.</p>"}},"Send_an_email_(V2)":{"runAfter":{"Set_variable_3":["Succeeded"]},"type":"OpenApiConnection","inputs":{"host":{"apiId":"/providers/Microsoft.PowerApps/apis/shared_office365","connectionName":"shared_office365","operationId":"SendEmailV2"},"parameters":{"emailMessage/To":"@variables('varLevel0')","emailMessage/Subject":"Remainder -@{variables('varDocName')} Approval","emailMessage/Body":"@variables('varEmailTemplate')"},"authentication":{"value":"@json(decodeBase64(triggerOutputs().headers['X-MS-APIM-Tokens']))['$ConnectionKey']","type":"Raw"}}}},"runAfter":{"Delay":["Succeeded"]},"expression":{"not":{"equals":["@variables('varApprovalStatusNoti')","Responded-L0"]}},"type":"If"}},"runAfter":{"Delay_until":["Succeeded"]},"expression":"@equals(variables('varApprovalStatusNoti'), 'Responded-L0')","limit":{"count":60,"timeout":"PT1H"},"type":"Until"}},"runAfter":{"Initialize_variable_-varEmailTemplate":["Succeeded"]},"expression":{"not":{"equals":["@variables('varLevel0')","null"]}},"type":"If"}}},"connectionReferences":{"shared_approvals":{"connectionName":"9d627556bc3643278b64a557ca5df795","source":"Invoker","id":"/providers/Microsoft.PowerApps/apis/shared_approvals","tier":"NotSpecified"},"shared_office365_1":{"connectionName":"558304f78a054d77a37bbd11413d09c6","source":"Invoker","id":"/providers/Microsoft.PowerApps/apis/shared_office365","tier":"NotSpecified"},"shared_sharepointonline_1":{"connectionName":"d4a8e8f5efc840b9b71a6e70b56b1013","source":"Invoker","id":"/providers/Microsoft.PowerApps/apis/shared_sharepointonline","tier":"NotSpecified"},"shared_office365":{"connectionName":"558304f78a054d77a37bbd11413d09c6","source":"Invoker","id":"/providers/Microsoft.PowerApps/apis/shared_office365","tier":"NotSpecified"}},"flowFailureAlertSubscribed":false}}