{"name":"8d281711-da30-4d77-ad03-f4698359fd38","id":"/providers/Microsoft.Flow/flows/8d281711-da30-4d77-ad03-f4698359fd38","type":"Microsoft.Flow/flows","properties":{"apiId":"/providers/Microsoft.PowerApps/apis/shared_logicflows","displayName":"Copy of - OOTB_CollectFeedback_MultipleStage_List","definition":{"metadata":{"workflowEntityId":null,"processAdvisorMetadata":null,"flowclientsuspensionreason":"None","flowclientsuspensiontime":null,"creator":{"id":"cbf6b318-835e-4eaa-94a8-878a92e80997","type":"User","tenantId":"c7ba1ffa-0912-4ec7-be94-7cfcb8a19dd6"},"provisioningMethod":"FromDefinition","failureAlertSubscription":true,"clientLastModifiedTime":"2021-06-21T12:34:45.8185816Z"},"$schema":"https://schema.management.azure.com/providers/Microsoft.Logic/schemas/2016-06-01/workflowdefinition.json#","contentVersion":"1.0.0.0","parameters":{"$connections":{"defaultValue":{},"type":"Object"},"$authentication":{"defaultValue":{},"type":"SecureObject"},"sharepoint.site":{"defaultValue":"","type":"String"},"sharepoint.list":{"defaultValue":"","type":"String"}},"triggers":{"When_an_item_is_created":{"recurrence":{"frequency":"Minute","interval":1},"splitOn":"@triggerBody()?['value']","metadata":{"flowSystemMetadata":{"swaggerOperationId":"GetOnNewItems"}},"type":"ApiConnection","inputs":{"host":{"connection":{"name":"@parameters('$connections')['shared_sharepointonline']['connectionId']"},"api":{"runtimeUrl":"https://europe-002.azure-apim.net/apim/sharepointonline"}},"method":"get","path":"/datasets/@{encodeURIComponent(encodeURIComponent('https://ronvanderhamdevelopment.sharepoint.com/sites/TestMdsSite'))}/tables/@{encodeURIComponent(encodeURIComponent('7152c0d7-058f-4a45-94e2-7796c940886d'))}/onnewitems","authentication":"@parameters('$authentication')"}}},"actions":{"Initialize_approval_done_variable":{"runAfter":{"Condition_check_End_flow_on_edit":["Succeeded"]},"type":"InitializeVariable","inputs":{"variables":[{"name":"approvalDone","type":"boolean","value":"@false"}]}},"Initialize_approvers_list_variable":{"runAfter":{"Initialize_approvers_temp_list_variable":["Succeeded"]},"type":"InitializeVariable","inputs":{"variables":[{"name":"approverslist","type":"array"}]}},"Initialize_approvers_temp_list_variable":{"runAfter":{"Initialize_approval_done_variable":["Succeeded"]},"type":"InitializeVariable","inputs":{"variables":[{"name":"approversListtemp","type":"string"}]}},"Condition_Due_Date":{"actions":{"Condition_5":{"actions":{"Set_variable_6":{"runAfter":{},"type":"SetVariable","inputs":{"name":"Duedate","value":"@{addDays(utcNow(), variables('Duration per task'), 'yyyy-MM-dd')}"}}},"runAfter":{},"else":{"actions":{"Set_variable_7":{"runAfter":{},"type":"SetVariable","inputs":{"name":"Duedate","value":"None"}}}},"expression":{"not":{"equals":["@variables('Duration per task')",0]}},"type":"If"}},"runAfter":{"Initialize__index_no_for_stage_variable_":["Succeeded"]},"else":{"actions":{"Condition_4":{"actions":{"Day_condition":{"actions":{"Set_variable_2":{"runAfter":{},"type":"SetVariable","inputs":{"name":"Duedate","value":"@{addDays(utcNow(),variables('Duration per task'),'yyyy-MM-dd')}"}}},"runAfter":{},"else":{"actions":{"Set_variable_5":{"runAfter":{},"type":"SetVariable","inputs":{"name":"Duedate","value":"@variables('tempdue')"}}}},"expression":{"less":["@addDays(utcNow(),variables('Duration per task'),'yyyy-MM-dd')","@variables('Duedate')"]},"type":"If"}},"runAfter":{},"expression":{"not":{"equals":["@variables('Duration per task')",0]}},"type":"If"}}},"expression":{"equals":["@variables('Duedate')",""]},"type":"If"},"Initialize_approval_respond_link_variable":{"runAfter":{"Initialize_variable_4":["Succeeded"]},"type":"InitializeVariable","inputs":{"variables":[{"name":"approvalRespondLink","type":"string"}]}},"Initialize_Mail_response_for_serial":{"runAfter":{"Initialize_approval_respond_link_variable":["Succeeded"]},"type":"InitializeVariable","inputs":{"variables":[{"name":"Mail response","type":"array"}]}},"Initialize_Task_list_array_variable":{"runAfter":{"Initialize_Mail_response_for_serial":["Succeeded"]},"type":"InitializeVariable","inputs":{"variables":[{"name":"Task list Id","type":"array"}]}},"Initialize_variable":{"runAfter":{"Initialize_Task_list_array_variable":["Succeeded"]},"type":"InitializeVariable","inputs":{"variables":[{"name":"Index no","type":"integer","value":0}]}},"Initialize_Array_index_for_serial_in_do_until_variable_":{"runAfter":{"Initialize_variable":["Succeeded"]},"type":"InitializeVariable","inputs":{"variables":[{"name":"Array index no","type":"integer","value":0}]}},"Initialize_check_variable__for_do_until_loop_in_serial":{"runAfter":{"Initialize_Array_index_for_serial_in_do_until_variable_":["Succeeded"]},"type":"InitializeVariable","inputs":{"variables":[{"name":"check","type":"boolean","value":"@false"}]}},"Initialize_temp_due_dat_variable_":{"runAfter":{"Initialize_check_variable__for_do_until_loop_in_serial":["Succeeded"]},"type":"InitializeVariable","inputs":{"variables":[{"name":"tempdue","type":"string","value":"@variables('Duedate')"}]}},"Condition_check_End_flow_on_edit":{"actions":{"Update_item":{"runAfter":{},"metadata":{"flowSystemMetadata":{"swaggerOperationId":"PatchItem"}},"type":"ApiConnection","inputs":{"host":{"connection":{"name":"@parameters('$connections')['shared_sharepointonline']['connectionId']"},"api":{"runtimeUrl":"https://europe-002.azure-apim.net/apim/sharepointonline"}},"method":"patch","body":{"Title":"@body('Get_item')['Title']","Environment_x0020_ID":"@{workflow()?['tags']['environmentName']}","Flow_x0020_ID":"@{workflow()?['name']}","Instance_x0020_ID":"@{workflow()?['run']['name']}","CancelFlow":false},"path":"/datasets/@{encodeURIComponent(encodeURIComponent('https://ronvanderhamdevelopment.sharepoint.com/sites/TestMdsSite'))}/tables/@{encodeURIComponent(encodeURIComponent('65fbbe8e-0b70-40d8-a36e-85003175957a'))}/items/@{encodeURIComponent(body('Get_item')?['ID'])}","authentication":"@parameters('$authentication')"}}},"runAfter":{"Condition_cc":["Succeeded"]},"expression":{"equals":["@variables('End flow on edit')","@true"]},"type":"If"},"Initialize_variable_3":{"runAfter":{"Initialize_approvers_list_variable":["Succeeded"]},"type":"InitializeVariable","inputs":{"variables":[{"name":"Approver parel temp","type":"string"}]}},"Initialize_variable_4":{"runAfter":{"Initialize_variable_3":["Succeeded"]},"type":"InitializeVariable","inputs":{"variables":[{"name":"Approver parel temp1","type":"string"}]}},"Initialize_Requester_mail_variable_":{"runAfter":{"Get_item":["Succeeded"]},"type":"InitializeVariable","inputs":{"variables":[{"name":"Requester mail","type":"string","value":"@body('Get_item')?['Author']?['Email']"}]}},"Initialize_variable_Assignedto":{"runAfter":{"Initialize_temp_due_dat_variable_":["Succeeded"]},"type":"InitializeVariable","inputs":{"variables":[{"name":"Assignedto","type":"string"}]}},"Initialize_count_variable_for_checking_all_response_as_send_feed_back":{"runAfter":{"Initialize_variable_Assignedto":["Succeeded"]},"type":"InitializeVariable","inputs":{"variables":[{"name":"count","type":"integer","value":0}]}},"Initialize_item_id_variable":{"runAfter":{},"type":"InitializeVariable","inputs":{"variables":[{"name":"item id","type":"integer","value":"@triggerBody()?['ID']"}]}},"Initialize_CC_variable":{"runAfter":{"Initialize_Requester_mail_variable_":["Succeeded"]},"type":"InitializeVariable","inputs":{"variables":[{"name":"cc","type":"string"}]}},"Initialize_due_date_in_format_only_(yyyy-MM-dd)":{"runAfter":{"Initialize_CC_variable":["Succeeded"]},"type":"InitializeVariable","inputs":{"variables":[{"name":"Duedate","type":"string","value":"2021-06-01"}]}},"Initialize_Duration_per_task_variable":{"runAfter":{"Initialize_due_date_in_format_only_(yyyy-MM-dd)":["Succeeded"]},"type":"InitializeVariable","inputs":{"variables":[{"name":"Duration per task","type":"integer","value":2}]}},"Initialize_End_flow_on_edit_variable_":{"runAfter":{"Initialize_Duration_per_task_variable":["Succeeded"]},"type":"InitializeVariable","inputs":{"variables":[{"name":"End flow on edit","type":"boolean","value":"@false"}]}},"Initialize_order_variable_All_at_once_(Parellel)_or_One_at_a_time_(Serial)":{"runAfter":{"Initialize_End_flow_on_edit_variable_":["Succeeded"]},"type":"InitializeVariable","inputs":{"variables":[{"name":"order","type":"string"}]}},"Initialize_assign_group_variable":{"runAfter":{"Initialize_order_variable_All_at_once_(Parellel)_or_One_at_a_time_(Serial)":["Succeeded"]},"type":"InitializeVariable","inputs":{"variables":[{"name":"assign group","type":"boolean"}]}},"Initialize_Assignee_variable_separeated_by_;_not_to_mention_;_at_last_":{"runAfter":{"Initialize_assign_group_variable":["Succeeded"]},"type":"InitializeVariable","inputs":{"variables":[{"name":"Assignee members","type":"string"}]}},"Initialize_sharepoint_group_variable_if_applicable":{"runAfter":{"Initialize_Assignee_variable_separeated_by_;_not_to_mention_;_at_last_":["Succeeded"]},"type":"InitializeVariable","inputs":{"variables":[{"name":"sharepoint group","type":"string"}]}},"Initialize_Array_of_stages_variable_":{"runAfter":{"Initialize_office_365_group_variable_if_applicable":["Succeeded"]},"type":"InitializeVariable","inputs":{"variables":[{"name":"Array of stage","type":"array","value":[{"assign group":"@true","Assignee members":"butters@ronvanderhamdevelopment.onmicrosoft.com","sharepoint group":"TestMdsSite Owners","O365 mail":"","order":"All at once (Parellel)"},{"assign group":"@true","Assignee members":"","sharepoint group":"TestMdsSite Owners","O365 mail":"","order":"serial"},{"assign group":"@false","Assignee members":"stan@ronvanderhamdevelopment.onmicrosoft.com;butters@ronvanderhamdevelopment.onmicrosoft.com","sharepoint group":"","O365 mail":"","order":"All at once (Parellel)"}]}]}},"Initialize__Stage_check__variable":{"runAfter":{"Initialize_count_variable_for_checking_all_response_as_send_feed_back":["Succeeded"]},"type":"InitializeVariable","inputs":{"variables":[{"name":"Stage","type":"boolean","value":"@false"}]}},"Initialize__index_no_for_stage_variable_":{"runAfter":{"Initialize__Stage_check__variable":["Succeeded"]},"type":"InitializeVariable","inputs":{"variables":[{"name":"Stage Index no","type":"integer","value":0}]}},"Do_until_Multiple_stages":{"actions":{"Set_Assign_group_variable_for_stage_":{"runAfter":{},"type":"SetVariable","inputs":{"name":"assign group","value":"@variables('Array of stage')[variables('Stage Index no')]?['assign group']"}},"Set_Assignee_variable_separeated_by_;_not_to_mention_;_at_last_for_stage":{"runAfter":{"Set_Assign_group_variable_for_stage_":["Succeeded"]},"type":"SetVariable","inputs":{"name":"Assignee members","value":"@{variables('Array of stage')[variables('Stage Index no')]?['Assignee members']}"}},"Set_sharepoint_group_variable_if_applicable_for_stage":{"runAfter":{"Set_Assignee_variable_separeated_by_;_not_to_mention_;_at_last_for_stage":["Succeeded"]},"type":"SetVariable","inputs":{"name":"sharepoint group","value":"@{variables('Array of stage')[variables('Stage Index no')]?['sharepoint group']}"}},"Set_check_variable_for_stage":{"runAfter":{"Set_order_variable":["Succeeded"]},"type":"SetVariable","inputs":{"name":"check","value":"@false"}},"Set_approval_done_for_stage":{"runAfter":{"Set_check_variable_for_stage":["Succeeded"]},"type":"SetVariable","inputs":{"name":"approvalDone","value":"@false"}},"Set_order_variable":{"runAfter":{"Set_O365_mail_variable_":["Succeeded"]},"type":"SetVariable","inputs":{"name":"order","value":"@{variables('Array of stage')[variables('Stage Index no')]?['order']}"}},"Condition_serial_or_parallel_2":{"actions":{"Do_until_6":{"actions":{"Set_respond_to_approval_link_2":{"runAfter":{"Condition_21":["Succeeded"]},"type":"SetVariable","inputs":{"name":"approvalRespondLink","value":"@body('Create_an_approval_4')?['respondLink']"}},"Wait_for_an_approval_4":{"runAfter":{"Set_respond_to_approval_link_2":["Succeeded"]},"metadata":{"flowSystemMetadata":{"swaggerOperationId":"WaitForAnApproval"}},"type":"ApiConnectionWebhook","inputs":{"host":{"connection":{"name":"@parameters('$connections')['shared_approvals']['connectionId']"},"api":{"runtimeUrl":"https://europe-002.azure-apim.net/apim/approvals"}},"body":{"notificationUrl":"@{listCallbackUrl()}"},"path":"/approvals/@{encodeURIComponent(body('Create_an_approval_4')?['name'])}/subscriptions","authentication":"@parameters('$authentication')"}},"Get_all_responses_in_array_2":{"runAfter":{"Condition_24":["Succeeded"]},"type":"Select","inputs":{"from":"@body('Wait_for_an_approval_4')?['responses']","select":{"Approver Name":"@item()?['responder']?['displayName']","Response":"@item()?['approverResponse']","Approver Mail":"@item()?['responder']?['email']","Comments":"@if(empty(item()?['comments']), 'No comments', item()['comments'])"}}},"Apply_to_each_25":{"foreach":"@body('Get_all_responses_in_array_2')","actions":{"Switch_2":{"runAfter":{},"cases":{"Case":{"case":"Send Feed back","actions":{"Compose_7":{"runAfter":{"Increment_variable_5":["Succeeded"]},"type":"Compose","inputs":{"Approver":"@{items('Apply_to_each_25')?['Approver Name']}","Comments":"@{items('Apply_to_each_25')?['Comments']}","Response":"@{items('Apply_to_each_25')?['Response']}"}},"Increment_variable_5":{"runAfter":{},"type":"IncrementVariable","inputs":{"name":"count","value":1}},"Append_to_array_variable_23":{"runAfter":{"Compose_7":["Succeeded"]},"type":"AppendToArrayVariable","inputs":{"name":"Mail response","value":"@outputs('Compose_7')"}}}},"Case_2":{"case":"Request for change","actions":{"Post_an_Adaptive_Card_to_a_Teams_user_and_wait_for_a_response_7":{"runAfter":{},"metadata":{"flowSystemMetadata":{"swaggerOperationId":"SubscribeUserFlowContinuation"}},"type":"ApiConnectionWebhook","inputs":{"host":{"connection":{"name":"@parameters('$connections')['shared_teams']['connectionId']"},"api":{"runtimeUrl":"https://europe-002.azure-apim.net/apim/teams"}},"body":{"notificationUrl":"@{listCallbackUrl()}","body":{"recipient":{"to":"@{items('Apply_to_each_25')?['Approver Mail']}"},"messageBody":"{\n    \"$schema\": \"http://adaptivecards.io/schemas/adaptive-card.json\",\n    \"type\": \"AdaptiveCard\",\n    \"version\": \"1.0\",\n    \"body\": [\n        {\n            \"type\": \"ColumnSet\",\n            \"columns\": [\n                {\n                    \"type\": \"Column\",\n                    \"width\": 2,\n                    \"items\": [\n                        {\n                            \"type\": \"TextBlock\",\n                            \"text\": \"Please fill below details for request change\",\n                            \"weight\": \"Bolder\",\n                            \"size\": \"Medium\"\n                        },\n                        {\n                            \"type\": \"TextBlock\",\n                            \"text\": \"Request Change From\",\n                            \"wrap\": true\n                        },\n                        {\n                            \"type\": \"Input.Text\",\n                            \"id\": \"changeUserMail\",\n                            \"placeholder\": \"Enter mail address\",\n                             \"style\": \"email\"  \n                        },\n                        {\n                            \"type\": \"TextBlock\",\n                            \"text\": \"New Request\",\n                            \"wrap\": true\n                        },\n                        {\n                            \"type\": \"Input.Text\",\n                            \"id\": \"New Request\",\n                            \"placeholder\": \"Enter the request\",\n                             \"isMultiline\": true\n                        },\n                       {\n                            \"type\": \"TextBlock\",\n                            \"text\": \"New Duration\",\n                            \"wrap\": true\n                        },\n                        {\n                            \"type\": \"Input.Number\",\n                            \"id\": \"New Duration\",\n                            \"placeholder\": \"Enter the Duration\"\n                        },\n                            {\n                            \"type\": \"TextBlock\",\n                            \"text\": \"Duration Units\",\n                            \"wrap\": true\n                        },\n                       {\n\t\t\t\"type\": \"Input.ChoiceSet\",\n\t\t\t\"id\": \"Duration time\",\n\t\t\t\"style\": \"compact\",\n\t\t\t\"isMultiSelect\": false,\n\t\t\t\"value\": \"1\",\n\t\t\t\"choices\": [\n\t\t\t\t{\n\t\t\t\t\t\"title\": \"Day\",\n\t\t\t\t\t\"value\": \"1\"\n\t\t\t\t}\n\t\t\t]\n\t\t       }\n                    ]\n                }\n            ]\n        }\n    ],\n    \"actions\": [\n        {\n            \"type\": \"Action.Submit\",\n            \"title\": \"Submit\"\n        }\n    ]\n}","updateMessage":"Response successfully Submitted","shouldUpdateCard":true}},"path":"/flowbot/actions/flowcontinuation/recipienttypes/user/$subscriptions","authentication":"@parameters('$authentication')"}},"Condition_19":{"actions":{"Start_and_wait_for_an_approval_7":{"runAfter":{},"metadata":{"flowSystemMetadata":{"swaggerOperationId":"StartAndWaitForAnApproval"}},"type":"ApiConnectionWebhook","inputs":{"host":{"connection":{"name":"@parameters('$connections')['shared_approvals']['connectionId']"},"api":{"runtimeUrl":"https://europe-002.azure-apim.net/apim/approvals"}},"body":{"notificationUrl":"@{listCallbackUrl()}","responseOptions":["Send Response"],"title":"Requested for change ","assignedTo":"@{variables('Requester mail')};","details":"Requested for changes in  by @{items('Apply_to_each_25')?['Approver Mail']}\nDue by @{addDays(utcNow(), int(body('Post_an_Adaptive_Card_to_a_Teams_user_and_wait_for_a_response_7')?['data']?['new Duration']), 'yyyy-MM-dd')}\n\nBelow are comments:\n@{body('Post_an_Adaptive_Card_to_a_Teams_user_and_wait_for_a_response_7')?['data']?['new Request']}","enableNotifications":true,"enableReassignment":true},"path":"/types/@{encodeURIComponent('CustomResponse')}/subscriptions","authentication":"@parameters('$authentication')"}},"Condition_20":{"actions":{"Select_15":{"runAfter":{},"type":"Select","inputs":{"from":"@body('Start_and_wait_for_an_approval_7')?['responses']","select":{"Requestor":"@item()?['responder']?['displayName']","Comments":"@if(empty(item()?['comments']), 'No comments', item()['comments'])","Response":"@item()?['approverResponse']"}}},"Apply_to_each_26":{"foreach":"@body('Select_15')","actions":{"Append_to_array_variable_25":{"runAfter":{},"type":"AppendToArrayVariable","inputs":{"name":"Mail response","value":"@items('Apply_to_each_26')"}}},"runAfter":{"Select_15":["Succeeded"]},"type":"Foreach"}},"runAfter":{"Start_and_wait_for_an_approval_7":["Succeeded"]},"expression":{"equals":["@body('Start_and_wait_for_an_approval_7')?['outcome']","Send Response"]},"type":"If"}},"runAfter":{"Post_an_Adaptive_Card_to_a_Teams_user_and_wait_for_a_response_7":["Succeeded"]},"else":{"actions":{"Start_and_wait_for_an_approval_8":{"runAfter":{},"metadata":{"flowSystemMetadata":{"swaggerOperationId":"StartAndWaitForAnApproval"}},"type":"ApiConnectionWebhook","inputs":{"host":{"connection":{"name":"@parameters('$connections')['shared_approvals']['connectionId']"},"api":{"runtimeUrl":"https://europe-002.azure-apim.net/apim/approvals"}},"body":{"notificationUrl":"@{listCallbackUrl()}","responseOptions":["Send Response"],"title":"Requested for change ","assignedTo":"@{body('Post_an_Adaptive_Card_to_a_Teams_user_and_wait_for_a_response_7')?['data']?['changeUserMail']};","details":"Requested for changes in  by @{items('Apply_to_each_25')?['Approver Mail']}\nDue by @{addDays(utcNow(), int(body('Post_an_Adaptive_Card_to_a_Teams_user_and_wait_for_a_response_7')?['data']?['new Duration']), 'yyyy-MM-dd')}\n\nBelow are comments:\n@{body('Post_an_Adaptive_Card_to_a_Teams_user_and_wait_for_a_response_7')?['data']?['new Request']}","enableNotifications":true,"enableReassignment":true},"path":"/types/@{encodeURIComponent('CustomResponse')}/subscriptions","authentication":"@parameters('$authentication')"}},"Condition_22":{"actions":{"Select_16":{"runAfter":{},"type":"Select","inputs":{"from":"@body('Start_and_wait_for_an_approval_8')?['responses']","select":{"Requestor":"@item()?['responder']?['displayName']","Comments":"@if(empty(item()?['comments']), 'No comments', item()['comments'])","Response":"@item()?['approverResponse']"}}},"Apply_to_each_27":{"foreach":"@body('Select_16')","actions":{"Append_to_array_variable_26":{"runAfter":{},"type":"AppendToArrayVariable","inputs":{"name":"Mail response","value":"@items('Apply_to_each_27')"}}},"runAfter":{"Select_16":["Succeeded"]},"type":"Foreach"}},"runAfter":{"Start_and_wait_for_an_approval_8":["Succeeded"]},"expression":{"equals":["@body('Start_and_wait_for_an_approval_8')?['outcome']","Send Response"]},"type":"If"}}},"expression":{"equals":["@body('Post_an_Adaptive_Card_to_a_Teams_user_and_wait_for_a_response_7')?['data']?['changeUserMail']",""]},"type":"If"},"Append_to_string_variable_7":{"runAfter":{"Condition_19":["Succeeded"]},"type":"AppendToStringVariable","inputs":{"name":"approversListtemp","value":"@{items('Apply_to_each_25')?['Approver Mail']};"}},"Append_to_array_variable_24":{"runAfter":{"Append_to_string_variable_7":["Succeeded"]},"type":"AppendToArrayVariable","inputs":{"name":"approverslist","value":"@items('Apply_to_each_25')?['Approver Mail']"}}}},"Case_3":{"case":"Reasign","actions":{"Post_an_Adaptive_Card_to_a_Teams_user_and_wait_for_a_response_8":{"runAfter":{},"metadata":{"flowSystemMetadata":{"swaggerOperationId":"SubscribeUserFlowContinuation"}},"type":"ApiConnectionWebhook","inputs":{"host":{"connection":{"name":"@parameters('$connections')['shared_teams']['connectionId']"},"api":{"runtimeUrl":"https://europe-002.azure-apim.net/apim/teams"}},"body":{"notificationUrl":"@{listCallbackUrl()}","body":{"recipient":{"to":"@{items('Apply_to_each_25')?['Approver Mail']}"},"messageBody":"{\n    \"$schema\": \"http://adaptivecards.io/schemas/adaptive-card.json\",\n    \"type\": \"AdaptiveCard\",\n    \"version\": \"1.0\",\n    \"body\": [\n        {\n            \"type\": \"ColumnSet\",\n            \"columns\": [\n                {\n                    \"type\": \"Column\",\n                    \"width\": 2,\n                    \"items\": [\n                        {\n                            \"type\": \"TextBlock\",\n                            \"text\": \"Please fill below details for Reassign\",\n                            \"weight\": \"Bolder\",\n                            \"size\": \"Medium\"\n                        },\n                        {\n                            \"type\": \"TextBlock\",\n                            \"text\": \"Reassign user Mail\",\n                            \"wrap\": true\n                        },\n                        {\n                            \"type\": \"Input.Text\",\n                            \"id\": \"changeUserMail\",\n                            \"placeholder\": \"Enter mail address\",\n                             \"style\": \"email\"  \n                        },\n                        {\n                            \"type\": \"TextBlock\",\n                            \"text\": \"New Request\",\n                            \"wrap\": true\n                        },\n                        {\n                            \"type\": \"Input.Text\",\n                            \"id\": \"New Request\",\n                            \"placeholder\": \"Enter the request\",\n                             \"isMultiline\": true\n                        },\n                       {\n                            \"type\": \"TextBlock\",\n                            \"text\": \"New Duration\",\n                            \"wrap\": true\n                        },\n                        {\n                            \"type\": \"Input.Number\",\n                            \"id\": \"New Duration\",\n                            \"placeholder\": \"Enter the Duration\"\n                        },\n                            {\n                            \"type\": \"TextBlock\",\n                            \"text\": \"Duration Units\",\n                            \"wrap\": true\n                        },\n                       {\n\t\t\t\"type\": \"Input.ChoiceSet\",\n\t\t\t\"id\": \"Duration time\",\n\t\t\t\"style\": \"compact\",\n\t\t\t\"isMultiSelect\": false,\n\t\t\t\"value\": \"1\",\n\t\t\t\"choices\": [\n\t\t\t\t{\n\t\t\t\t\t\"title\": \"Day\",\n\t\t\t\t\t\"value\": \"1\"\n\t\t\t\t}\n\t\t\t]\n\t\t       }\n                    ]\n                }\n            ]\n        }\n    ],\n    \"actions\": [\n        {\n            \"type\": \"Action.Submit\",\n            \"title\": \"Submit\"\n        }\n    ]\n}","updateMessage":"Success","shouldUpdateCard":true}},"path":"/flowbot/actions/flowcontinuation/recipienttypes/user/$subscriptions","authentication":"@parameters('$authentication')"}},"Condition_23":{"actions":{},"runAfter":{"Post_an_Adaptive_Card_to_a_Teams_user_and_wait_for_a_response_8":["Succeeded"]},"else":{"actions":{"Append_to_string_variable_8":{"runAfter":{},"type":"AppendToStringVariable","inputs":{"name":"approversListtemp","value":"@{body('Post_an_Adaptive_Card_to_a_Teams_user_and_wait_for_a_response_8')?['data']?['changeUserMail']};"}},"Append_to_array_variable_27":{"runAfter":{"Append_to_string_variable_8":["Succeeded"]},"type":"AppendToArrayVariable","inputs":{"name":"approverslist","value":"@body('Post_an_Adaptive_Card_to_a_Teams_user_and_wait_for_a_response_8')?['data']?['changeUserMail']"}}}},"expression":{"equals":["@body('Post_an_Adaptive_Card_to_a_Teams_user_and_wait_for_a_response_8')?['data']?['changeUserMail']",""]},"type":"If"}}}},"default":{"actions":{}},"expression":"@items('Apply_to_each_25')?['Response']","type":"Switch"}},"runAfter":{"Set_Approver_Array_variable_to_empty_2":["Succeeded"]},"type":"Foreach"},"Set_Approver_variable_to_empty_2":{"runAfter":{"Get_all_responses_in_array_2":["Succeeded"]},"type":"SetVariable","inputs":{"name":"approversListtemp","value":"@{null}"}},"Condition_18":{"actions":{"set_ApprovalDone_to_true_2":{"runAfter":{},"type":"SetVariable","inputs":{"name":"approvalDone","value":"@true"}}},"runAfter":{"Apply_to_each_25":["Succeeded"]},"expression":{"equals":["@length(body('Get_all_responses_in_array_2'))","@variables('count')"]},"type":"If"},"Set_variable_31":{"runAfter":{},"type":"SetVariable","inputs":{"name":"count","value":0}},"Create_an_approval_4":{"runAfter":{"Set_variable_31":["Succeeded"]},"metadata":{"flowSystemMetadata":{"swaggerOperationId":"CreateAnApproval"}},"type":"ApiConnection","inputs":{"host":{"connection":{"name":"@parameters('$connections')['shared_approvals']['connectionId']"},"api":{"runtimeUrl":"https://europe-002.azure-apim.net/apim/approvals"}},"method":"post","body":{"responseOptions":["Send Feed back","Request for change","Reasign"],"title":"Please provide feedback : '@{body('Get_item')['Title']}'","assignedTo":"@variables('approversListtemp')","details":"The item '@{body('Get_item')['Title']}' is submitted for feed back by @{body('Get_item')?['Author']?['DisplayName']} due by @{variables('Duedate')}.\n\nPlease review, and then approve or reject the request.","itemLink":"@body('Get_item')?['{Link}']","enableNotifications":true,"enableReassignment":true},"path":"/types/@{encodeURIComponent('CustomResponseAwaitAll')}","authentication":"@parameters('$authentication')"}},"Set_Approver_Array_variable_to_empty_2":{"runAfter":{"Set_Approver_variable_to_empty_2":["Succeeded"]},"type":"SetVariable","inputs":{"name":"approverslist","value":[]}},"Condition_21":{"actions":{"Compose_6":{"runAfter":{},"type":"Compose","inputs":{"Name":"@{body('Get_item')['Title']}","Approver":"@{variables('approversListtemp')}","RequestedBy":"@{variables('Requester mail')}","DueDate":"@{variables('Duedate')}","Status":"InProgress","ApprovalLink":"@{body('Create_an_approval_4')?['respondLink']}"}},"Send_an_HTTP_request_to_SharePoint_7":{"runAfter":{"Compose_6":["Succeeded"]},"metadata":{"flowSystemMetadata":{"swaggerOperationId":"HttpRequest"}},"type":"ApiConnection","inputs":{"host":{"connection":{"name":"@parameters('$connections')['shared_sharepointonline']['connectionId']"},"api":{"runtimeUrl":"https://europe-002.azure-apim.net/apim/sharepointonline"}},"method":"post","body":{"method":"POST","uri":"_vti_bin/client.svc/ProcessQuery","headers":{"Content-Type":"text/xml;charset=\"UTF-8\"","X-Requested-With":"XMLHTTPRequest","Accept":"*/*"},"body":"<Request xmlns=\"http://schemas.microsoft.com/sharepoint/clientquery/2009\" SchemaVersion=\"15.0.0.0\" LibraryVersion=\"16.0.0.0\" ApplicationName=\"Javascript Library\">\n    <Actions>\n          <Method Name=\"SetFieldValue\" Id=\"6\" ObjectPathId=\"3\">\n            <Parameters>\n                <Parameter Type=\"String\">remainder</Parameter>\n                <Parameter Type=\"String\">@{outputs('Compose_6')}</Parameter>\n            </Parameters>\n        </Method>\n        <Method Name=\"SystemUpdate\" Id=\"5\" ObjectPathId=\"3\" />\n    </Actions>\n    <ObjectPaths>\n        <Property Id=\"1\" ParentId=\"0\" Name=\"Web\" />\n        <Method Id=\"2\" ParentId=\"1\" Name=\"GetList\">\n            <Parameters>\n                <Parameter Type=\"String\">/sites/TestMdsSite/Lists/cfblist</Parameter>\n            </Parameters>\n        </Method>\n        <Method Id=\"3\" ParentId=\"2\" Name=\"GetItemById\">\n            <Parameters>\n                <Parameter Type=\"Number\">@{variables('item id')}</Parameter>\n            </Parameters>\n        </Method>\n        <StaticProperty Id=\"0\" TypeId=\"{3747adcd-a3c3-41b9-bfab-4a64dd2f1e0a}\" Name=\"Current\" />\n    </ObjectPaths>\n</Request>"},"path":"/datasets/@{encodeURIComponent(encodeURIComponent('https://ronvanderhamdevelopment.sharepoint.com/sites/TestMdsSite'))}/httprequest","authentication":"@parameters('$authentication')"}}},"runAfter":{"Create_an_approval_4":["Succeeded"]},"expression":{"not":{"equals":["@variables('Duedate')","None"]}},"type":"If"},"Condition_24":{"actions":{"Compose_2":{"runAfter":{},"type":"Compose","inputs":{"Name":"@{body('Get_item')['Title']}","Approver":"@{variables('approversListtemp')}","RequestedBy":"@{variables('Requester mail')}","DueDate":"@{variables('Duedate')}","Status":"Completed","ApprovalLink":"@{body('Create_an_approval_4')?['respondLink']}"}},"Send_an_HTTP_request_to_SharePoint_8":{"runAfter":{"Compose_2":["Succeeded"]},"metadata":{"flowSystemMetadata":{"swaggerOperationId":"HttpRequest"}},"type":"ApiConnection","inputs":{"host":{"connection":{"name":"@parameters('$connections')['shared_sharepointonline']['connectionId']"},"api":{"runtimeUrl":"https://europe-002.azure-apim.net/apim/sharepointonline"}},"method":"post","body":{"method":"POST","uri":"_vti_bin/client.svc/ProcessQuery","headers":{"Content-Type":"text/xml;charset=\"UTF-8\"","X-Requested-With":"XMLHTTPRequest","Accept":"*/*"},"body":"<Request xmlns=\"http://schemas.microsoft.com/sharepoint/clientquery/2009\" SchemaVersion=\"15.0.0.0\" LibraryVersion=\"16.0.0.0\" ApplicationName=\"Javascript Library\">\n    <Actions>\n          <Method Name=\"SetFieldValue\" Id=\"6\" ObjectPathId=\"3\">\n            <Parameters>\n                <Parameter Type=\"String\">remainder</Parameter>\n                <Parameter Type=\"String\">@{outputs('Compose_2')}</Parameter>\n            </Parameters>\n        </Method>\n        <Method Name=\"SystemUpdate\" Id=\"5\" ObjectPathId=\"3\" />\n    </Actions>\n    <ObjectPaths>\n        <Property Id=\"1\" ParentId=\"0\" Name=\"Web\" />\n        <Method Id=\"2\" ParentId=\"1\" Name=\"GetList\">\n            <Parameters>\n                <Parameter Type=\"String\">/sites/TestMdsSite/Lists/cfblist</Parameter>\n            </Parameters>\n        </Method>\n        <Method Id=\"3\" ParentId=\"2\" Name=\"GetItemById\">\n            <Parameters>\n                <Parameter Type=\"Number\">@{variables('item id')}</Parameter>\n            </Parameters>\n        </Method>\n        <StaticProperty Id=\"0\" TypeId=\"{3747adcd-a3c3-41b9-bfab-4a64dd2f1e0a}\" Name=\"Current\" />\n    </ObjectPaths>\n</Request>"},"path":"/datasets/@{encodeURIComponent(encodeURIComponent('https://ronvanderhamdevelopment.sharepoint.com/sites/TestMdsSite'))}/httprequest","authentication":"@parameters('$authentication')"}}},"runAfter":{"Wait_for_an_approval_4":["Succeeded"]},"expression":{"not":{"equals":["@variables('Duedate')","None"]}},"type":"If"}},"runAfter":{},"expression":"@equals(variables('approvalDone'), true)","limit":{"count":60,"timeout":"PT720H"},"type":"Until"}},"runAfter":{"Condition_assign_members_for_stage":["Succeeded"]},"else":{"actions":{"Do_until_4":{"actions":{"Set_approval_done_variable":{"runAfter":{},"type":"SetVariable","inputs":{"name":"approvalDone","value":"@false"}},"Condition_Checking_due_date_2":{"actions":{"Condition_2":{"actions":{"Day_condition_3":{"actions":{"Set_variable_23":{"runAfter":{},"type":"SetVariable","inputs":{"name":"Duedate","value":"@{addDays(utcNow(), variables('Duration per task'), 'yyyy-MM-dd')}"}}},"runAfter":{},"else":{"actions":{"Set_variable_24":{"runAfter":{},"type":"SetVariable","inputs":{"name":"Duedate","value":"@variables('tempdue')"}}}},"expression":{"less":["@addDays(utcNow(), variables('Duration per task'), 'yyyy-MM-dd')","@variables('tempdue')"]},"type":"If"}},"runAfter":{},"expression":{"not":{"equals":["@variables('Duration per task')",0]}},"type":"If"}},"runAfter":{"Do_until_5":["Succeeded"]},"else":{"actions":{"Condition_7":{"actions":{"Set_variable_25":{"runAfter":{},"type":"SetVariable","inputs":{"name":"Duedate","value":"@{addDays(utcNow(), variables('Duration per task'), 'yyyy-MM-dd')}"}}},"runAfter":{},"else":{"actions":{"Set_variable_26":{"runAfter":{},"type":"SetVariable","inputs":{"name":"Duedate","value":"None"}}}},"expression":{"not":{"equals":["@variables('Duration per task')",0]}},"type":"If"}}},"expression":{"not":{"equals":["@variables('tempdue')",""]}},"type":"If"},"Condition_check_last_value_of_array_2":{"actions":{"Set_variable_27":{"runAfter":{},"type":"SetVariable","inputs":{"name":"check","value":"@true"}}},"runAfter":{"Increment_variable_4":["Succeeded"]},"expression":{"equals":["@variables('Array index no')","@length(variables('approverslist'))"]},"type":"If"},"Do_until_5":{"actions":{"Create_an_approval_2":{"runAfter":{},"metadata":{"flowSystemMetadata":{"swaggerOperationId":"CreateAnApproval"}},"type":"ApiConnection","inputs":{"host":{"connection":{"name":"@parameters('$connections')['shared_approvals']['connectionId']"},"api":{"runtimeUrl":"https://europe-002.azure-apim.net/apim/approvals"}},"method":"post","body":{"responseOptions":["Send Feed back","Request for change","Reasign"],"title":"Please provide feed back : '@{body('Get_item')['Title']}'","assignedTo":"@{variables('Assignedto')};","details":"The item '@{body('Get_item')['Title']}' is submitted for feedback by @{body('Get_item')?['Author']?['DisplayName']}  due by @{variables('Duedate')}.\n\nPlease review","enableNotifications":true,"enableReassignment":true},"path":"/types/@{encodeURIComponent('CustomResponse')}","authentication":"@parameters('$authentication')"}},"Set_variable_28":{"runAfter":{"Condition_30":["Succeeded"]},"type":"SetVariable","inputs":{"name":"approvalRespondLink","value":"@body('Create_an_approval_2')?['respondLink']"}},"Wait_for_an_approval_2":{"runAfter":{"Set_variable_28":["Succeeded"]},"metadata":{"flowSystemMetadata":{"swaggerOperationId":"WaitForAnApproval"}},"type":"ApiConnectionWebhook","inputs":{"host":{"connection":{"name":"@parameters('$connections')['shared_approvals']['connectionId']"},"api":{"runtimeUrl":"https://europe-002.azure-apim.net/apim/approvals"}},"body":{"notificationUrl":"@{listCallbackUrl()}"},"path":"/approvals/@{encodeURIComponent(body('Create_an_approval_2')?['name'])}/subscriptions","authentication":"@parameters('$authentication')"}},"Switch_outcome_results_2":{"runAfter":{"Condition_33":["Succeeded"]},"cases":{"Case":{"case":"Send Feed back","actions":{"Set_variable_29":{"runAfter":{},"type":"SetVariable","inputs":{"name":"approvalDone","value":"@true"}},"Select_9":{"runAfter":{"Set_variable_29":["Succeeded"]},"type":"Select","inputs":{"from":"@body('Wait_for_an_approval_2')?['responses']","select":{"Approver":"@item()?['responder']?['displayName']","Comments":"@if(empty(item()?['comments']), 'No comments', item()['comments'])","Response":"@item()?['approverResponse']"}}},"Apply_to_each_19":{"foreach":"@body('Select_9')","actions":{"Append_to_array_variable_17":{"runAfter":{},"type":"AppendToArrayVariable","inputs":{"name":"Mail response","value":"@item()"}}},"runAfter":{"Select_9":["Succeeded"]},"type":"Foreach"}}},"Case_2":{"case":"Request for change","actions":{"Post_an_Adaptive_Card_to_a_Teams_user_and_wait_for_a_response_5":{"runAfter":{},"metadata":{"flowSystemMetadata":{"swaggerOperationId":"SubscribeUserFlowContinuation"}},"type":"ApiConnectionWebhook","inputs":{"host":{"connection":{"name":"@parameters('$connections')['shared_teams']['connectionId']"},"api":{"runtimeUrl":"https://europe-002.azure-apim.net/apim/teams"}},"body":{"notificationUrl":"@{listCallbackUrl()}","body":{"recipient":{"to":"@{variables('Assignedto')};"},"messageBody":"{\n    \"$schema\": \"http://adaptivecards.io/schemas/adaptive-card.json\",\n    \"type\": \"AdaptiveCard\",\n    \"version\": \"1.0\",\n    \"body\": [\n        {\n            \"type\": \"ColumnSet\",\n            \"columns\": [\n                {\n                    \"type\": \"Column\",\n                    \"width\": 2,\n                    \"items\": [\n                        {\n                            \"type\": \"TextBlock\",\n                            \"text\": \"Please fill below details for request change\",\n                            \"weight\": \"Bolder\",\n                            \"size\": \"Medium\"\n                        },\n                        {\n                            \"type\": \"TextBlock\",\n                            \"text\": \"Request Change From\",\n                            \"wrap\": true\n                        },\n                        {\n                            \"type\": \"Input.Text\",\n                            \"id\": \"changeUserMail\",\n                            \"placeholder\": \"Enter mail address\",\n                             \"style\": \"email\"  \n                        },\n                        {\n                            \"type\": \"TextBlock\",\n                            \"text\": \"New Request\",\n                            \"wrap\": true\n                        },\n                        {\n                            \"type\": \"Input.Text\",\n                            \"id\": \"New Request\",\n                            \"placeholder\": \"Enter the request\",\n                             \"isMultiline\": true\n                        },\n                       {\n                            \"type\": \"TextBlock\",\n                            \"text\": \"New Duration\",\n                            \"wrap\": true\n                        },\n                        {\n                            \"type\": \"Input.Number\",\n                            \"id\": \"New Duration\",\n                            \"placeholder\": \"Enter the Duration\"\n                        },\n                            {\n                            \"type\": \"TextBlock\",\n                            \"text\": \"Duration Units\",\n                            \"wrap\": true\n                        },\n                       {\n\t\t\t\"type\": \"Input.ChoiceSet\",\n\t\t\t\"id\": \"Duration time\",\n\t\t\t\"style\": \"compact\",\n\t\t\t\"isMultiSelect\": false,\n\t\t\t\"value\": \"1\",\n\t\t\t\"choices\": [\n\t\t\t\t{\n\t\t\t\t\t\"title\": \"Day\",\n\t\t\t\t\t\"value\": \"1\"\n\t\t\t\t}\n\t\t\t]\n\t\t       }\n                    ]\n                }\n            ]\n        }\n    ],\n    \"actions\": [\n        {\n            \"type\": \"Action.Submit\",\n            \"title\": \"Submit\"\n        }\n    ]\n}","updateMessage":"Successfully sumbitted","shouldUpdateCard":true}},"path":"/flowbot/actions/flowcontinuation/recipienttypes/user/$subscriptions","authentication":"@parameters('$authentication')"}},"Condition_10":{"actions":{"Select_10":{"runAfter":{},"type":"Select","inputs":{"from":"@body('Wait_for_an_approval_2')?['responses']","select":{"Approver":"@item()?['responder']?['displayName']","Comments":"@body('Post_an_Adaptive_Card_to_a_Teams_user_and_wait_for_a_response_5')?['data']?['new Request']","Response":"@item()?['approverResponse']","Requestor":"@variables('Requester mail')"}}},"Apply_to_each_20":{"foreach":"@body('Select_10')","actions":{"Append_to_array_variable_18":{"runAfter":{},"type":"AppendToArrayVariable","inputs":{"name":"Mail response","value":"@items('Apply_to_each_20')"}}},"runAfter":{"Select_10":["Succeeded"]},"type":"Foreach"},"Start_and_wait_for_an_approval_5":{"runAfter":{"Apply_to_each_20":["Succeeded"]},"metadata":{"flowSystemMetadata":{"swaggerOperationId":"StartAndWaitForAnApproval"}},"type":"ApiConnectionWebhook","inputs":{"host":{"connection":{"name":"@parameters('$connections')['shared_approvals']['connectionId']"},"api":{"runtimeUrl":"https://europe-002.azure-apim.net/apim/approvals"}},"body":{"notificationUrl":"@{listCallbackUrl()}","responseOptions":["Send Response"],"title":"Requested for Change ","assignedTo":"@{variables('Requester mail')};","details":"Requested for changes in  by @{variables('Assignedto')}\ndue by @{addDays(utcNow(), int(body('Post_an_Adaptive_Card_to_a_Teams_user_and_wait_for_a_response_5')?['data']?['new Duration']), 'yyyy-MM-dd')}\n\nComments:\n@{body('Post_an_Adaptive_Card_to_a_Teams_user_and_wait_for_a_response_5')?['data']?['new Request']}","enableNotifications":true,"enableReassignment":true},"path":"/types/@{encodeURIComponent('CustomResponse')}/subscriptions","authentication":"@parameters('$authentication')"}},"Condition_11":{"actions":{"Select_11":{"runAfter":{},"type":"Select","inputs":{"from":"@body('Start_and_wait_for_an_approval_5')?['responses']","select":{"Comments":"@if(empty(item()?['comments']), 'No comments', item()['comments'])","Response":"@item()?['approverResponse']","Requestor":"@item()?['responder']?['displayName']","Approver":"@body('Post_an_Adaptive_Card_to_a_Teams_user_and_wait_for_a_response_5')?['responder']?['displayName']"}}},"Apply_to_each_21":{"foreach":"@body('Select_11')","actions":{"Append_to_array_variable_19":{"runAfter":{},"type":"AppendToArrayVariable","inputs":{"name":"Mail response","value":"@items('Apply_to_each_21')"}}},"runAfter":{"Select_11":["Succeeded"]},"type":"Foreach"}},"runAfter":{"Start_and_wait_for_an_approval_5":["Succeeded"]},"expression":{"equals":["@body('Start_and_wait_for_an_approval_5')?['outcome']","Send Response"]},"type":"If"}},"runAfter":{"Post_an_Adaptive_Card_to_a_Teams_user_and_wait_for_a_response_5":["Succeeded"]},"else":{"actions":{"Select_12":{"runAfter":{},"type":"Select","inputs":{"from":"@body('Wait_for_an_approval_2')?['responses']","select":{"Approver":"@item()?['responder']?['displayName']","Comments":"@body('Post_an_Adaptive_Card_to_a_Teams_user_and_wait_for_a_response_5')?['data']?['new Request']","Response":"@item()?['approverResponse']","Requestor":"@body('Post_an_Adaptive_Card_to_a_Teams_user_and_wait_for_a_response_5')?['data']?['changeUserMail']"}}},"Apply_to_each_22":{"foreach":"@body('Select_12')","actions":{"Append_to_array_variable_20":{"runAfter":{},"type":"AppendToArrayVariable","inputs":{"name":"Mail response","value":"@items('Apply_to_each_22')"}}},"runAfter":{"Select_12":["Succeeded"]},"type":"Foreach"},"Start_and_wait_for_an_approval_6":{"runAfter":{"Apply_to_each_22":["Succeeded"]},"metadata":{"flowSystemMetadata":{"swaggerOperationId":"StartAndWaitForAnApproval"}},"type":"ApiConnectionWebhook","inputs":{"host":{"connection":{"name":"@parameters('$connections')['shared_approvals']['connectionId']"},"api":{"runtimeUrl":"https://europe-002.azure-apim.net/apim/approvals"}},"body":{"notificationUrl":"@{listCallbackUrl()}","responseOptions":["Send Response"],"title":"Requested for Change ","assignedTo":"@{body('Post_an_Adaptive_Card_to_a_Teams_user_and_wait_for_a_response_5')?['data']?['changeUserMail']};","details":"Requested for changes in  by @{variables('Assignedto')}\nDue by @{addDays(utcNow(), int(body('Post_an_Adaptive_Card_to_a_Teams_user_and_wait_for_a_response_5')?['data']?['new Duration']), 'yyyy-MM-dd')}\n\nBelow are comnents\n@{body('Post_an_Adaptive_Card_to_a_Teams_user_and_wait_for_a_response_5')?['data']?['new Request']}","enableNotifications":true,"enableReassignment":true},"path":"/types/@{encodeURIComponent('CustomResponse')}/subscriptions","authentication":"@parameters('$authentication')"}},"Condition_12":{"actions":{"Select_13":{"runAfter":{},"type":"Select","inputs":{"from":"@body('Start_and_wait_for_an_approval_6')?['responses']","select":{"Comments":"@if(empty(item()?['comments']), 'No comments', item()['comments'])","Response":"@item()?['approverResponse']","Requestor":"@item()?['responder']?['displayName']","Approver":"@body('Post_an_Adaptive_Card_to_a_Teams_user_and_wait_for_a_response_5')?['responder']?['displayName']"}}},"Apply_to_each_23":{"foreach":"@body('Select_13')","actions":{"Append_to_array_variable_21":{"runAfter":{},"type":"AppendToArrayVariable","inputs":{"name":"Mail response","value":"@items('Apply_to_each_23')"}}},"runAfter":{"Select_13":["Succeeded"]},"type":"Foreach"}},"runAfter":{"Start_and_wait_for_an_approval_6":["Succeeded"]},"expression":{"equals":["@body('Start_and_wait_for_an_approval_6')?['outcome']","Send Response"]},"type":"If"}}},"expression":{"equals":["@body('Post_an_Adaptive_Card_to_a_Teams_user_and_wait_for_a_response_5')?['data']?['changeUserMail']",""]},"type":"If"}}},"Case_3":{"case":"Reasign","actions":{"Post_an_Adaptive_Card_to_a_Teams_user_and_wait_for_a_response_6":{"runAfter":{},"metadata":{"flowSystemMetadata":{"swaggerOperationId":"SubscribeUserFlowContinuation"}},"type":"ApiConnectionWebhook","inputs":{"host":{"connection":{"name":"@parameters('$connections')['shared_teams']['connectionId']"},"api":{"runtimeUrl":"https://europe-002.azure-apim.net/apim/teams"}},"body":{"notificationUrl":"@{listCallbackUrl()}","body":{"recipient":{"to":"@{variables('Assignedto')};"},"messageBody":"{\n    \"$schema\": \"http://adaptivecards.io/schemas/adaptive-card.json\",\n    \"type\": \"AdaptiveCard\",\n    \"version\": \"1.0\",\n    \"body\": [\n        {\n            \"type\": \"ColumnSet\",\n            \"columns\": [\n                {\n                    \"type\": \"Column\",\n                    \"width\": 2,\n                    \"items\": [\n                        {\n                            \"type\": \"TextBlock\",\n                            \"text\": \"Please fill below details for reassign\",\n                            \"weight\": \"Bolder\",\n                            \"size\": \"Medium\"\n                        },\n                        {\n                            \"type\": \"TextBlock\",\n                            \"text\": \"Reassign To\",\n                            \"wrap\": true\n                        },\n                        {\n                            \"type\": \"Input.Text\",\n                            \"id\": \"changeUserMail\",\n                            \"placeholder\": \"Enter mail address\",\n                             \"style\": \"email\",\n                              \"isRequired\":true\n                        },\n                        {\n                            \"type\": \"TextBlock\",\n                            \"text\": \"New Request\",\n                            \"wrap\": true\n                        },\n                        {\n                            \"type\": \"Input.Text\",\n                            \"id\": \"New Request\",\n                            \"placeholder\": \"Enter the request\",\n                             \"isMultiline\": true\n                        },\n                       {\n                            \"type\": \"TextBlock\",\n                            \"text\": \"New Duration\",\n                            \"wrap\": true\n                        },\n                        {\n                            \"type\": \"Input.Number\",\n                            \"id\": \"New Duration\",\n                            \"placeholder\": \"Enter the Duration\"\n                        },\n                            {\n                            \"type\": \"TextBlock\",\n                            \"text\": \"Duration Units\",\n                            \"wrap\": true\n                        },\n                       {\n\t\t\t\"type\": \"Input.ChoiceSet\",\n\t\t\t\"id\": \"Duration time\",\n\t\t\t\"style\": \"compact\",\n\t\t\t\"isMultiSelect\": false,\n\t\t\t\"value\": \"1\",\n\t\t\t\"choices\": [\n\t\t\t\t{\n\t\t\t\t\t\"title\": \"Day\",\n\t\t\t\t\t\"value\": \"1\"\n\t\t\t\t}\n\t\t\t]\n\t\t       }\n                    ]\n                }\n            ]\n        }\n    ],\n    \"actions\": [\n        {\n            \"type\": \"Action.Submit\",\n            \"title\": \"Submit\"\n        }\n    ]\n}","updateMessage":"Successfully Submitted","shouldUpdateCard":true}},"path":"/flowbot/actions/flowcontinuation/recipienttypes/user/$subscriptions","authentication":"@parameters('$authentication')"}},"Select_14":{"runAfter":{"Post_an_Adaptive_Card_to_a_Teams_user_and_wait_for_a_response_6":["Succeeded"]},"type":"Select","inputs":{"from":"@body('Wait_for_an_approval_2')?['responses']","select":{"Reassigned to":"@body('Post_an_Adaptive_Card_to_a_Teams_user_and_wait_for_a_response_6')?['data']?['changeUserMail']","Response":"@item()?['approverResponse']","Requestor":"@variables('Requester mail')"}}},"Apply_to_each_24":{"foreach":"@body('Select_14')","actions":{"Append_to_array_variable_22":{"runAfter":{},"type":"AppendToArrayVariable","inputs":{"name":"Mail response","value":"@items('Apply_to_each_24')"}}},"runAfter":{"Select_14":["Succeeded"]},"type":"Foreach"},"Set_variable_30":{"runAfter":{"Apply_to_each_24":["Succeeded"]},"type":"SetVariable","inputs":{"name":"Assignedto","value":"@{body('Post_an_Adaptive_Card_to_a_Teams_user_and_wait_for_a_response_6')?['data']?['changeUserMail']}"}}}}},"default":{"actions":{}},"expression":"@body('Wait_for_an_approval_2')?['outcome']","type":"Switch"},"Condition_30":{"actions":{"Compose":{"runAfter":{},"type":"Compose","inputs":{"Name":"@{body('Get_item')['Title']}","Approver":"@{variables('Assignedto')}","RequestedBy":"@{variables('Requester mail')}","DueDate":"@{variables('Duedate')}","Status":"InProgress","ApprovalLink":"@{body('Create_an_approval_2')?['respondLink']}"}},"Send_an_HTTP_request_to_SharePoint_5":{"runAfter":{"Compose":["Succeeded"]},"metadata":{"flowSystemMetadata":{"swaggerOperationId":"HttpRequest"}},"type":"ApiConnection","inputs":{"host":{"connection":{"name":"@parameters('$connections')['shared_sharepointonline']['connectionId']"},"api":{"runtimeUrl":"https://europe-002.azure-apim.net/apim/sharepointonline"}},"method":"post","body":{"method":"POST","uri":"_vti_bin/client.svc/ProcessQuery","headers":{"Content-Type":"text/xml;charset=\"UTF-8\"","X-Requested-With":"XMLHTTPRequest","Accept":"*/*"},"body":"<Request xmlns=\"http://schemas.microsoft.com/sharepoint/clientquery/2009\" SchemaVersion=\"15.0.0.0\" LibraryVersion=\"16.0.0.0\" ApplicationName=\"Javascript Library\">\n    <Actions>\n          <Method Name=\"SetFieldValue\" Id=\"6\" ObjectPathId=\"3\">\n            <Parameters>\n                <Parameter Type=\"String\">remainder</Parameter>\n                <Parameter Type=\"String\">@{outputs('Compose')}</Parameter>\n            </Parameters>\n        </Method>\n        <Method Name=\"SystemUpdate\" Id=\"5\" ObjectPathId=\"3\" />\n    </Actions>\n    <ObjectPaths>\n        <Property Id=\"1\" ParentId=\"0\" Name=\"Web\" />\n        <Method Id=\"2\" ParentId=\"1\" Name=\"GetList\">\n            <Parameters>\n                <Parameter Type=\"String\">/sites/TestMdsSite/Lists/cfblist</Parameter>\n            </Parameters>\n        </Method>\n        <Method Id=\"3\" ParentId=\"2\" Name=\"GetItemById\">\n            <Parameters>\n                <Parameter Type=\"Number\">@{variables('item id')}</Parameter>\n            </Parameters>\n        </Method>\n        <StaticProperty Id=\"0\" TypeId=\"{3747adcd-a3c3-41b9-bfab-4a64dd2f1e0a}\" Name=\"Current\" />\n    </ObjectPaths>\n</Request>"},"path":"/datasets/@{encodeURIComponent(encodeURIComponent('https://ronvanderhamdevelopment.sharepoint.com/sites/TestMdsSite'))}/httprequest","authentication":"@parameters('$authentication')"}}},"runAfter":{"Create_an_approval_2":["Succeeded"]},"expression":{"not":{"equals":["@variables('Duedate')","None"]}},"type":"If"},"Condition_33":{"actions":{"Compose_3":{"runAfter":{},"type":"Compose","inputs":{"Name":"@{body('Get_item')['Title']}","Approver":"@{variables('Assignedto')}","RequestedBy":"@{variables('Requester mail')}","DueDate":"@{variables('Duedate')}","Status":"Completed","ApprovalLink":"@{body('Create_an_approval_2')?['respondLink']}"}},"Send_an_HTTP_request_to_SharePoint_6":{"runAfter":{"Compose_3":["Succeeded"]},"metadata":{"flowSystemMetadata":{"swaggerOperationId":"HttpRequest"}},"type":"ApiConnection","inputs":{"host":{"connection":{"name":"@parameters('$connections')['shared_sharepointonline']['connectionId']"},"api":{"runtimeUrl":"https://europe-002.azure-apim.net/apim/sharepointonline"}},"method":"post","body":{"method":"POST","uri":"_vti_bin/client.svc/ProcessQuery","headers":{"Content-Type":"text/xml;charset=\"UTF-8\"","X-Requested-With":"XMLHTTPRequest","Accept":"*/*"},"body":"<Request xmlns=\"http://schemas.microsoft.com/sharepoint/clientquery/2009\" SchemaVersion=\"15.0.0.0\" LibraryVersion=\"16.0.0.0\" ApplicationName=\"Javascript Library\">\n    <Actions>\n          <Method Name=\"SetFieldValue\" Id=\"6\" ObjectPathId=\"3\">\n            <Parameters>\n                <Parameter Type=\"String\">remainder</Parameter>\n                <Parameter Type=\"String\">@{outputs('Compose_3')}</Parameter>\n            </Parameters>\n        </Method>\n        <Method Name=\"SystemUpdate\" Id=\"5\" ObjectPathId=\"3\" />\n    </Actions>\n    <ObjectPaths>\n        <Property Id=\"1\" ParentId=\"0\" Name=\"Web\" />\n        <Method Id=\"2\" ParentId=\"1\" Name=\"GetList\">\n            <Parameters>\n                <Parameter Type=\"String\">/sites/TestMdsSite/Lists/cfblist</Parameter>\n            </Parameters>\n        </Method>\n        <Method Id=\"3\" ParentId=\"2\" Name=\"GetItemById\">\n            <Parameters>\n                <Parameter Type=\"Number\">@{variables('item id')}</Parameter>\n            </Parameters>\n        </Method>\n        <StaticProperty Id=\"0\" TypeId=\"{3747adcd-a3c3-41b9-bfab-4a64dd2f1e0a}\" Name=\"Current\" />\n    </ObjectPaths>\n</Request>"},"path":"/datasets/@{encodeURIComponent(encodeURIComponent('https://ronvanderhamdevelopment.sharepoint.com/sites/TestMdsSite'))}/httprequest","authentication":"@parameters('$authentication')"}}},"runAfter":{"Wait_for_an_approval_2":["Succeeded"]},"expression":{"not":{"equals":["@variables('Duedate')","None"]}},"type":"If"}},"runAfter":{"Set_Assigned_to_variable_2":["Succeeded"]},"expression":"@equals(variables('approvalDone'), true)","limit":{"count":60,"timeout":"PT720H"},"type":"Until"},"Set_Assigned_to_variable_2":{"runAfter":{"Set_approval_done_variable":["Succeeded"]},"type":"SetVariable","inputs":{"name":"Assignedto","value":"@{variables('approverslist')[variables('Array index no')]}"}},"Increment_variable_4":{"runAfter":{"Condition_Checking_due_date_2":["Succeeded"]},"type":"IncrementVariable","inputs":{"name":"Array index no","value":1}}},"runAfter":{},"expression":"@equals(variables('check'), true)","limit":{"count":60,"timeout":"PT720H"},"type":"Until"}}},"expression":{"equals":["@variables('order')","All at once (Parellel)"]},"type":"If"},"Set_variable":{"runAfter":{"Condition_serial_or_parallel_2":["Succeeded"]},"type":"SetVariable","inputs":{"name":"Array index no","value":0}},"Set_variable_3":{"runAfter":{"Set_variable":["Succeeded"]},"type":"SetVariable","inputs":{"name":"approversListtemp","value":"@{null}"}},"Set_variable_4":{"runAfter":{"Set_variable_3":["Succeeded"]},"type":"SetVariable","inputs":{"name":"approverslist","value":[]}},"Set_variable_9":{"runAfter":{"Set_variable_4":["Succeeded"]},"type":"SetVariable","inputs":{"name":"Approver parel temp","value":"@{null}"}},"Set_variable_10":{"runAfter":{"Set_variable_9":["Succeeded"]},"type":"SetVariable","inputs":{"name":"Approver parel temp1","value":"@{null}"}},"Set_variable_11":{"runAfter":{"Set_variable_10":["Succeeded"]},"type":"SetVariable","inputs":{"name":"Task list Id","value":[]}},"Set_variable_12":{"runAfter":{"Set_variable_11":["Succeeded"]},"type":"SetVariable","inputs":{"name":"Index no","value":0}},"Condition_stage_last":{"actions":{"Set_variable_13":{"runAfter":{},"type":"SetVariable","inputs":{"name":"Stage","value":"@true"}}},"runAfter":{"Set_variable_12":["Succeeded"]},"expression":{"equals":["@variables('Array of stage')[variables('Stage Index no')]","@last(variables('Array of stage'))"]},"type":"If"},"Increment_variable":{"runAfter":{"Condition_stage_last":["Succeeded"]},"type":"IncrementVariable","inputs":{"name":"Stage Index no","value":1}},"Set_O365_mail_variable_":{"runAfter":{"Set_sharepoint_group_variable_if_applicable_for_stage":["Succeeded"]},"type":"SetVariable","inputs":{"name":"O365 group mail","value":"@variables('Array of stage')[variables('Stage Index no')]?['O365 mail']"}},"Condition_assign_members_for_stage":{"actions":{"Condition_6":{"actions":{"Set_variable_15":{"runAfter":{},"type":"SetVariable","inputs":{"name":"approversListtemp","value":"@{variables('Assignee members')};"}},"Condition_3":{"actions":{"Apply_to_each_8":{"foreach":"@split(variables('O365 group mail'), ';')","actions":{"getgroupDetails_2":{"runAfter":{},"metadata":{"flowSystemMetadata":{"swaggerOperationId":"getgroupDetails"}},"type":"ApiConnection","inputs":{"host":{"connection":{"name":"@parameters('$connections')['shared_testgroupmember-5f94d32d166053e5df-5f77ca1c62a90586bd']['connectionId']"},"api":{"runtimeUrl":"https://europe-002.azure-apim.net/apim/testgroupmember-5f94d32d166053e5df-5f77ca1c62a90586bd"}},"method":"get","path":"/v1.0/groups","queries":{"$filter":"mail eq '@{items('Apply_to_each_8')}'"},"authentication":"@parameters('$authentication')"}},"Parse_JSON_3":{"runAfter":{"getgroupDetails_2":["Succeeded"]},"type":"ParseJson","inputs":{"content":"@body('getgroupDetails_2')","schema":{"type":"object","properties":{"@@odata.context":{"type":"string"},"value":{"type":"array","items":{"type":"object","properties":{"id":{"type":"string"},"displayName":{"type":"string"},"mail":{"type":"string"}},"required":["id","displayName","mail"]}}}}}},"Apply_to_each_9":{"foreach":"@body('Parse_JSON_3')?['value']","actions":{"getgroupmembers_2":{"runAfter":{},"metadata":{"flowSystemMetadata":{"swaggerOperationId":"getgroupmembers"}},"type":"ApiConnection","inputs":{"host":{"connection":{"name":"@parameters('$connections')['shared_testgroupmember-5f94d32d166053e5df-5f77ca1c62a90586bd']['connectionId']"},"api":{"runtimeUrl":"https://europe-002.azure-apim.net/apim/testgroupmember-5f94d32d166053e5df-5f77ca1c62a90586bd"}},"method":"get","path":"/v1.0/groups/@{encodeURIComponent(items('Apply_to_each_9')?['id'])}/members","authentication":"@parameters('$authentication')"}},"Parse_JSON_4":{"runAfter":{"getgroupmembers_2":["Succeeded"]},"type":"ParseJson","inputs":{"content":"@body('getgroupmembers_2')","schema":{"type":"object","properties":{"@@odata.context":{"type":"string"},"value":{"type":"array","items":{"type":"object","properties":{"@@odata.type":{"type":"string"},"id":{"type":"string"},"displayName":{"type":"string"},"mail":{"type":"string"}},"required":["@@odata.type","id","displayName","mail"]}}}}}},"Apply_to_each_10":{"foreach":"@body('Parse_JSON_4')?['value']","actions":{"Append_to_array_variable":{"runAfter":{},"type":"AppendToArrayVariable","inputs":{"name":"approverslist","value":"@items('Apply_to_each_10')?['mail']"}},"Append_to_string_variable_3":{"runAfter":{"Set_variable_19":["Succeeded"]},"type":"AppendToStringVariable","inputs":{"name":"approversListtemp","value":"@{items('Apply_to_each_10')?['mail']};"}},"Set_variable_18":{"runAfter":{"Append_to_array_variable":["Succeeded"]},"type":"SetVariable","inputs":{"name":"Approver parel temp","value":"@items('Apply_to_each_10')?['mail']"}},"Set_variable_19":{"runAfter":{"Set_variable_18":["Succeeded"]},"type":"SetVariable","inputs":{"name":"Approver parel temp1","value":"@variables('approversListtemp')"}}},"runAfter":{"Parse_JSON_4":["Succeeded"]},"type":"Foreach"}},"runAfter":{"Parse_JSON_3":["Succeeded"]},"type":"Foreach"}},"runAfter":{},"type":"Foreach"}},"runAfter":{"Set_variable_17":["Succeeded"]},"else":{"actions":{"Apply_to_each_11":{"foreach":"@split(variables('sharepoint group'), ';')","actions":{"Send_an_HTTP_request_to_SharePoint_2":{"runAfter":{},"metadata":{"flowSystemMetadata":{"swaggerOperationId":"HttpRequest"}},"type":"ApiConnection","inputs":{"host":{"connection":{"name":"@parameters('$connections')['shared_sharepointonline_1']['connectionId']"},"api":{"runtimeUrl":"https://europe-002.azure-apim.net/apim/sharepointonline"}},"method":"post","body":{"method":"GET","uri":"_api/web/sitegroups/getbyname('@{items('Apply_to_each_11')}')/users","headers":{"Accept":"application/json;odata=verbose"}},"path":"/datasets/@{encodeURIComponent(encodeURIComponent('https://ronvanderhamdevelopment.sharepoint.com/sites/TestMdsSite'))}/httprequest","authentication":"@parameters('$authentication')"}},"Apply_to_each_12":{"foreach":"@body('Send_an_HTTP_request_to_SharePoint_2')['d']['results']","actions":{"Condition_9":{"actions":{"Append_to_string_variable_4":{"runAfter":{},"type":"AppendToStringVariable","inputs":{"name":"approversListtemp","value":"@{items('Apply_to_each_12')?['Email']};"}},"Append_to_array_variable_3":{"runAfter":{"Append_to_string_variable_4":["Succeeded"]},"type":"AppendToArrayVariable","inputs":{"name":"approverslist","value":"@items('Apply_to_each_12')?['Email']"}}},"runAfter":{},"expression":{"and":[{"equals":["@items('Apply_to_each_12')?['principalType']",1]},{"not":{"equals":["@items('Apply_to_each_12')?['Email']",""]}}]},"type":"If"}},"runAfter":{"Send_an_HTTP_request_to_SharePoint_2":["Succeeded"]},"type":"Foreach"}},"runAfter":{},"type":"Foreach"}}},"expression":{"equals":["@variables('sharepoint group')",""]},"type":"If"},"Set_variable_17":{"runAfter":{"Set_variable_15":["Succeeded"]},"type":"SetVariable","inputs":{"name":"approverslist","value":"@split(variables('Assignee members'), ';')"}}},"runAfter":{},"else":{"actions":{"Condition_8":{"actions":{"Apply_to_each_13":{"foreach":"@split(variables('O365 group mail'), ';')","actions":{"getgroupDetails":{"runAfter":{},"metadata":{"flowSystemMetadata":{"swaggerOperationId":"getgroupDetails"}},"type":"ApiConnection","inputs":{"host":{"connection":{"name":"@parameters('$connections')['shared_testgroupmember-5f94d32d166053e5df-5f77ca1c62a90586bd']['connectionId']"},"api":{"runtimeUrl":"https://europe-002.azure-apim.net/apim/testgroupmember-5f94d32d166053e5df-5f77ca1c62a90586bd"}},"method":"get","path":"/v1.0/groups","queries":{"$filter":"mail eq '@{items('Apply_to_each_13')}'"},"authentication":"@parameters('$authentication')"}},"Parse_JSON":{"runAfter":{"getgroupDetails":["Succeeded"]},"type":"ParseJson","inputs":{"content":"@body('getgroupDetails')","schema":{"type":"object","properties":{"@@odata.context":{"type":"string"},"value":{"type":"array","items":{"type":"object","properties":{"id":{"type":"string"},"displayName":{"type":"string"},"mail":{"type":"string"}},"required":["id","displayName","mail"]}}}}}},"Apply_to_each_15":{"foreach":"@body('Parse_JSON')?['value']","actions":{"getgroupmembers":{"runAfter":{},"metadata":{"flowSystemMetadata":{"swaggerOperationId":"getgroupmembers"}},"type":"ApiConnection","inputs":{"host":{"connection":{"name":"@parameters('$connections')['shared_testgroupmember-5f94d32d166053e5df-5f77ca1c62a90586bd']['connectionId']"},"api":{"runtimeUrl":"https://europe-002.azure-apim.net/apim/testgroupmember-5f94d32d166053e5df-5f77ca1c62a90586bd"}},"method":"get","path":"/v1.0/groups/@{encodeURIComponent(items('Apply_to_each_15')?['id'])}/members","authentication":"@parameters('$authentication')"}},"Parse_JSON_2":{"runAfter":{"getgroupmembers":["Succeeded"]},"type":"ParseJson","inputs":{"content":"@body('getgroupmembers')","schema":{"type":"object","properties":{"@@odata.context":{"type":"string"},"value":{"type":"array","items":{"type":"object","properties":{"@@odata.type":{"type":"string"},"id":{"type":"string"},"displayName":{"type":"string"},"mail":{"type":"string"}},"required":["@@odata.type","id","displayName","mail"]}}}}}},"Apply_to_each_30":{"foreach":"@body('Parse_JSON_2')?['value']","actions":{"Append_to_array_variable_4":{"runAfter":{},"type":"AppendToArrayVariable","inputs":{"name":"approverslist","value":"@items('Apply_to_each_30')?['mail']"}},"Append_to_string_variable_9":{"runAfter":{"Set_variable_21":["Succeeded"]},"type":"AppendToStringVariable","inputs":{"name":"approversListtemp","value":"@{items('Apply_to_each_30')?['mail']};"}},"Set_variable_20":{"runAfter":{"Append_to_array_variable_4":["Succeeded"]},"type":"SetVariable","inputs":{"name":"Approver parel temp","value":"@items('Apply_to_each_30')?['mail']"}},"Set_variable_21":{"runAfter":{"Set_variable_20":["Succeeded"]},"type":"SetVariable","inputs":{"name":"Approver parel temp1","value":"@variables('approversListtemp')"}}},"runAfter":{"Parse_JSON_2":["Succeeded"]},"type":"Foreach"}},"runAfter":{"Parse_JSON":["Succeeded"]},"type":"Foreach"}},"runAfter":{},"type":"Foreach"}},"runAfter":{},"else":{"actions":{"Apply_to_each_31":{"foreach":"@split(variables('sharepoint group'), ';')","actions":{"Send_an_HTTP_request_to_SharePoint":{"runAfter":{},"metadata":{"flowSystemMetadata":{"swaggerOperationId":"HttpRequest"}},"type":"ApiConnection","inputs":{"host":{"connection":{"name":"@parameters('$connections')['shared_sharepointonline_1']['connectionId']"},"api":{"runtimeUrl":"https://europe-002.azure-apim.net/apim/sharepointonline"}},"method":"post","body":{"method":"GET","uri":"_api/web/sitegroups/getbyname('@{items('Apply_to_each_31')}')/users","headers":{"Accept":"application/json;odata=verbose"}},"path":"/datasets/@{encodeURIComponent(encodeURIComponent('https://ronvanderhamdevelopment.sharepoint.com/sites/TestMdsSite'))}/httprequest","authentication":"@parameters('$authentication')"}},"Apply_to_each_32":{"foreach":"@body('Send_an_HTTP_request_to_SharePoint')['d']['results']","actions":{"Condition_13":{"actions":{"Append_to_string_variable_10":{"runAfter":{},"type":"AppendToStringVariable","inputs":{"name":"approversListtemp","value":"@{items('Apply_to_each_32')?['Email']};"}},"Append_to_array_variable_2":{"runAfter":{"Append_to_string_variable_10":["Succeeded"]},"type":"AppendToArrayVariable","inputs":{"name":"approverslist","value":"@items('Apply_to_each_32')?['Email']"}}},"runAfter":{},"expression":{"and":[{"equals":["@items('Apply_to_each_32')?['principalType']",1]},{"not":{"equals":["@items('Apply_to_each_32')?['Email']",""]}}]},"type":"If"}},"runAfter":{"Send_an_HTTP_request_to_SharePoint":["Succeeded"]},"type":"Foreach"}},"runAfter":{},"type":"Foreach"}}},"expression":{"equals":["@variables('sharepoint group')",""]},"type":"If"}}},"expression":{"not":{"equals":["@variables('Assignee members')",""]}},"type":"If"}},"runAfter":{"Set_approval_done_for_stage":["Succeeded"]},"else":{"actions":{"Set_variable_48":{"runAfter":{},"type":"SetVariable","inputs":{"name":"approversListtemp","value":"@variables('Assignee members')"}},"Set_variable_49":{"runAfter":{"Set_variable_48":["Succeeded"]},"type":"SetVariable","inputs":{"name":"approverslist","value":"@split(variables('approversListtemp'), ';')"}}}},"expression":{"equals":["@variables('assign group')","@true"]},"type":"If"}},"runAfter":{"Condition_send_initial_mail_check_CC_or_not":["Succeeded"]},"expression":"@equals(variables('Stage'), true)","limit":{"count":60,"timeout":"PT720H"},"type":"Until"},"Condition_check_CC_or_not_2":{"actions":{"Send_an_email_(V2)":{"runAfter":{},"metadata":{"flowSystemMetadata":{"swaggerOperationId":"SendEmailV2"}},"type":"ApiConnection","inputs":{"host":{"connection":{"name":"@parameters('$connections')['shared_office365']['connectionId']"},"api":{"runtimeUrl":"https://europe-002.azure-apim.net/apim/office365"}},"method":"post","body":{"To":"@variables('Requester mail')","Subject":"Approval Completed","Body":"<p>Your request for '@{body('Get_item')['Title']}' has been completed.<br>\n<br>\nApproval details below:<br>\n<br>\n@{outputs('Compose_5')}</p>","Cc":"@variables('cc')"},"path":"/v2/Mail","authentication":"@parameters('$authentication')"}}},"runAfter":{"Compose_5":["Succeeded"]},"else":{"actions":{"Send_an_email_(V2)_2":{"runAfter":{},"metadata":{"flowSystemMetadata":{"swaggerOperationId":"SendEmailV2"}},"type":"ApiConnection","inputs":{"host":{"connection":{"name":"@parameters('$connections')['shared_office365']['connectionId']"},"api":{"runtimeUrl":"https://europe-002.azure-apim.net/apim/office365"}},"method":"post","body":{"To":"@variables('Requester mail')","Subject":"Approval Completed","Body":"<p>Your request for '@{body('Get_item')['Title']}' has been completed.<br>\n<br>\nApproval details below:<br>\n<br>\n@{outputs('Compose_5')}</p>"},"path":"/v2/Mail","authentication":"@parameters('$authentication')"}}}},"expression":{"not":{"equals":["@variables('cc')",""]}},"type":"If"},"Compose_5":{"runAfter":{"Create_HTML_table_3":["Succeeded"]},"type":"Compose","inputs":"<style>\ntable {\n  width: 100%;\n  background-color: #FFFFFF;\n  border-collapse: collapse;\n  border-width: 2px;\n  border-color: #7EA8F8;\n  border-style: solid;\n  color: #000000;\n  text-align: left;\n}\n\ntable td, table th {\n  border-width: 2px;\n  border-color: #7EA8F8;\n  border-style: solid;\n  padding: 5px;\n}\n\ntable thead {\n  background-color: #DEDEDE;\n}\n</style>\n@{body('Create_HTML_table_3')}"},"Create_HTML_table_3":{"runAfter":{"Do_until_Multiple_stages":["Succeeded"]},"type":"Table","inputs":{"from":"@variables('Mail response')","format":"HTML"}},"Condition_send_initial_mail_check_CC_or_not":{"actions":{"Send_an_email_(V2)_4":{"runAfter":{},"metadata":{"flowSystemMetadata":{"swaggerOperationId":"SendEmailV2"}},"type":"ApiConnection","inputs":{"host":{"connection":{"name":"@parameters('$connections')['shared_office365']['connectionId']"},"api":{"runtimeUrl":"https://europe-002.azure-apim.net/apim/office365"}},"method":"post","body":{"To":"@variables('Requester mail')","Subject":"Approval Started","Body":"<p>Your request for '@{body('Get_item')['Title']}' has been Started.<br>\n<br>\nItem Link : <a href=\"@{body('Get_item')?['{Link}']}\">here</a><br>\n</p>","Cc":"@variables('cc')"},"path":"/v2/Mail","authentication":"@parameters('$authentication')"}}},"runAfter":{"Condition_Due_Date":["Succeeded"]},"else":{"actions":{"Send_an_email_(V2)_3":{"runAfter":{},"metadata":{"flowSystemMetadata":{"swaggerOperationId":"SendEmailV2"}},"type":"ApiConnection","inputs":{"host":{"connection":{"name":"@parameters('$connections')['shared_office365']['connectionId']"},"api":{"runtimeUrl":"https://europe-002.azure-apim.net/apim/office365"}},"method":"post","body":{"To":"@variables('Requester mail')","Subject":"Approval Started","Body":"<p>Your request for '@{body('Get_item')['Title']}' has been Started.<br>\n<br>\nItem Link : <a href=\"@{body('Get_item')?['{Link}']}\">here</a><br>\n</p>"},"path":"/v2/Mail","authentication":"@parameters('$authentication')"}}}},"expression":{"not":{"equals":["@variables('cc')",""]}},"type":"If"},"Initialize_cc_Json_variable_":{"runAfter":{"Initialize_Array_of_stages_variable_":["Succeeded"]},"type":"InitializeVariable","inputs":{"variables":[{"name":"cc json","type":"object","value":{"cc available":"@true","assign group":"@true","cc user":"","sharepoint group":"TestMdsSite Owners","O365 group":""}}]}},"Condition_cc":{"actions":{"Condition_Cc_members_group":{"actions":{"Condition_14":{"actions":{"Set_variable_8":{"runAfter":{},"type":"SetVariable","inputs":{"name":"cc","value":"@{variables('cc json')?['cc user']};"}},"Condition_15":{"actions":{"Apply_to_each_18":{"foreach":"@split(variables('cc json')?['O365 group'], ';')","actions":{"getgroupDetails_3":{"runAfter":{},"metadata":{"flowSystemMetadata":{"swaggerOperationId":"getgroupDetails"}},"type":"ApiConnection","inputs":{"host":{"connection":{"name":"@parameters('$connections')['shared_testgroupmember-5f94d32d166053e5df-5f77ca1c62a90586bd']['connectionId']"},"api":{"runtimeUrl":"https://europe-002.azure-apim.net/apim/testgroupmember-5f94d32d166053e5df-5f77ca1c62a90586bd"}},"method":"get","path":"/v1.0/groups","queries":{"$filter":"mail eq '@{items('Apply_to_each_18')}'"},"authentication":"@parameters('$authentication')"}},"Parse_JSON_5":{"runAfter":{"getgroupDetails_3":["Succeeded"]},"type":"ParseJson","inputs":{"content":"@body('getgroupDetails_3')","schema":{"type":"object","properties":{"@@odata.context":{"type":"string"},"value":{"type":"array","items":{"type":"object","properties":{"id":{"type":"string"},"displayName":{"type":"string"},"mail":{"type":"string"}},"required":["id","displayName","mail"]}}}}}},"Apply_to_each":{"foreach":"@body('Parse_JSON_5')?['value']","actions":{"getgroupmembers_3":{"runAfter":{},"metadata":{"flowSystemMetadata":{"swaggerOperationId":"getgroupmembers"}},"type":"ApiConnection","inputs":{"host":{"connection":{"name":"@parameters('$connections')['shared_testgroupmember-5f94d32d166053e5df-5f77ca1c62a90586bd']['connectionId']"},"api":{"runtimeUrl":"https://europe-002.azure-apim.net/apim/testgroupmember-5f94d32d166053e5df-5f77ca1c62a90586bd"}},"method":"get","path":"/v1.0/groups/@{encodeURIComponent(items('Apply_to_each')?['id'])}/members","authentication":"@parameters('$authentication')"}},"Parse_JSON_6":{"runAfter":{"getgroupmembers_3":["Succeeded"]},"type":"ParseJson","inputs":{"content":"@body('getgroupmembers_3')","schema":{"type":"object","properties":{"@@odata.context":{"type":"string"},"value":{"type":"array","items":{"type":"object","properties":{"@@odata.type":{"type":"string"},"id":{"type":"string"},"displayName":{"type":"string"},"mail":{"type":"string"}},"required":["@@odata.type","id","displayName","mail"]}}}}}},"Apply_to_each_2":{"foreach":"@body('Parse_JSON_6')?['value']","actions":{"Append_to_string_variable_6":{"runAfter":{},"type":"AppendToStringVariable","inputs":{"name":"cc","value":"@{items('Apply_to_each_2')?['mail']};"}}},"runAfter":{"Parse_JSON_6":["Succeeded"]},"type":"Foreach"}},"runAfter":{"Parse_JSON_5":["Succeeded"]},"type":"Foreach"}},"runAfter":{},"type":"Foreach"}},"runAfter":{"Set_variable_8":["Succeeded"]},"else":{"actions":{"Apply_to_each_16":{"foreach":"@split(variables('cc json')?['sharepoint group'], ';')","actions":{"Send_an_HTTP_request_to_SharePoint_3":{"runAfter":{},"metadata":{"flowSystemMetadata":{"swaggerOperationId":"HttpRequest"}},"type":"ApiConnection","inputs":{"host":{"connection":{"name":"@parameters('$connections')['shared_sharepointonline_1']['connectionId']"},"api":{"runtimeUrl":"https://europe-002.azure-apim.net/apim/sharepointonline"}},"method":"post","body":{"method":"GET","uri":"_api/web/sitegroups/getbyname('@{items('Apply_to_each_16')}')/users","headers":{"Accept":"application/json;odata=verbose"}},"path":"/datasets/@{encodeURIComponent(encodeURIComponent('https://ronvanderhamdevelopment.sharepoint.com/sites/TestMdsSite'))}/httprequest","authentication":"@parameters('$authentication')"}},"Apply_to_each_17":{"foreach":"@body('Send_an_HTTP_request_to_SharePoint_3')['d']['results']","actions":{"Condition_16":{"actions":{"Append_to_string_variable_5":{"runAfter":{},"type":"AppendToStringVariable","inputs":{"name":"cc","value":"@{items('Apply_to_each_17')?['Email']};"}}},"runAfter":{},"expression":{"and":[{"equals":["@items('Apply_to_each_17')?['principalType']",1]},{"not":{"equals":["@items('Apply_to_each_17')?['Email']",""]}}]},"type":"If"}},"runAfter":{"Send_an_HTTP_request_to_SharePoint_3":["Succeeded"]},"type":"Foreach"}},"runAfter":{},"type":"Foreach"}}},"expression":{"equals":["@variables('cc json')?['sharepoint group']",""]},"type":"If"}},"runAfter":{},"else":{"actions":{"Condition_17":{"actions":{"Apply_to_each_3":{"foreach":"@split(variables('cc json')?['O365 group'], ';')","actions":{"getgroupDetails_4":{"runAfter":{},"metadata":{"flowSystemMetadata":{"swaggerOperationId":"getgroupDetails"}},"type":"ApiConnection","inputs":{"host":{"connection":{"name":"@parameters('$connections')['shared_testgroupmember-5f94d32d166053e5df-5f77ca1c62a90586bd']['connectionId']"},"api":{"runtimeUrl":"https://europe-002.azure-apim.net/apim/testgroupmember-5f94d32d166053e5df-5f77ca1c62a90586bd"}},"method":"get","path":"/v1.0/groups","queries":{"$filter":"mail eq '@{items('Apply_to_each_3')}'"},"authentication":"@parameters('$authentication')"}},"Parse_JSON_7":{"runAfter":{"getgroupDetails_4":["Succeeded"]},"type":"ParseJson","inputs":{"content":"@body('getgroupDetails_4')","schema":{"type":"object","properties":{"@@odata.context":{"type":"string"},"value":{"type":"array","items":{"type":"object","properties":{"id":{"type":"string"},"displayName":{"type":"string"},"mail":{"type":"string"}},"required":["id","displayName","mail"]}}}}}},"Apply_to_each_4":{"foreach":"@body('Parse_JSON_7')?['value']","actions":{"getgroupmembers_4":{"runAfter":{},"metadata":{"flowSystemMetadata":{"swaggerOperationId":"getgroupmembers"}},"type":"ApiConnection","inputs":{"host":{"connection":{"name":"@parameters('$connections')['shared_testgroupmember-5f94d32d166053e5df-5f77ca1c62a90586bd']['connectionId']"},"api":{"runtimeUrl":"https://europe-002.azure-apim.net/apim/testgroupmember-5f94d32d166053e5df-5f77ca1c62a90586bd"}},"method":"get","path":"/v1.0/groups/@{encodeURIComponent(items('Apply_to_each_4')?['id'])}/members","authentication":"@parameters('$authentication')"}},"Parse_JSON_8":{"runAfter":{"getgroupmembers_4":["Succeeded"]},"type":"ParseJson","inputs":{"content":"@body('getgroupmembers_4')","schema":{"type":"object","properties":{"@@odata.context":{"type":"string"},"value":{"type":"array","items":{"type":"object","properties":{"@@odata.type":{"type":"string"},"id":{"type":"string"},"displayName":{"type":"string"},"mail":{"type":"string"}},"required":["@@odata.type","id","displayName","mail"]}}}}}},"Apply_to_each_5":{"foreach":"@body('Parse_JSON_8')?['value']","actions":{"Append_to_string_variable":{"runAfter":{},"type":"AppendToStringVariable","inputs":{"name":"cc","value":"@{items('Apply_to_each_5')?['mail']};"}}},"runAfter":{"Parse_JSON_8":["Succeeded"]},"type":"Foreach"}},"runAfter":{"Parse_JSON_7":["Succeeded"]},"type":"Foreach"}},"runAfter":{},"type":"Foreach"}},"runAfter":{},"else":{"actions":{"Apply_to_each_6":{"foreach":"@split(variables('cc json')?['sharepoint group'], ';')","actions":{"Send_an_HTTP_request_to_SharePoint_4":{"runAfter":{},"metadata":{"flowSystemMetadata":{"swaggerOperationId":"HttpRequest"}},"type":"ApiConnection","inputs":{"host":{"connection":{"name":"@parameters('$connections')['shared_sharepointonline_1']['connectionId']"},"api":{"runtimeUrl":"https://europe-002.azure-apim.net/apim/sharepointonline"}},"method":"post","body":{"method":"GET","uri":"_api/web/sitegroups/getbyname('@{items('Apply_to_each_6')}')/users","headers":{"Accept":"application/json;odata=verbose"}},"path":"/datasets/@{encodeURIComponent(encodeURIComponent('https://ronvanderhamdevelopment.sharepoint.com/sites/TestMdsSite'))}/httprequest","authentication":"@parameters('$authentication')"}},"Apply_to_each_7":{"foreach":"@body('Send_an_HTTP_request_to_SharePoint_4')['d']['results']","actions":{"Condition":{"actions":{"Append_to_string_variable_2":{"runAfter":{},"type":"AppendToStringVariable","inputs":{"name":"cc","value":"@{items('Apply_to_each_7')?['Email']};"}}},"runAfter":{},"expression":{"and":[{"equals":["@items('Apply_to_each_7')?['principalType']",1]},{"not":{"equals":["@items('Apply_to_each_7')?['Email']",""]}}]},"type":"If"}},"runAfter":{"Send_an_HTTP_request_to_SharePoint_4":["Succeeded"]},"type":"Foreach"}},"runAfter":{},"type":"Foreach"}}},"expression":{"equals":["@variables('cc json')?['sharepoint group']",""]},"type":"If"}}},"expression":{"not":{"equals":["@variables('cc json')?['cc user']",""]}},"type":"If"}},"runAfter":{},"else":{"actions":{"Set_variable_14":{"runAfter":{},"type":"SetVariable","inputs":{"name":"cc","value":"@{variables('cc json')?['cc user']}"}}}},"expression":{"equals":["@variables('cc json')?['assign group']","@true"]},"type":"If"}},"runAfter":{"Initialize_cc_Json_variable_":["Succeeded"]},"expression":{"equals":["@variables('cc json')?['cc available']","@true"]},"type":"If"},"Initialize_office_365_group_variable_if_applicable":{"runAfter":{"Initialize_sharepoint_group_variable_if_applicable":["Succeeded"]},"type":"InitializeVariable","inputs":{"variables":[{"name":"O365 group mail","type":"string"}]}},"Get_item":{"runAfter":{"Initialize_item_id_variable":["Succeeded"]},"metadata":{"flowSystemMetadata":{"swaggerOperationId":"GetItem"}},"type":"ApiConnection","inputs":{"host":{"connection":{"name":"@parameters('$connections')['shared_sharepointonline']['connectionId']"},"api":{"runtimeUrl":"https://europe-002.azure-apim.net/apim/sharepointonline"}},"method":"get","path":"/datasets/@{encodeURIComponent(encodeURIComponent('https://ronvanderhamdevelopment.sharepoint.com/sites/TestMdsSite'))}/tables/@{encodeURIComponent(encodeURIComponent('7152c0d7-058f-4a45-94e2-7796c940886d'))}/items/@{encodeURIComponent(variables('item id'))}","authentication":"@parameters('$authentication')"}}},"description":"Request approval (first to respond) for a selected item in a SharePoint list, along with approval reminder options."},"connectionReferences":{"shared_sharepointonline":{"connectionName":"07d288303cee4e01a7c71fc5c78b6d27","source":"Embedded","id":"/providers/Microsoft.PowerApps/apis/shared_sharepointonline","tier":"NotSpecified"},"shared_approvals":{"connectionName":"shared-approvals-612f7c58-6327-4e75-96d3-7be6-bb71214e","source":"Embedded","id":"/providers/Microsoft.PowerApps/apis/shared_approvals","tier":"NotSpecified"},"shared_teams":{"connectionName":"shared-teams-f50835bc-9100-4dcf-88b8-2c8b6f8f6ce0","source":"Embedded","id":"/providers/Microsoft.PowerApps/apis/shared_teams","tier":"NotSpecified"},"shared_testgroupmember-5f94d32d166053e5df-5f77ca1c62a90586bd":{"connectionName":"59819199-6dd8-448e-a77e-3f44-7b219e77","source":"Embedded","id":"/providers/Microsoft.PowerApps/apis/shared_testgroupmember-5f94d32d166053e5df-5f77ca1c62a90586bd","tier":"NotSpecified"},"shared_sharepointonline_1":{"connectionName":"152e4079f7864a4fba3e14407c73fed1","source":"Embedded","id":"/providers/Microsoft.PowerApps/apis/shared_sharepointonline","tier":"NotSpecified"},"shared_office365":{"connectionName":"shared-office365-1291e008-6065-4415-b008-7225-cf47f4d8","source":"Embedded","id":"/providers/Microsoft.PowerApps/apis/shared_office365","tier":"NotSpecified"}},"flowFailureAlertSubscribed":false}}