<WorkflowConfig Version="15.0.0.4455">
	<Template BaseID="{7A6F6F0E-DF22-4DCE-B87B-D5ABBFA5B2D5}" DocLibID="{BBF2C2CC-8683-4DBA-A434-FBDD425800EA}" XomlHref="Workflows/testmd/testmd.xoml" XomlVersion="V1.0" RulesHref="Workflows/testmd/testmd.xoml.rules" RulesVersion="V1.0" TaskContentType="0x01080100C9C9515DE4E24001905074F980F93160" Category="List" Name="testmd" Description="" LastEditMode="TextBased" WFPlatformVersion="3.5" SupportStageDesign="false" Draft="true"/>
	<Association ListID="{B7F2CC1B-1595-4077-A0B5-81B81E270897}" TaskListID="{09603505-B4F2-4412-AAD0-07A225A793AA}" StartManually="true"/>
	<ContentTypes>
		<ContentType Name="Approval" ContentTypeID="0x01080100C9C9515DE4E24001905074F980F9316000FFABF8F0FEAFB54EB0E79027261D168A000FF98DA342171D4893B10025E0BEF335" RequiresGeneration="true" WorkflowForm="Workflows/testmd/Approval.xsn" Description="">
			<Fields/>
			<WorkflowFormData/>
		</ContentType>
	</ContentTypes>
	<Initiation URL="~layouts/IniWrkflIP.aspx">
		<Fields/>
		<Parameters/>
		<DefaultData/>
	</Initiation>
	<Extended>
		<Fields/>
	</Extended>
	<MetaData>
		<ExtendedStatusColumnValues>
			<StatusColumnValue>Canceled</StatusColumnValue>
			<StatusColumnValue>Approved</StatusColumnValue>
			<StatusColumnValue>Rejected</StatusColumnValue>
		</ExtendedStatusColumnValues>
		<Modifications ModificationUrl="~layouts/ModWrkflIP.aspx">
			<Modification TypeId="64aefd44-fd54-48c1-93c0-86f2f7c71be5" NameFormat="Add or update assignees of {0}" FormURN="urn:schemas-microsoft-com:office:infopath:workflow:ReviewRoutingSPD-Modify:1033"/>
			<Modification TypeId="8ac90eb6-6c4a-469a-8977-8b8368083380" NameFormat="Update active tasks of {0}" FormURN="urn:schemas-microsoft-com:office:infopath:workflow:ReviewRouting-UpdateTasks:1033"/>
			<Modification TypeId="a938eabe-8db1-45b9-87cb-b930728afe10" NameFormat="Cancel all {0} tasks" FormURN="urn:schemas-microsoft-com:office:infopath:workflow:OOB-WrapItUp:1033"/>
		</Modifications>
		<Instantiation_FormURI RequiresGeneration="true">Workflows/testmd/testmd.xsn</Instantiation_FormURI>
	</MetaData>
</WorkflowConfig>
