{"name":"7efcd34c-f6b9-4f55-a0d3-60ab8037c9b2","id":"/providers/Microsoft.Flow/flows/7efcd34c-f6b9-4f55-a0d3-60ab8037c9b2","type":"Microsoft.Flow/flows","properties":{"apiId":"/providers/Microsoft.PowerApps/apis/shared_logicflows","displayName":"CheckinRemainder","definition":{"metadata":{"workflowEntityId":null,"processAdvisorMetadata":null,"flowclientsuspensionreason":"None","flowclientsuspensiontime":null,"creator":{"id":"96a99893-c1e8-4e6c-9802-ea754b7d4c93","type":"User","tenantId":"db1e96a8-a3da-442a-930b-235cac24cd5c"},"provisioningMethod":"FromDefinition","failureAlertSubscription":true,"clientLastModifiedTime":"2021-09-17T08:28:51.3045616Z"},"$schema":"https://schema.management.azure.com/providers/Microsoft.Logic/schemas/2016-06-01/workflowdefinition.json#","contentVersion":"1.0.0.0","parameters":{"$connections":{"defaultValue":{},"type":"Object"},"$authentication":{"defaultValue":{},"type":"SecureObject"}},"triggers":{"Recurrence":{"recurrence":{"frequency":"Month","interval":1,"startTime":"2021-08-27T04:30:00.000Z"},"type":"Recurrence"}},"actions":{"Initialize_variable":{"runAfter":{},"type":"InitializeVariable","inputs":{"variables":[{"name":"error","type":"boolean","value":"@false"}]}},"try_Scope":{"actions":{"Compose_Today_date_filter":{"runAfter":{},"type":"Compose","inputs":"<View><Query><Where><And><Eq><FieldRef Name='FormStatus'/><Value Type='Text'>Submit</Value></Eq><Eq><FieldRef Name='Meeting_x0020_Room_x0020_StartT'/><Value IncludeTimeValue='False' Type='DateTime'>@{addDays(utcNow(),1)}</Value></Eq></And></Where></Query></View>"},"Send_an_HTTP_request_to_SharePoint_2":{"runAfter":{"Compose_Today_date_filter":["Succeeded"]},"type":"OpenApiConnection","inputs":{"host":{"apiId":"/providers/Microsoft.PowerApps/apis/shared_sharepointonline","connectionName":"shared_sharepointonline_1","operationId":"HttpRequest"},"parameters":{"dataset":"https://eu023-sp.shell.com/sites/SPOAA1436","parameters/method":"POST","parameters/uri":"/_api/web/lists/GetByTitle('Site Access Request Form')/GetItems","parameters/headers":{"accept":"application/json;odata=verbose","content-type":"application/json;odata=verbose"},"parameters/body":"{\n\"query\":{ \n            \"__metadata\": { \"type\": \"SP.CamlQuery\" },\n            \"ViewXml\": \"@{outputs('Compose_Today_date_filter')}\"\n        } \n}"},"authentication":"@parameters('$authentication')"}},"Condition_2":{"actions":{"Apply_to_each":{"foreach":"@body('Send_an_HTTP_request_to_SharePoint_2')['d']['results']","actions":{"Get_item":{"runAfter":{},"type":"OpenApiConnection","inputs":{"host":{"apiId":"/providers/Microsoft.PowerApps/apis/shared_sharepointonline","connectionName":"shared_sharepointonline","operationId":"GetItem"},"parameters":{"dataset":"https://eu023-sp.shell.com/sites/SPOAA1436","table":"2cbe6f86-a81f-4451-937a-645c060342dd","id":"@items('Apply_to_each')?['ID']"},"authentication":"@parameters('$authentication')"}},"Send_an_email_(V2)":{"runAfter":{"Get_item":["Succeeded"]},"type":"OpenApiConnection","inputs":{"host":{"apiId":"/providers/Microsoft.PowerApps/apis/shared_office365","connectionName":"shared_office365_2","operationId":"SendEmailV2"},"parameters":{"emailMessage/To":"@outputs('Get_item')?['body/EmailId']","emailMessage/Subject":"Reminder Mail for check in","emailMessage/Body":"<p>tomorrow check in @{outputs('Get_item')?['body/ID']}</p>"},"authentication":"@parameters('$authentication')"}}},"runAfter":{},"type":"Foreach"}},"runAfter":{"Send_an_HTTP_request_to_SharePoint_2":["Succeeded"]},"expression":{"greater":["@length(body('Send_an_HTTP_request_to_SharePoint_2')['d']['results'])",0]},"type":"If"}},"runAfter":{"Initialize_variable":["Succeeded"]},"type":"Scope"},"catch_Scope":{"actions":{"Set_variable":{"runAfter":{},"type":"SetVariable","inputs":{"name":"error","value":"@true"}}},"runAfter":{"try_Scope":["Failed","Skipped","TimedOut"]},"type":"Scope"},"Finally_Scope":{"actions":{"Condition":{"actions":{"Send_an_email_to_admin_(V2)_2":{"runAfter":{},"type":"OpenApiConnection","inputs":{"host":{"apiId":"/providers/Microsoft.PowerApps/apis/shared_office365","connectionName":"shared_office365_2","operationId":"SendEmailV2"},"parameters":{"emailMessage/To":"d.mariappan@shell.com","emailMessage/Subject":"Flow error please check","emailMessage/Body":"<p>Flow error please check</p>"},"authentication":"@parameters('$authentication')"}}},"runAfter":{},"expression":{"equals":["@variables('error')","@true"]},"type":"If"}},"runAfter":{"catch_Scope":["Succeeded","Failed","Skipped","TimedOut"]},"type":"Scope"}}},"connectionReferences":{"shared_sharepointonline_1":{"connectionName":"shared-sharepointonl-0a693f0a-e486-498e-9fc8-a2b4-bc23bce4","source":"Embedded","id":"/providers/Microsoft.PowerApps/apis/shared_sharepointonline","tier":"NotSpecified"},"shared_sharepointonline":{"connectionName":"shared-sharepointonl-0a693f0a-e486-498e-9fc8-a2b4-bc23bce4","source":"Embedded","id":"/providers/Microsoft.PowerApps/apis/shared_sharepointonline","tier":"NotSpecified"},"shared_office365_2":{"connectionName":"shared-office365-92a25451-60e4-41bd-bbbe-31b2-b9e9a0d3","source":"Embedded","id":"/providers/Microsoft.PowerApps/apis/shared_office365","tier":"NotSpecified"}},"flowFailureAlertSubscribed":false}}