{"name":"02bdac8b-56ea-4d5e-87ea-e81f0178f487","id":"/providers/Microsoft.Flow/flows/02bdac8b-56ea-4d5e-87ea-e81f0178f487","type":"Microsoft.Flow/flows","properties":{"apiId":"/providers/Microsoft.PowerApps/apis/shared_logicflows","displayName":"OOTB_Approval_Modifyfile_withRemainder","definition":{"metadata":{"workflowEntityId":null,"processAdvisorMetadata":null,"flowclientsuspensionreason":"None","flowclientsuspensiontime":null,"creator":{"id":"cbf6b318-835e-4eaa-94a8-878a92e80997","type":"User","tenantId":"c7ba1ffa-0912-4ec7-be94-7cfcb8a19dd6"},"provisioningMethod":"FromDefinition","failureAlertSubscription":true,"clientLastModifiedTime":"2021-05-28T05:42:26.1311812Z"},"$schema":"https://schema.management.azure.com/providers/Microsoft.Logic/schemas/2016-06-01/workflowdefinition.json#","contentVersion":"1.0.0.0","parameters":{"$connections":{"defaultValue":{},"type":"Object"},"$authentication":{"defaultValue":{},"type":"SecureObject"},"sharepoint.site":{"defaultValue":"","type":"String"},"sharepoint.list":{"defaultValue":"","type":"String"}},"triggers":{"When_an_item_or_a_file_is_modified":{"recurrence":{"frequency":"Minute","interval":1},"metadata":{"flowSystemMetadata":{"swaggerOperationId":"GetOnChangedItems"}},"type":"ApiConnection","inputs":{"host":{"connection":{"name":"@parameters('$connections')['shared_sharepointonline']['connectionId']"},"api":{"runtimeUrl":"https://europe-002.azure-apim.net/apim/sharepointonline"}},"method":"get","path":"/datasets/@{encodeURIComponent(encodeURIComponent('https://ronvanderhamdevelopment.sharepoint.com/sites/TestMdsSite'))}/tables/@{encodeURIComponent(encodeURIComponent('90ca83c7-6f10-4d10-ad9f-67cd4ba7b471'))}/onchangeditems","authentication":"@parameters('$authentication')"}}},"actions":{"Initialize_approval_done_variable":{"runAfter":{"check_flow_on_edit_Condition__":["Succeeded"]},"type":"InitializeVariable","inputs":{"variables":[{"name":"approvalDone","type":"boolean","value":"@false"}]}},"Initialize_approvers_list_variable":{"runAfter":{"Initialize_approvers_temp_list_variable":["Succeeded"]},"type":"InitializeVariable","inputs":{"variables":[{"name":"approverslist","type":"array"}]}},"Initialize_approvers_temp_list_variable":{"runAfter":{"Initialize_approval_done_variable":["Succeeded"]},"type":"InitializeVariable","inputs":{"variables":[{"name":"approversListtemp","type":"string"}]}},"Order_condition":{"actions":{"Wait_for_an_approval":{"runAfter":{"Set_respond_to_approval_link":["Succeeded"]},"metadata":{"flowSystemMetadata":{"swaggerOperationId":"WaitForAnApproval"}},"type":"ApiConnectionWebhook","inputs":{"host":{"connection":{"name":"@parameters('$connections')['shared_approvals']['connectionId']"},"api":{"runtimeUrl":"https://europe-002.azure-apim.net/apim/approvals"}},"body":{"notificationUrl":"@{listCallbackUrl()}"},"path":"/approvals/@{encodeURIComponent(body('Create_an_approval')?['name'])}/subscriptions","authentication":"@parameters('$authentication')"}},"Set_respond_to_approval_link":{"runAfter":{"Due_date_remainder":["Succeeded"]},"type":"SetVariable","inputs":{"name":"approvalRespondLink","value":"@body('Create_an_approval')?['respondLink']"}},"set_ApprovalDone_to_true":{"runAfter":{"Due_date_remainder_updates":["Succeeded"]},"type":"SetVariable","inputs":{"name":"approvalDone","value":"@true"}},"Select_2":{"runAfter":{"set_ApprovalDone_to_true":["Succeeded"]},"type":"Select","inputs":{"from":"@body('Wait_for_an_approval')?['responses']","select":{"Approver":"@item()?['responder']?['displayName']","Comments":"@if(empty(item()?['comments']), 'No comments', item()['comments'])","Response":"@item()?['approverResponse']"}}},"Create_HTML_table_2":{"runAfter":{"Select_2":["Succeeded"]},"type":"Table","inputs":{"from":"@body('Select_2')","format":"HTML"}},"Compose_2":{"runAfter":{"Create_HTML_table_2":["Succeeded"]},"type":"Compose","inputs":"<style>\ntable {\n  width: 100%;\n  background-color: #FFFFFF;\n  border-collapse: collapse;\n  border-width: 2px;\n  border-color: #7EA8F8;\n  border-style: solid;\n  color: #000000;\n  text-align: left;\n}\n\ntable td, table th {\n  border-width: 2px;\n  border-color: #7EA8F8;\n  border-style: solid;\n  padding: 5px;\n}\n\ntable thead {\n  background-color: #DEDEDE;\n}\n</style>\n@{body('Create_HTML_table_2')}"},"CC_enabled_or_not":{"actions":{"Send_an_email_(V2)_11":{"runAfter":{},"metadata":{"flowSystemMetadata":{"swaggerOperationId":"SendEmailV2"}},"type":"ApiConnection","inputs":{"host":{"connection":{"name":"@parameters('$connections')['shared_office365']['connectionId']"},"api":{"runtimeUrl":"https://europe-002.azure-apim.net/apim/office365"}},"method":"post","body":{"To":"@variables('Requestor')","Subject":"Approval Completed","Body":"<p>Your request for '@{body('Get_file_properties')?['{Name}']}' has been completed.<br>\n<br>\nApproval details below:<br>\n<br>\n@{outputs('Compose_2')}</p>","Cc":"@variables('cc')"},"path":"/v2/Mail","authentication":"@parameters('$authentication')"}}},"runAfter":{"Compose_2":["Succeeded"]},"else":{"actions":{"Send_an_email_(V2)_10":{"runAfter":{},"metadata":{"flowSystemMetadata":{"swaggerOperationId":"SendEmailV2"}},"type":"ApiConnection","inputs":{"host":{"connection":{"name":"@parameters('$connections')['shared_office365']['connectionId']"},"api":{"runtimeUrl":"https://europe-002.azure-apim.net/apim/office365"}},"method":"post","body":{"To":"@variables('Requestor')","Subject":"Approval Completed","Body":"<p>Your request for '@{body('Update_file_properties')?['{Name}']}' has been completed.<br>\n<br>\nApproval details below:<br>\n<br>\n@{outputs('Compose_2')}</p>"},"path":"/v2/Mail","authentication":"@parameters('$authentication')"}}}},"expression":{"not":{"equals":["@variables('cc')",""]}},"type":"If"},"Create_an_approval":{"runAfter":{},"metadata":{"flowSystemMetadata":{"swaggerOperationId":"CreateAnApproval"}},"type":"ApiConnection","inputs":{"host":{"connection":{"name":"@parameters('$connections')['shared_approvals']['connectionId']"},"api":{"runtimeUrl":"https://europe-002.azure-apim.net/apim/approvals"}},"method":"post","body":{"title":"Please approve: '@{body('Get_file_properties')?['{Name}']}'","assignedTo":"@variables('approversListtemp')","details":"The item '@{body('Get_file_properties')?['{Name}']}' is submitted for approval by  due by @{variables('Duedate')}.\n\nPlease review, and then approve or reject the request.","itemLink":"@body('Get_file_properties')?['{Link}']","enableNotifications":true,"enableReassignment":true},"path":"/types/@{encodeURIComponent('BasicAwaitAll')}","authentication":"@parameters('$authentication')"}},"Content_approval_condition":{"actions":{"Get_file_metadata_3":{"runAfter":{},"metadata":{"flowSystemMetadata":{"swaggerOperationId":"GetFileMetadata"}},"type":"ApiConnection","inputs":{"host":{"connection":{"name":"@parameters('$connections')['shared_sharepointonline']['connectionId']"},"api":{"runtimeUrl":"https://europe-002.azure-apim.net/apim/sharepointonline"}},"method":"get","path":"/datasets/@{encodeURIComponent(encodeURIComponent('https://ronvanderhamdevelopment.sharepoint.com/sites/TestMdsSite'))}/files/@{encodeURIComponent(body('Get_file_properties')?['{Identifier}'])}","authentication":"@parameters('$authentication')"}},"Condition_25":{"actions":{"Set_content_approval_status_3":{"runAfter":{},"metadata":{"flowSystemMetadata":{"swaggerOperationId":"SetApprovalStatus"}},"type":"ApiConnection","inputs":{"host":{"connection":{"name":"@parameters('$connections')['shared_sharepointonline_1']['connectionId']"},"api":{"runtimeUrl":"https://europe-002.azure-apim.net/apim/sharepointonline"}},"method":"post","path":"/datasets/@{encodeURIComponent(encodeURIComponent('https://ronvanderhamdevelopment.sharepoint.com/sites/TestMdsSite'))}/tables/@{encodeURIComponent(encodeURIComponent('90ca83c7-6f10-4d10-ad9f-67cd4ba7b471'))}/items/@{encodeURIComponent(encodeURIComponent(variables('item id')))}/setapprovalstatus","queries":{"approvalAction":"Submit","comments":"","entityTag":"@body('Get_file_metadata_3')?['ETag']"},"authentication":"@parameters('$authentication')"}},"Set_content_approval_status_4":{"runAfter":{"Set_content_approval_status_3":["Succeeded"]},"metadata":{"flowSystemMetadata":{"swaggerOperationId":"SetApprovalStatus"}},"type":"ApiConnection","inputs":{"host":{"connection":{"name":"@parameters('$connections')['shared_sharepointonline_1']['connectionId']"},"api":{"runtimeUrl":"https://europe-002.azure-apim.net/apim/sharepointonline"}},"method":"post","path":"/datasets/@{encodeURIComponent(encodeURIComponent('https://ronvanderhamdevelopment.sharepoint.com/sites/TestMdsSite'))}/tables/@{encodeURIComponent(encodeURIComponent('90ca83c7-6f10-4d10-ad9f-67cd4ba7b471'))}/items/@{encodeURIComponent(encodeURIComponent(variables('item id')))}/setapprovalstatus","queries":{"approvalAction":"Reject","comments":"","entityTag":"@body('Get_file_metadata_3')?['ETag']"},"authentication":"@parameters('$authentication')"}}},"runAfter":{"Get_file_metadata_3":["Succeeded"]},"else":{"actions":{"Set_content_approval_status_13":{"runAfter":{},"metadata":{"flowSystemMetadata":{"swaggerOperationId":"SetApprovalStatus"}},"type":"ApiConnection","inputs":{"host":{"connection":{"name":"@parameters('$connections')['shared_sharepointonline_1']['connectionId']"},"api":{"runtimeUrl":"https://europe-002.azure-apim.net/apim/sharepointonline"}},"method":"post","path":"/datasets/@{encodeURIComponent(encodeURIComponent('https://ronvanderhamdevelopment.sharepoint.com/sites/TestMdsSite'))}/tables/@{encodeURIComponent(encodeURIComponent('90ca83c7-6f10-4d10-ad9f-67cd4ba7b471'))}/items/@{encodeURIComponent(encodeURIComponent(variables('item id')))}/setapprovalstatus","queries":{"approvalAction":"Submit","comments":"","entityTag":"@body('Get_file_metadata_3')?['ETag']"},"authentication":"@parameters('$authentication')"}},"Set_content_approval_status_14":{"runAfter":{"Set_content_approval_status_13":["Succeeded"]},"metadata":{"flowSystemMetadata":{"swaggerOperationId":"SetApprovalStatus"}},"type":"ApiConnection","inputs":{"host":{"connection":{"name":"@parameters('$connections')['shared_sharepointonline_1']['connectionId']"},"api":{"runtimeUrl":"https://europe-002.azure-apim.net/apim/sharepointonline"}},"method":"post","path":"/datasets/@{encodeURIComponent(encodeURIComponent('https://ronvanderhamdevelopment.sharepoint.com/sites/TestMdsSite'))}/tables/@{encodeURIComponent(encodeURIComponent('90ca83c7-6f10-4d10-ad9f-67cd4ba7b471'))}/items/@{encodeURIComponent(encodeURIComponent(variables('item id')))}/setapprovalstatus","queries":{"approvalAction":"Approve","comments":"","entityTag":"@body('Get_file_metadata_3')?['ETag']"},"authentication":"@parameters('$authentication')"}}}},"expression":{"contains":["@body('Wait_for_an_approval')?['outcome']","Reject"]},"type":"If"}},"runAfter":{"CC_enabled_or_not":["Succeeded"]},"expression":{"equals":["@variables('Enable content approval')","@true"]},"type":"If"},"Due_date_remainder":{"actions":{"Apply_to_each_6":{"foreach":"@variables('approverslist')","actions":{"Create_item_2":{"runAfter":{},"metadata":{"flowSystemMetadata":{"swaggerOperationId":"PostItem"}},"type":"ApiConnection","inputs":{"host":{"connection":{"name":"@parameters('$connections')['shared_sharepointonline']['connectionId']"},"api":{"runtimeUrl":"https://europe-002.azure-apim.net/apim/sharepointonline"}},"method":"post","body":{"Title":"@body('Get_file_properties')?['Title']","ItemLink":"@body('Get_file_properties')?['{Link}']","Approver":"@{items('Apply_to_each_6')}","RequestedBy":"@variables('Requestor')","DueDate":"@variables('Duedate')","Status":{"Value":"InProgress"},"ApprovalLink":"@body('Create_an_approval')?['respondLink']"},"path":"/datasets/@{encodeURIComponent(encodeURIComponent('https://ronvanderhamdevelopment.sharepoint.com/sites/TestGlobalMds'))}/tables/@{encodeURIComponent(encodeURIComponent('fd5ab1ca-9a45-4a93-b39f-0e6d53748165'))}/items","authentication":"@parameters('$authentication')"}},"Append_to_array_variable_4":{"runAfter":{"Create_item_2":["Succeeded"]},"type":"AppendToArrayVariable","inputs":{"name":"Task list Id","value":"@body('Create_item_2')?['ID']"}}},"runAfter":{},"type":"Foreach"}},"runAfter":{"Create_an_approval":["Succeeded"]},"expression":{"not":{"equals":["@variables('Duedate')","None"]}},"type":"If"},"Due_date_remainder_updates":{"actions":{"Apply_to_each_-_updating_remainder_entry_for_each_2":{"foreach":"@variables('approverslist')","actions":{"Compose_3":{"runAfter":{},"type":"Compose","inputs":"@variables('Task list Id')[variables('Index no')]"},"Update_item_2":{"runAfter":{"Compose_3":["Succeeded"]},"metadata":{"flowSystemMetadata":{"swaggerOperationId":"PatchItem"}},"type":"ApiConnection","inputs":{"host":{"connection":{"name":"@parameters('$connections')['shared_sharepointonline']['connectionId']"},"api":{"runtimeUrl":"https://europe-002.azure-apim.net/apim/sharepointonline"}},"method":"patch","body":{"Title":"@body('Get_file_properties')?['Title']","Status":{"Value":"Completed"}},"path":"/datasets/@{encodeURIComponent(encodeURIComponent('https://ronvanderhamdevelopment.sharepoint.com/sites/TestGlobalMds'))}/tables/@{encodeURIComponent(encodeURIComponent('fd5ab1ca-9a45-4a93-b39f-0e6d53748165'))}/items/@{encodeURIComponent(outputs('Compose_3'))}","authentication":"@parameters('$authentication')"}},"Increment_variable":{"runAfter":{"Update_item_2":["Succeeded"]},"type":"IncrementVariable","inputs":{"name":"Index no","value":1}}},"runAfter":{},"type":"Foreach"}},"runAfter":{"Wait_for_an_approval":["Succeeded"]},"expression":{"not":{"equals":["@variables('Duedate')","None"]}},"type":"If"}},"runAfter":{"Due_Date_condition":["Succeeded"]},"else":{"actions":{"Create_HTML_table":{"runAfter":{"Do_until":["Succeeded"]},"type":"Table","inputs":{"from":"@variables('Mail response')","format":"HTML"}},"Compose":{"runAfter":{"Create_HTML_table":["Succeeded"]},"type":"Compose","inputs":"<style>\ntable {\n  width: 100%;\n  background-color: #FFFFFF;\n  border-collapse: collapse;\n  border-width: 2px;\n  border-color: #7EA8F8;\n  border-style: solid;\n  color: #000000;\n  text-align: left;\n}\n\ntable td, table th {\n  border-width: 2px;\n  border-color: #7EA8F8;\n  border-style: solid;\n  padding: 5px;\n}\n\ntable thead {\n  background-color: #DEDEDE;\n}\n</style>\n@{body('Create_HTML_table')}"},"Do_until":{"actions":{"Set_approval_done_variable_2":{"runAfter":{},"type":"SetVariable","inputs":{"name":"approvalDone","value":"@false"}},"Create_an_approval_3":{"runAfter":{"Set_approval_done_variable_2":["Succeeded"]},"metadata":{"flowSystemMetadata":{"swaggerOperationId":"CreateAnApproval"}},"type":"ApiConnection","inputs":{"host":{"connection":{"name":"@parameters('$connections')['shared_approvals']['connectionId']"},"api":{"runtimeUrl":"https://europe-002.azure-apim.net/apim/approvals"}},"method":"post","body":{"title":"Please approve: '@{body('Get_file_properties')?['{Name}']}'","assignedTo":"@{variables('approverslist')[variables('Array index no')]};","details":"The item '@{body('Get_file_properties')?['{Name}']}' is submitted for approval by  due by @{variables('Duedate')}.\n\nPlease review, and then approve or reject the request.","itemLink":"@body('Get_file_properties')?['{Link}']","enableNotifications":true,"enableReassignment":true},"path":"/types/@{encodeURIComponent('Basic')}","authentication":"@parameters('$authentication')"}},"Set_variable_9":{"runAfter":{"Condition_3":["Succeeded"]},"type":"SetVariable","inputs":{"name":"approvalRespondLink","value":"@body('Create_an_approval_3')?['respondLink']"}},"Wait_for_an_approval_3":{"runAfter":{"Set_variable_9":["Succeeded"]},"metadata":{"flowSystemMetadata":{"swaggerOperationId":"WaitForAnApproval"}},"type":"ApiConnectionWebhook","inputs":{"host":{"connection":{"name":"@parameters('$connections')['shared_approvals']['connectionId']"},"api":{"runtimeUrl":"https://europe-002.azure-apim.net/apim/approvals"}},"body":{"notificationUrl":"@{listCallbackUrl()}"},"path":"/approvals/@{encodeURIComponent(body('Create_an_approval_3')?['name'])}/subscriptions","authentication":"@parameters('$authentication')"}},"Set_variable_10":{"runAfter":{"Condition_6":["Succeeded"]},"type":"SetVariable","inputs":{"name":"approvalDone","value":"@true"}},"Select":{"runAfter":{"Set_variable_10":["Succeeded"]},"type":"Select","inputs":{"from":"@body('Wait_for_an_approval_3')?['responses']","select":{"Approver":"@item()?['responder']?['displayName']","Comments":"@if(empty(item()?['comments']), 'No comments', item()['comments'])","Response":"@item()?['approverResponse']"}}},"Apply_to_each_5":{"foreach":"@body('Select')","actions":{"Append_to_array_variable_3":{"runAfter":{},"type":"AppendToArrayVariable","inputs":{"name":"Mail response","value":"@item()"}}},"runAfter":{"Select":["Succeeded"]},"type":"Foreach"},"Condition_11":{"actions":{"Condition_27":{"actions":{"Day_condition_2":{"actions":{"Set_variable_11":{"runAfter":{},"type":"SetVariable","inputs":{"name":"Duedate","value":"@{addDays(utcNow(), variables('Duration per task'), 'yyyy-MM-dd')}"}}},"runAfter":{},"else":{"actions":{"Set_variable_12":{"runAfter":{},"type":"SetVariable","inputs":{"name":"Duedate","value":"@variables('tempdue')"}}}},"expression":{"less":["@addDays(utcNow(), variables('Duration per task'), 'yyyy-MM-dd')","@variables('tempdue')"]},"type":"If"}},"runAfter":{},"expression":{"not":{"equals":["@variables('Duration per task')",0]}},"type":"If"}},"runAfter":{"Apply_to_each_5":["Succeeded"]},"else":{"actions":{"Condition_13":{"actions":{"Set_variable_4":{"runAfter":{},"type":"SetVariable","inputs":{"name":"Duedate","value":"@{addDays(utcNow(), variables('Duration per task'), 'yyyy-MM-dd')}"}}},"runAfter":{},"else":{"actions":{"Set_variable_3":{"runAfter":{},"type":"SetVariable","inputs":{"name":"Duedate","value":"None"}}}},"expression":{"not":{"equals":["@variables('Duration per task')",0]}},"type":"If"}}},"expression":{"not":{"equals":["@variables('tempdue')",""]}},"type":"If"},"Condition_12":{"actions":{"Set_variable_13":{"runAfter":{},"type":"SetVariable","inputs":{"name":"check","value":"@true"}}},"runAfter":{"Condition_11":["Succeeded"]},"expression":{"equals":["@variables('approverslist')[variables('Array index no')]","@last(variables('approverslist'))"]},"type":"If"},"Increment_variable_2":{"runAfter":{"Condition_12":["Succeeded"]},"type":"IncrementVariable","inputs":{"name":"Array index no","value":1}},"Condition_6":{"actions":{"Condition_14":{"actions":{"Set_variable":{"runAfter":{},"type":"SetVariable","inputs":{"name":"check","value":"@true"}},"Set_variable_19":{"runAfter":{"Set_variable":["Succeeded"]},"type":"SetVariable","inputs":{"name":"outcome flag for End on first rrejection","value":"@true"}}},"runAfter":{},"expression":{"equals":["@body('Wait_for_an_approval_3')?['outcome']","Reject"]},"type":"If"}},"runAfter":{"Condition_26":["Succeeded"]},"expression":{"equals":["@variables('End of first rejection')","@true"]},"type":"If"},"Condition_21":{"actions":{"Condition_22":{"actions":{"Set_variable_16":{"runAfter":{},"type":"SetVariable","inputs":{"name":"content app flag","value":"@true"}}},"runAfter":{},"expression":{"equals":["@body('Wait_for_an_approval_3')?['outcome']","Reject"]},"type":"If"}},"runAfter":{"Increment_variable_2":["Succeeded"]},"expression":{"equals":["@variables('Enable content approval')","@true"]},"type":"If"},"Condition_3":{"actions":{"Create_item":{"runAfter":{},"metadata":{"flowSystemMetadata":{"swaggerOperationId":"PostItem"}},"type":"ApiConnection","inputs":{"host":{"connection":{"name":"@parameters('$connections')['shared_sharepointonline']['connectionId']"},"api":{"runtimeUrl":"https://europe-002.azure-apim.net/apim/sharepointonline"}},"method":"post","body":{"Title":"@body('Get_file_properties')?['Title']","ItemLink":"@body('Get_file_properties')?['{Link}']","Approver":"@{variables('approverslist')[variables('Array index no')]}","RequestedBy":"@variables('Requestor')","DueDate":"@variables('Duedate')","Status":{"Value":"InProgress"},"ApprovalLink":"@body('Create_an_approval_3')?['respondLink']"},"path":"/datasets/@{encodeURIComponent(encodeURIComponent('https://ronvanderhamdevelopment.sharepoint.com/sites/TestGlobalMds'))}/tables/@{encodeURIComponent(encodeURIComponent('fd5ab1ca-9a45-4a93-b39f-0e6d53748165'))}/items","authentication":"@parameters('$authentication')"}}},"runAfter":{"Create_an_approval_3":["Succeeded"]},"expression":{"not":{"equals":["@variables('Duedate')","None"]}},"type":"If"},"Condition_26":{"actions":{"Update_item":{"runAfter":{},"metadata":{"flowSystemMetadata":{"swaggerOperationId":"PatchItem"}},"type":"ApiConnection","inputs":{"host":{"connection":{"name":"@parameters('$connections')['shared_sharepointonline']['connectionId']"},"api":{"runtimeUrl":"https://europe-002.azure-apim.net/apim/sharepointonline"}},"method":"patch","body":{"Title":"@body('Get_file_properties')?['Title']","Status":{"Value":"Completed"}},"path":"/datasets/@{encodeURIComponent(encodeURIComponent('https://ronvanderhamdevelopment.sharepoint.com/sites/TestGlobalMds'))}/tables/@{encodeURIComponent(encodeURIComponent('fd5ab1ca-9a45-4a93-b39f-0e6d53748165'))}/items/@{encodeURIComponent(body('Create_item')?['ID'])}","authentication":"@parameters('$authentication')"}}},"runAfter":{"Wait_for_an_approval_3":["Succeeded"]},"expression":{"not":{"equals":["@variables('Duedate')","None"]}},"type":"If"}},"runAfter":{},"expression":"@equals(variables('check'), true)","limit":{"count":60,"timeout":"PT720H"},"type":"Until"},"Sending_Mail_to_requestor_condition":{"actions":{"Terminate":{"runAfter":{"Check_Content_approval":["Succeeded"]},"type":"Terminate","inputs":{"runStatus":"Succeeded"}},"Check_CC_or_not":{"actions":{"Send_an_email_(V2)_2":{"runAfter":{},"metadata":{"flowSystemMetadata":{"swaggerOperationId":"SendEmailV2"}},"type":"ApiConnection","inputs":{"host":{"connection":{"name":"@parameters('$connections')['shared_office365']['connectionId']"},"api":{"runtimeUrl":"https://europe-002.azure-apim.net/apim/office365"}},"method":"post","body":{"To":"@variables('Requestor')","Subject":"Approval First on Rejection","Body":"<p>Your request for '@{body('Get_file_properties')?['{Name}']}' has been completed.<br>\n<br>\nApproval details below:<br>\n<br>\n@{outputs('Compose')}</p>","Cc":"@variables('cc')"},"path":"/v2/Mail","authentication":"@parameters('$authentication')"}}},"runAfter":{},"else":{"actions":{"Send_an_email_(V2)_7":{"runAfter":{},"metadata":{"flowSystemMetadata":{"swaggerOperationId":"SendEmailV2"}},"type":"ApiConnection","inputs":{"host":{"connection":{"name":"@parameters('$connections')['shared_office365']['connectionId']"},"api":{"runtimeUrl":"https://europe-002.azure-apim.net/apim/office365"}},"method":"post","body":{"To":"@variables('Requestor')","Subject":"Approval First on Rejection","Body":"<p>Your request for '@{body('Get_file_properties')?['{Name}']}' has been completed.<br>\n<br>\nApproval details below:<br>\n<br>\n@{outputs('Compose')}</p>"},"path":"/v2/Mail","authentication":"@parameters('$authentication')"}}}},"expression":{"not":{"equals":["@variables('cc')",""]}},"type":"If"},"Check_Content_approval":{"actions":{"Get_file_metadata":{"runAfter":{},"metadata":{"flowSystemMetadata":{"swaggerOperationId":"GetFileMetadata"}},"type":"ApiConnection","inputs":{"host":{"connection":{"name":"@parameters('$connections')['shared_sharepointonline']['connectionId']"},"api":{"runtimeUrl":"https://europe-002.azure-apim.net/apim/sharepointonline"}},"method":"get","path":"/datasets/@{encodeURIComponent(encodeURIComponent('https://ronvanderhamdevelopment.sharepoint.com/sites/TestMdsSite'))}/files/@{encodeURIComponent(body('Get_file_properties')?['{Identifier}'])}","authentication":"@parameters('$authentication')"}},"Condition_24":{"actions":{"Set_content_approval_status":{"runAfter":{},"metadata":{"flowSystemMetadata":{"swaggerOperationId":"SetApprovalStatus"}},"type":"ApiConnection","inputs":{"host":{"connection":{"name":"@parameters('$connections')['shared_sharepointonline_1']['connectionId']"},"api":{"runtimeUrl":"https://europe-002.azure-apim.net/apim/sharepointonline"}},"method":"post","path":"/datasets/@{encodeURIComponent(encodeURIComponent('https://ronvanderhamdevelopment.sharepoint.com/sites/TestMdsSite'))}/tables/@{encodeURIComponent(encodeURIComponent('90ca83c7-6f10-4d10-ad9f-67cd4ba7b471'))}/items/@{encodeURIComponent(encodeURIComponent(variables('item id')))}/setapprovalstatus","queries":{"approvalAction":"Submit","comments":"","entityTag":"@body('Get_file_metadata')?['ETag']"},"authentication":"@parameters('$authentication')"}},"Set_content_approval_status_7":{"runAfter":{"Set_content_approval_status":["Succeeded"]},"metadata":{"flowSystemMetadata":{"swaggerOperationId":"SetApprovalStatus"}},"type":"ApiConnection","inputs":{"host":{"connection":{"name":"@parameters('$connections')['shared_sharepointonline_1']['connectionId']"},"api":{"runtimeUrl":"https://europe-002.azure-apim.net/apim/sharepointonline"}},"method":"post","path":"/datasets/@{encodeURIComponent(encodeURIComponent('https://ronvanderhamdevelopment.sharepoint.com/sites/TestMdsSite'))}/tables/@{encodeURIComponent(encodeURIComponent('90ca83c7-6f10-4d10-ad9f-67cd4ba7b471'))}/items/@{encodeURIComponent(encodeURIComponent(variables('item id')))}/setapprovalstatus","queries":{"approvalAction":"Reject","comments":"","entityTag":"@body('Get_file_metadata')?['ETag']"},"authentication":"@parameters('$authentication')"}}},"runAfter":{"Get_file_metadata":["Succeeded"]},"else":{"actions":{"Set_content_approval_status_2":{"runAfter":{},"metadata":{"flowSystemMetadata":{"swaggerOperationId":"SetApprovalStatus"}},"type":"ApiConnection","inputs":{"host":{"connection":{"name":"@parameters('$connections')['shared_sharepointonline_1']['connectionId']"},"api":{"runtimeUrl":"https://europe-002.azure-apim.net/apim/sharepointonline"}},"method":"post","path":"/datasets/@{encodeURIComponent(encodeURIComponent('https://ronvanderhamdevelopment.sharepoint.com/sites/TestMdsSite'))}/tables/@{encodeURIComponent(encodeURIComponent('90ca83c7-6f10-4d10-ad9f-67cd4ba7b471'))}/items/@{encodeURIComponent(encodeURIComponent(variables('item id')))}/setapprovalstatus","queries":{"approvalAction":"Submit","comments":"","entityTag":"@body('Get_file_metadata')?['ETag']"},"authentication":"@parameters('$authentication')"}},"Set_content_approval_status_8":{"runAfter":{"Set_content_approval_status_2":["Succeeded"]},"metadata":{"flowSystemMetadata":{"swaggerOperationId":"SetApprovalStatus"}},"type":"ApiConnection","inputs":{"host":{"connection":{"name":"@parameters('$connections')['shared_sharepointonline_1']['connectionId']"},"api":{"runtimeUrl":"https://europe-002.azure-apim.net/apim/sharepointonline"}},"method":"post","path":"/datasets/@{encodeURIComponent(encodeURIComponent('https://ronvanderhamdevelopment.sharepoint.com/sites/TestMdsSite'))}/tables/@{encodeURIComponent(encodeURIComponent('90ca83c7-6f10-4d10-ad9f-67cd4ba7b471'))}/items/@{encodeURIComponent(encodeURIComponent(variables('item id')))}/setapprovalstatus","queries":{"approvalAction":"Approve","comments":"","entityTag":"@body('Get_file_metadata')?['ETag']"},"authentication":"@parameters('$authentication')"}}}},"expression":{"equals":["@variables('content app flag')","@true"]},"type":"If"}},"runAfter":{"Check_CC_or_not":["Succeeded"]},"expression":{"equals":["@variables('Enable content approval')","@true"]},"type":"If"}},"runAfter":{"Compose":["Succeeded"]},"else":{"actions":{"Check_cc":{"actions":{"Send_an_email_(V2)_8":{"runAfter":{},"metadata":{"flowSystemMetadata":{"swaggerOperationId":"SendEmailV2"}},"type":"ApiConnection","inputs":{"host":{"connection":{"name":"@parameters('$connections')['shared_office365']['connectionId']"},"api":{"runtimeUrl":"https://europe-002.azure-apim.net/apim/office365"}},"method":"post","body":{"To":"@variables('Requestor')","Subject":"Approval Completed","Body":"<p>Your request for '@{body('Get_file_properties')?['{Name}']}' has been completed.<br>\n<br>\nApproval details below:<br>\n<br>\n@{outputs('Compose')}</p>","Cc":"@variables('cc')"},"path":"/v2/Mail","authentication":"@parameters('$authentication')"}}},"runAfter":{},"else":{"actions":{"Send_an_email_(V2)_9":{"runAfter":{},"metadata":{"flowSystemMetadata":{"swaggerOperationId":"SendEmailV2"}},"type":"ApiConnection","inputs":{"host":{"connection":{"name":"@parameters('$connections')['shared_office365']['connectionId']"},"api":{"runtimeUrl":"https://europe-002.azure-apim.net/apim/office365"}},"method":"post","body":{"To":"@variables('Requestor')","Subject":"Approval Completed","Body":"<p>Your request for '@{body('Get_file_properties')?['{Name}']}' has been completed.<br>\n<br>\nApproval details below:<br>\n<br>\n@{outputs('Compose')}</p>"},"path":"/v2/Mail","authentication":"@parameters('$authentication')"}}}},"expression":{"not":{"equals":["@variables('cc')",""]}},"type":"If"},"Checking_content_approval":{"actions":{"Get_file_metadata_2":{"runAfter":{},"metadata":{"flowSystemMetadata":{"swaggerOperationId":"GetFileMetadata"}},"type":"ApiConnection","inputs":{"host":{"connection":{"name":"@parameters('$connections')['shared_sharepointonline']['connectionId']"},"api":{"runtimeUrl":"https://europe-002.azure-apim.net/apim/sharepointonline"}},"method":"get","path":"/datasets/@{encodeURIComponent(encodeURIComponent('https://ronvanderhamdevelopment.sharepoint.com/sites/TestMdsSite'))}/files/@{encodeURIComponent(body('Get_file_properties')?['{Identifier}'])}","authentication":"@parameters('$authentication')"}},"Condition_16":{"actions":{"Set_content_approval_status_9":{"runAfter":{},"metadata":{"flowSystemMetadata":{"swaggerOperationId":"SetApprovalStatus"}},"type":"ApiConnection","inputs":{"host":{"connection":{"name":"@parameters('$connections')['shared_sharepointonline_1']['connectionId']"},"api":{"runtimeUrl":"https://europe-002.azure-apim.net/apim/sharepointonline"}},"method":"post","path":"/datasets/@{encodeURIComponent(encodeURIComponent('https://ronvanderhamdevelopment.sharepoint.com/sites/TestMdsSite'))}/tables/@{encodeURIComponent(encodeURIComponent('90ca83c7-6f10-4d10-ad9f-67cd4ba7b471'))}/items/@{encodeURIComponent(encodeURIComponent(variables('item id')))}/setapprovalstatus","queries":{"approvalAction":"Submit","comments":"","entityTag":"@body('Get_file_metadata_2')?['ETag']"},"authentication":"@parameters('$authentication')"}},"Set_content_approval_status_10":{"runAfter":{"Set_content_approval_status_9":["Succeeded"]},"metadata":{"flowSystemMetadata":{"swaggerOperationId":"SetApprovalStatus"}},"type":"ApiConnection","inputs":{"host":{"connection":{"name":"@parameters('$connections')['shared_sharepointonline_1']['connectionId']"},"api":{"runtimeUrl":"https://europe-002.azure-apim.net/apim/sharepointonline"}},"method":"post","path":"/datasets/@{encodeURIComponent(encodeURIComponent('https://ronvanderhamdevelopment.sharepoint.com/sites/TestMdsSite'))}/tables/@{encodeURIComponent(encodeURIComponent('90ca83c7-6f10-4d10-ad9f-67cd4ba7b471'))}/items/@{encodeURIComponent(encodeURIComponent(variables('item id')))}/setapprovalstatus","queries":{"approvalAction":"Reject","comments":"","entityTag":"@body('Get_file_metadata_2')?['ETag']"},"authentication":"@parameters('$authentication')"}}},"runAfter":{"Get_file_metadata_2":["Succeeded"]},"else":{"actions":{"Set_content_approval_status_11":{"runAfter":{},"metadata":{"flowSystemMetadata":{"swaggerOperationId":"SetApprovalStatus"}},"type":"ApiConnection","inputs":{"host":{"connection":{"name":"@parameters('$connections')['shared_sharepointonline_1']['connectionId']"},"api":{"runtimeUrl":"https://europe-002.azure-apim.net/apim/sharepointonline"}},"method":"post","path":"/datasets/@{encodeURIComponent(encodeURIComponent('https://ronvanderhamdevelopment.sharepoint.com/sites/TestMdsSite'))}/tables/@{encodeURIComponent(encodeURIComponent('90ca83c7-6f10-4d10-ad9f-67cd4ba7b471'))}/items/@{encodeURIComponent(encodeURIComponent(variables('item id')))}/setapprovalstatus","queries":{"approvalAction":"Submit","comments":"","entityTag":"@body('Get_file_metadata_2')?['ETag']"},"authentication":"@parameters('$authentication')"}},"Set_content_approval_status_12":{"runAfter":{"Set_content_approval_status_11":["Succeeded"]},"metadata":{"flowSystemMetadata":{"swaggerOperationId":"SetApprovalStatus"}},"type":"ApiConnection","inputs":{"host":{"connection":{"name":"@parameters('$connections')['shared_sharepointonline_1']['connectionId']"},"api":{"runtimeUrl":"https://europe-002.azure-apim.net/apim/sharepointonline"}},"method":"post","path":"/datasets/@{encodeURIComponent(encodeURIComponent('https://ronvanderhamdevelopment.sharepoint.com/sites/TestMdsSite'))}/tables/@{encodeURIComponent(encodeURIComponent('90ca83c7-6f10-4d10-ad9f-67cd4ba7b471'))}/items/@{encodeURIComponent(encodeURIComponent(variables('item id')))}/setapprovalstatus","queries":{"approvalAction":"Approve","comments":"","entityTag":"@body('Get_file_metadata_2')?['ETag']"},"authentication":"@parameters('$authentication')"}}}},"expression":{"equals":["@variables('content app flag')","@true"]},"type":"If"}},"runAfter":{"Check_cc":["Succeeded"]},"expression":{"equals":["@variables('Enable content approval')","@true"]},"type":"If"}}},"expression":{"and":[{"equals":["@variables('End of first rejection')","@true"]},{"equals":["@variables('outcome flag for End on first rrejection')","@true"]}]},"type":"If"}}},"expression":{"equals":["@variables('order')","All at once (Parellel)"]},"type":"If"},"Due_Date_condition":{"actions":{"Duration_per_task_is_0_or_other_value":{"actions":{"Set_variable_6":{"runAfter":{},"type":"SetVariable","inputs":{"name":"Duedate","value":"@{addDays(utcNow(), variables('Duration per task'), 'yyyy-MM-dd')}"}}},"runAfter":{},"else":{"actions":{"Set_variable_7":{"runAfter":{},"type":"SetVariable","inputs":{"name":"Duedate","value":"None"}}}},"expression":{"not":{"equals":["@variables('Duration per task')",0]}},"type":"If"}},"runAfter":{"Initialize_outcome_flag_for_End_on_first_rrejection_variable":["Succeeded"]},"else":{"actions":{"Duration_per_task_is_0_or_not":{"actions":{"Day_condition":{"actions":{"Set_variable_2":{"runAfter":{},"type":"SetVariable","inputs":{"name":"Duedate","value":"@{addDays(utcNow(),variables('Duration per task'),'yyyy-MM-dd')}"}}},"runAfter":{},"else":{"actions":{"Set_variable_5":{"runAfter":{},"type":"SetVariable","inputs":{"name":"Duedate","value":"@variables('tempdue')"}}}},"expression":{"less":["@addDays(utcNow(),variables('Duration per task'),'yyyy-MM-dd')","@variables('Duedate')"]},"type":"If"}},"runAfter":{},"expression":{"not":{"equals":["@variables('Duration per task')",0]}},"type":"If"}}},"expression":{"equals":["@variables('Duedate')",""]},"type":"If"},"Initialize_approval_respond_link_variable":{"runAfter":{"Check_whether_assignee_is_group_or_not":["Succeeded"]},"type":"InitializeVariable","inputs":{"variables":[{"name":"approvalRespondLink","type":"string"}]}},"Initialize_Mail_response_for_serial":{"runAfter":{"Initialize_approval_respond_link_variable":["Succeeded"]},"type":"InitializeVariable","inputs":{"variables":[{"name":"Mail response","type":"array"}]}},"Initialize_Duration_per_task_variable":{"runAfter":{"Initialize_due_date_in_format_only_(yyyy-MM-dd)":["Succeeded"]},"type":"InitializeVariable","inputs":{"variables":[{"name":"Duration per task","type":"integer","value":2}]}},"Initialize_Task_list_array_variable":{"runAfter":{"Initialize_Mail_response_for_serial":["Succeeded"]},"type":"InitializeVariable","inputs":{"variables":[{"name":"Task list Id","type":"array"}]}},"Initialize_variable":{"runAfter":{"Initialize_Task_list_array_variable":["Succeeded"]},"type":"InitializeVariable","inputs":{"variables":[{"name":"Index no","type":"integer","value":0}]}},"Initialize_Array_index_for_serial_in_do_until_variable_":{"runAfter":{"Initialize_variable":["Succeeded"]},"type":"InitializeVariable","inputs":{"variables":[{"name":"Array index no","type":"integer","value":0}]}},"Initialize_check_variable__for_do_until_loop_in_serial":{"runAfter":{"Initialize_Array_index_for_serial_in_do_until_variable_":["Succeeded"]},"type":"InitializeVariable","inputs":{"variables":[{"name":"check","type":"boolean","value":"@false"}]}},"Initialize_temp_due_dat_variable_":{"runAfter":{"Initialize_check_variable__for_do_until_loop_in_serial":["Succeeded"]},"type":"InitializeVariable","inputs":{"variables":[{"name":"tempdue","type":"string","value":"@variables('Duedate')"}]}},"check_flow_on_edit_Condition__":{"actions":{"Update_file_properties":{"runAfter":{},"metadata":{"flowSystemMetadata":{"swaggerOperationId":"PatchFileItem"}},"type":"ApiConnection","inputs":{"host":{"connection":{"name":"@parameters('$connections')['shared_sharepointonline_1']['connectionId']"},"api":{"runtimeUrl":"https://europe-002.azure-apim.net/apim/sharepointonline"}},"method":"patch","body":{"Environment_x0020_ID":"@{workflow()?['tags']['environmentName']}","Flow_x0020_ID":"@{workflow()?['name']}","Instance_x0020_ID":"@{workflow()?['run']['name']}","Cancel":false},"path":"/datasets/@{encodeURIComponent(encodeURIComponent('https://ronvanderhamdevelopment.sharepoint.com/sites/TestMdsSite'))}/tables/@{encodeURIComponent(encodeURIComponent('90ca83c7-6f10-4d10-ad9f-67cd4ba7b471'))}/items/@{encodeURIComponent(body('Get_file_properties')?['ID'])}/patchfileitem","authentication":"@parameters('$authentication')"}}},"runAfter":{"Initialize_Enable_content_approval_variable_":["Succeeded"]},"expression":{"equals":["@variables('End flow on edit')","@true"]},"type":"If"},"Check_whether_assignee_is_group_or_not":{"actions":{"Check_whether_group_is_SP_group_or_O365_group":{"actions":{"getgroupDetails":{"runAfter":{},"metadata":{"flowSystemMetadata":{"swaggerOperationId":"getgroupDetails"}},"type":"ApiConnection","inputs":{"host":{"connection":{"name":"@parameters('$connections')['shared_testgroupmember-5f94d32d166053e5df-5f77ca1c62a90586bd']['connectionId']"},"api":{"runtimeUrl":"https://europe-002.azure-apim.net/apim/testgroupmember-5f94d32d166053e5df-5f77ca1c62a90586bd"}},"method":"get","path":"/v1.0/groups","queries":{"$filter":"mail eq '@{variables('Assignee members')}'"},"authentication":"@parameters('$authentication')"}},"Parse_JSON":{"runAfter":{"getgroupDetails":["Succeeded"]},"type":"ParseJson","inputs":{"content":"@body('getgroupDetails')","schema":{"type":"object","properties":{"@@odata.context":{"type":"string"},"value":{"type":"array","items":{"type":"object","properties":{"id":{"type":"string"},"displayName":{"type":"string"},"mail":{"type":"string"}},"required":["id","displayName","mail"]}}}}}},"Apply_to_each":{"foreach":"@body('Parse_JSON')?['value']","actions":{"getgroupmembers":{"runAfter":{},"metadata":{"flowSystemMetadata":{"swaggerOperationId":"getgroupmembers"}},"type":"ApiConnection","inputs":{"host":{"connection":{"name":"@parameters('$connections')['shared_testgroupmember-5f94d32d166053e5df-5f77ca1c62a90586bd']['connectionId']"},"api":{"runtimeUrl":"https://europe-002.azure-apim.net/apim/testgroupmember-5f94d32d166053e5df-5f77ca1c62a90586bd"}},"method":"get","path":"/v1.0/groups/@{encodeURIComponent(items('Apply_to_each')?['id'])}/members","authentication":"@parameters('$authentication')"}},"Parse_JSON_2":{"runAfter":{"getgroupmembers":["Succeeded"]},"type":"ParseJson","inputs":{"content":"@body('getgroupmembers')","schema":{"type":"object","properties":{"@@odata.context":{"type":"string"},"value":{"type":"array","items":{"type":"object","properties":{"@@odata.type":{"type":"string"},"id":{"type":"string"},"displayName":{"type":"string"},"mail":{"type":"string"}},"required":["@@odata.type","id","displayName","mail"]}}}}}},"Apply_to_each_2":{"foreach":"@body('Parse_JSON_2')?['value']","actions":{"Append_to_array_variable":{"runAfter":{},"type":"AppendToArrayVariable","inputs":{"name":"approverslist","value":"@items('Apply_to_each_2')?['mail']"}},"Append_to_string_variable":{"runAfter":{"Set_variable_18":["Succeeded"]},"type":"AppendToStringVariable","inputs":{"name":"approversListtemp","value":"@concat(concat(variables('Approver parel temp'),';'),variables('Approver parel temp1'))"}},"Set_variable_17":{"runAfter":{"Append_to_array_variable":["Succeeded"]},"type":"SetVariable","inputs":{"name":"Approver parel temp","value":"@items('Apply_to_each_2')?['mail']"}},"Set_variable_18":{"runAfter":{"Set_variable_17":["Succeeded"]},"type":"SetVariable","inputs":{"name":"Approver parel temp1","value":"@variables('approversListtemp')"}}},"runAfter":{"Parse_JSON_2":["Succeeded"]},"type":"Foreach"}},"runAfter":{"Parse_JSON":["Succeeded"]},"type":"Foreach"}},"runAfter":{},"else":{"actions":{"Send_an_HTTP_request_to_SharePoint":{"runAfter":{},"metadata":{"flowSystemMetadata":{"swaggerOperationId":"HttpRequest"}},"type":"ApiConnection","inputs":{"host":{"connection":{"name":"@parameters('$connections')['shared_sharepointonline_1']['connectionId']"},"api":{"runtimeUrl":"https://europe-002.azure-apim.net/apim/sharepointonline"}},"method":"post","body":{"method":"GET","uri":"_api/web/sitegroups/getbyname('@{variables('sharepoint group')}')/users","headers":{"Accept":"application/json;odata=verbose"}},"path":"/datasets/@{encodeURIComponent(encodeURIComponent('https://ronvanderhamdevelopment.sharepoint.com/sites/TestMdsSite'))}/httprequest","authentication":"@parameters('$authentication')"}},"Apply_to_each_4":{"foreach":"@body('Send_an_HTTP_request_to_SharePoint')['d']['results']","actions":{"Condition_9":{"actions":{"Append_to_string_variable_2":{"runAfter":{},"type":"AppendToStringVariable","inputs":{"name":"approversListtemp","value":"@{items('Apply_to_each_4')?['Email']};"}},"Append_to_array_variable_2":{"runAfter":{"Append_to_string_variable_2":["Succeeded"]},"type":"AppendToArrayVariable","inputs":{"name":"approverslist","value":"@items('Apply_to_each_4')?['Email']"}}},"runAfter":{},"expression":{"and":[{"equals":["@items('Apply_to_each_4')?['principalType']",1]},{"not":{"equals":["@items('Apply_to_each_4')?['Email']",""]}}]},"type":"If"}},"runAfter":{"Send_an_HTTP_request_to_SharePoint":["Succeeded"]},"type":"Foreach"}}},"expression":{"equals":["@variables('sharepoint group')",""]},"type":"If"}},"runAfter":{"Initialize_variable_4":["Succeeded"]},"else":{"actions":{"Set_variable_8":{"runAfter":{},"type":"SetVariable","inputs":{"name":"approversListtemp","value":"@variables('Assignee members')"}},"Set_variable_14":{"runAfter":{"Set_variable_8":["Succeeded"]},"type":"SetVariable","inputs":{"name":"approverslist","value":"@split(variables('approversListtemp'),';')"}}}},"expression":{"equals":["@variables('assign group')","@true"]},"type":"If"},"Initialize_content_approval_flag_variable_":{"runAfter":{"Initialize_temp_due_dat_variable_":["Succeeded"]},"type":"InitializeVariable","inputs":{"variables":[{"name":"content app flag","type":"boolean","value":"@false"}]}},"Initialize_variable_3":{"runAfter":{"Initialize_approvers_list_variable":["Succeeded"]},"type":"InitializeVariable","inputs":{"variables":[{"name":"Approver parel temp","type":"string"}]}},"Initialize_variable_4":{"runAfter":{"Initialize_variable_3":["Succeeded"]},"type":"InitializeVariable","inputs":{"variables":[{"name":"Approver parel temp1","type":"string"}]}},"Initialize_outcome_flag_for_End_on_first_rrejection_variable":{"runAfter":{"Initialize_content_approval_flag_variable_":["Succeeded"]},"type":"InitializeVariable","inputs":{"variables":[{"name":"outcome flag for End on first rrejection","type":"boolean","value":"@false"}]}},"Apply_to_each_3":{"foreach":"@triggerBody()?['value']","actions":{"Set_variable_20":{"runAfter":{},"type":"SetVariable","inputs":{"name":"item id","value":"@items('Apply_to_each_3')?['ID']"}}},"runAfter":{"Initialize_item_id_variable":["Succeeded"]},"type":"Foreach"},"Initialize_item_id_variable":{"runAfter":{},"type":"InitializeVariable","inputs":{"variables":[{"name":"item id","type":"integer"}]}},"Initialize_End_flow_on_edit_variable_":{"runAfter":{"Initialize_Instance_ID_variable":["Succeeded"]},"type":"InitializeVariable","inputs":{"variables":[{"name":"End flow on edit","type":"boolean","value":"@false"}]}},"Initialize_assign_group_variable_":{"runAfter":{"Initialize_End_flow_on_edit_variable_":["Succeeded"]},"type":"InitializeVariable","inputs":{"variables":[{"name":"assign group","type":"boolean","value":"@false"}]}},"Initialize_CC_variable_":{"runAfter":{"Initialize_assign_group_variable_":["Succeeded"]},"type":"InitializeVariable","inputs":{"variables":[{"name":"cc","type":"string","value":"butters@ronvanderhamdevelopment.onmicrosoft.com"}]}},"Initialize_order_variable_All_at_once_(Parellel)_or_One_at_a_time_(Serial)":{"runAfter":{"Initialize_sharepoint_group_variable_if_applicable":["Succeeded"]},"type":"InitializeVariable","inputs":{"variables":[{"name":"order","type":"string","value":"Serial"}]}},"Initialize_due_date_in_format_only_(yyyy-MM-dd)":{"runAfter":{"Initialize_order_variable_All_at_once_(Parellel)_or_One_at_a_time_(Serial)":["Succeeded"]},"type":"InitializeVariable","inputs":{"variables":[{"name":"Duedate","type":"string","value":"2021-05-19"}]}},"Initialize_End_of_first_rejection_variable_":{"runAfter":{"Initialize_Duration_per_task_variable":["Succeeded"]},"type":"InitializeVariable","inputs":{"variables":[{"name":"End of first rejection","type":"boolean","value":"@true"}]}},"Initialize_Enable_content_approval_variable_":{"runAfter":{"Initialize_End_of_first_rejection_variable_":["Succeeded"]},"type":"InitializeVariable","inputs":{"variables":[{"name":"Enable content approval","type":"boolean","value":"@false"}]}},"Initialize_Assignee_variable_separeated_by_;_not_to_mention_;_at_last_":{"runAfter":{"Initialize_CC_variable_":["Succeeded"]},"type":"InitializeVariable","inputs":{"variables":[{"name":"Assignee members","type":"string","value":"stan@ronvanderhamdevelopment.onmicrosoft.com"}]}},"Initialize_sharepoint_group_variable_if_applicable":{"runAfter":{"Initialize_Assignee_variable_separeated_by_;_not_to_mention_;_at_last_":["Succeeded"]},"type":"InitializeVariable","inputs":{"variables":[{"name":"sharepoint group","type":"string"}]}},"Get_file_properties":{"runAfter":{"Apply_to_each_3":["Succeeded"]},"metadata":{"flowSystemMetadata":{"swaggerOperationId":"GetFileItem"}},"type":"ApiConnection","inputs":{"host":{"connection":{"name":"@parameters('$connections')['shared_sharepointonline_1']['connectionId']"},"api":{"runtimeUrl":"https://europe-002.azure-apim.net/apim/sharepointonline"}},"method":"get","path":"/datasets/@{encodeURIComponent(encodeURIComponent('https://ronvanderhamdevelopment.sharepoint.com/sites/TestMdsSite'))}/tables/@{encodeURIComponent(encodeURIComponent('90ca83c7-6f10-4d10-ad9f-67cd4ba7b471'))}/items/@{encodeURIComponent(variables('item id'))}/getfileitem","authentication":"@parameters('$authentication')"}},"Initialize_Environment_ID_variable_":{"runAfter":{"Initialize_Requestor_mail_address":["Succeeded"]},"type":"InitializeVariable","inputs":{"variables":[{"name":"Environment ID","type":"string","value":"@{workflow()?['run']['name']}"}]}},"Initialize_Flow_ID_variable_":{"runAfter":{"Initialize_Environment_ID_variable_":["Succeeded"]},"type":"InitializeVariable","inputs":{"variables":[{"name":"Flow ID","type":"string","value":"@{workflow()?['name']}"}]}},"Initialize_Instance_ID_variable":{"runAfter":{"Initialize_Flow_ID_variable_":["Succeeded"]},"type":"InitializeVariable","inputs":{"variables":[{"name":"Instance ID","type":"string","value":"@{workflow()?['run']['name']}"}]}},"Initialize_Requestor_mail_address":{"runAfter":{"Get_file_properties":["Succeeded"]},"type":"InitializeVariable","inputs":{"variables":[{"name":"Requestor","type":"string","value":"@body('Get_file_properties')?['Author']?['Email']"}]}}},"description":"Request approval (first to respond) for a selected item in a SharePoint list, along with approval reminder options."},"connectionReferences":{"shared_approvals":{"connectionName":"shared-approvals-612f7c58-6327-4e75-96d3-7be6-bb71214e","source":"Embedded","id":"/providers/Microsoft.PowerApps/apis/shared_approvals","tier":"NotSpecified"},"shared_office365":{"connectionName":"shared-office365-1291e008-6065-4415-b008-7225-cf47f4d8","source":"Embedded","id":"/providers/Microsoft.PowerApps/apis/shared_office365","tier":"NotSpecified"},"shared_sharepointonline":{"connectionName":"07d288303cee4e01a7c71fc5c78b6d27","source":"Embedded","id":"/providers/Microsoft.PowerApps/apis/shared_sharepointonline","tier":"NotSpecified"},"shared_sharepointonline_1":{"connectionName":"152e4079f7864a4fba3e14407c73fed1","source":"Embedded","id":"/providers/Microsoft.PowerApps/apis/shared_sharepointonline","tier":"NotSpecified"},"shared_testgroupmember-5f94d32d166053e5df-5f77ca1c62a90586bd":{"connectionName":"59819199-6dd8-448e-a77e-3f44-7b219e77","source":"Embedded","id":"/providers/Microsoft.PowerApps/apis/shared_testgroupmember-5f94d32d166053e5df-5f77ca1c62a90586bd","tier":"NotSpecified"}},"flowFailureAlertSubscribed":false}}